local_date,location_id,quality,snapshot_id,source_value,valid_at,value,value_id
2026-06-08,hanoi,accepted,87e79956-ef58-4cad-9165-455f88055a80,22.0,2026-06-08T00:00:00+00:00,22.0,39961
2026-06-08,hanoi,accepted,87e79956-ef58-4cad-9165-455f88055a80,23.4,2026-06-08T01:00:00+00:00,23.4,39962
2026-06-08,hanoi,accepted,87e79956-ef58-4cad-9165-455f88055a80,15.4,2026-06-08T02:00:00+00:00,15.4,39963
2026-06-08,hanoi,accepted,87e79956-ef58-4cad-9165-455f88055a80,14.9,2026-06-08T03:00:00+00:00,14.9,39964
2026-06-08,hanoi,accepted,87e79956-ef58-4cad-9165-455f88055a80,14.2,2026-06-08T04:00:00+00:00,14.2,39965
2026-06-08,hanoi,accepted,87e79956-ef58-4cad-9165-455f88055a80,14.5,2026-06-08T05:00:00+00:00,14.5,39966
2026-06-08,hanoi,accepted,87e79956-ef58-4cad-9165-455f88055a80,15.0,2026-06-08T06:00:00+00:00,15.0,39967
2026-06-08,hanoi,accepted,87e79956-ef58-4cad-9165-455f88055a80,14.1,2026-06-08T07:00:00+00:00,14.1,39968
2026-06-08,hanoi,accepted,87e79956-ef58-4cad-9165-455f88055a80,12.7,2026-06-08T08:00:00+00:00,12.7,39969
2026-06-08,hanoi,accepted,87e79956-ef58-4cad-9165-455f88055a80,13.0,2026-06-08T09:00:00+00:00,13.0,39970
2026-06-08,hanoi,accepted,87e79956-ef58-4cad-9165-455f88055a80,14.7,2026-06-08T10:00:00+00:00,14.7,39971
2026-06-08,hanoi,accepted,87e79956-ef58-4cad-9165-455f88055a80,22.0,2026-06-08T11:00:00+00:00,22.0,39972
2026-06-08,hanoi,accepted,87e79956-ef58-4cad-9165-455f88055a80,38.5,2026-06-08T12:00:00+00:00,38.5,39973
2026-06-08,hanoi,accepted,87e79956-ef58-4cad-9165-455f88055a80,39.7,2026-06-08T13:00:00+00:00,39.7,39974
2026-06-08,hanoi,accepted,87e79956-ef58-4cad-9165-455f88055a80,31.1,2026-06-08T14:00:00+00:00,31.1,39975
2026-06-08,hanoi,accepted,87e79956-ef58-4cad-9165-455f88055a80,27.4,2026-06-08T15:00:00+00:00,27.4,39976
2026-06-08,hanoi,accepted,87e79956-ef58-4cad-9165-455f88055a80,30.0,2026-06-08T16:00:00+00:00,30.0,39977
2026-06-09,hanoi,accepted,87e79956-ef58-4cad-9165-455f88055a80,33.4,2026-06-08T17:00:00+00:00,33.4,39978
2026-06-09,hanoi,accepted,87e79956-ef58-4cad-9165-455f88055a80,34.0,2026-06-08T18:00:00+00:00,34.0,39979
2026-06-09,hanoi,accepted,87e79956-ef58-4cad-9165-455f88055a80,33.3,2026-06-08T19:00:00+00:00,33.3,39980
2026-06-09,hanoi,accepted,87e79956-ef58-4cad-9165-455f88055a80,29.7,2026-06-08T20:00:00+00:00,29.7,39981
2026-06-09,hanoi,accepted,87e79956-ef58-4cad-9165-455f88055a80,30.4,2026-06-08T21:00:00+00:00,30.4,39982
2026-06-09,hanoi,accepted,87e79956-ef58-4cad-9165-455f88055a80,36.8,2026-06-08T22:00:00+00:00,36.8,39983
2026-06-09,hanoi,accepted,87e79956-ef58-4cad-9165-455f88055a80,34.0,2026-06-08T23:00:00+00:00,34.0,39984
2026-06-09,hanoi,accepted,87e79956-ef58-4cad-9165-455f88055a80,38.1,2026-06-09T00:00:00+00:00,38.1,39985
2026-06-09,hanoi,accepted,87e79956-ef58-4cad-9165-455f88055a80,35.2,2026-06-09T01:00:00+00:00,35.2,39986
2026-06-09,hanoi,accepted,87e79956-ef58-4cad-9165-455f88055a80,32.0,2026-06-09T02:00:00+00:00,32.0,39987
2026-06-09,hanoi,accepted,87e79956-ef58-4cad-9165-455f88055a80,27.2,2026-06-09T03:00:00+00:00,27.2,39988
2026-06-09,hanoi,accepted,87e79956-ef58-4cad-9165-455f88055a80,25.8,2026-06-09T04:00:00+00:00,25.8,39989
2026-06-09,hanoi,accepted,87e79956-ef58-4cad-9165-455f88055a80,24.1,2026-06-09T05:00:00+00:00,24.1,39990
2026-06-09,hanoi,accepted,87e79956-ef58-4cad-9165-455f88055a80,23.4,2026-06-09T06:00:00+00:00,23.4,39991
2026-06-09,hanoi,accepted,87e79956-ef58-4cad-9165-455f88055a80,23.9,2026-06-09T07:00:00+00:00,23.9,39992
2026-06-09,hanoi,accepted,87e79956-ef58-4cad-9165-455f88055a80,25.3,2026-06-09T08:00:00+00:00,25.3,39993
2026-06-09,hanoi,accepted,87e79956-ef58-4cad-9165-455f88055a80,27.1,2026-06-09T09:00:00+00:00,27.1,39994
2026-06-09,hanoi,accepted,87e79956-ef58-4cad-9165-455f88055a80,32.2,2026-06-09T10:00:00+00:00,32.2,39995
2026-06-09,hanoi,accepted,87e79956-ef58-4cad-9165-455f88055a80,35.2,2026-06-09T11:00:00+00:00,35.2,39996
2026-06-09,hanoi,accepted,87e79956-ef58-4cad-9165-455f88055a80,35.6,2026-06-09T12:00:00+00:00,35.6,39997
2026-06-09,hanoi,accepted,87e79956-ef58-4cad-9165-455f88055a80,43.9,2026-06-09T13:00:00+00:00,43.9,39998
2026-06-09,hanoi,accepted,87e79956-ef58-4cad-9165-455f88055a80,41.7,2026-06-09T14:00:00+00:00,41.7,39999
2026-06-09,hanoi,accepted,87e79956-ef58-4cad-9165-455f88055a80,40.5,2026-06-09T15:00:00+00:00,40.5,40000
2026-06-09,hanoi,accepted,87e79956-ef58-4cad-9165-455f88055a80,39.2,2026-06-09T16:00:00+00:00,39.2,40001
2026-06-10,hanoi,accepted,87e79956-ef58-4cad-9165-455f88055a80,36.9,2026-06-09T17:00:00+00:00,36.9,40002
2026-06-10,hanoi,accepted,87e79956-ef58-4cad-9165-455f88055a80,35.9,2026-06-09T18:00:00+00:00,35.9,40003
2026-06-10,hanoi,accepted,87e79956-ef58-4cad-9165-455f88055a80,35.7,2026-06-09T19:00:00+00:00,35.7,40004
2026-06-10,hanoi,accepted,87e79956-ef58-4cad-9165-455f88055a80,36.3,2026-06-09T20:00:00+00:00,36.3,40005
2026-06-10,hanoi,accepted,87e79956-ef58-4cad-9165-455f88055a80,37.7,2026-06-09T21:00:00+00:00,37.7,40006
2026-06-10,hanoi,accepted,87e79956-ef58-4cad-9165-455f88055a80,40.0,2026-06-09T22:00:00+00:00,40.0,40007
2026-06-10,hanoi,accepted,87e79956-ef58-4cad-9165-455f88055a80,44.7,2026-06-09T23:00:00+00:00,44.7,40008
2026-06-10,hanoi,accepted,87e79956-ef58-4cad-9165-455f88055a80,51.6,2026-06-10T00:00:00+00:00,51.6,40009
2026-06-10,hanoi,accepted,87e79956-ef58-4cad-9165-455f88055a80,39.8,2026-06-10T01:00:00+00:00,39.8,40010
2026-06-10,hanoi,accepted,87e79956-ef58-4cad-9165-455f88055a80,30.6,2026-06-10T02:00:00+00:00,30.6,40011
2026-06-10,hanoi,accepted,87e79956-ef58-4cad-9165-455f88055a80,26.1,2026-06-10T03:00:00+00:00,26.1,40012
2026-06-10,hanoi,accepted,87e79956-ef58-4cad-9165-455f88055a80,23.0,2026-06-10T04:00:00+00:00,23.0,40013
2026-06-10,hanoi,accepted,87e79956-ef58-4cad-9165-455f88055a80,22.5,2026-06-10T05:00:00+00:00,22.5,40014
2026-06-10,hanoi,accepted,87e79956-ef58-4cad-9165-455f88055a80,22.2,2026-06-10T06:00:00+00:00,22.2,40015
2026-06-10,hanoi,accepted,87e79956-ef58-4cad-9165-455f88055a80,23.2,2026-06-10T07:00:00+00:00,23.2,40016
2026-06-10,hanoi,accepted,87e79956-ef58-4cad-9165-455f88055a80,26.1,2026-06-10T08:00:00+00:00,26.1,40017
2026-06-10,hanoi,accepted,87e79956-ef58-4cad-9165-455f88055a80,32.2,2026-06-10T09:00:00+00:00,32.2,40018
2026-06-10,hanoi,accepted,87e79956-ef58-4cad-9165-455f88055a80,39.7,2026-06-10T10:00:00+00:00,39.7,40019
2026-06-10,hanoi,accepted,87e79956-ef58-4cad-9165-455f88055a80,47.7,2026-06-10T11:00:00+00:00,47.7,40020
2026-06-10,hanoi,accepted,87e79956-ef58-4cad-9165-455f88055a80,66.1,2026-06-10T12:00:00+00:00,66.1,40021
2026-06-10,hanoi,accepted,87e79956-ef58-4cad-9165-455f88055a80,78.5,2026-06-10T13:00:00+00:00,78.5,40022
2026-06-10,hanoi,accepted,87e79956-ef58-4cad-9165-455f88055a80,94.1,2026-06-10T14:00:00+00:00,94.1,40023
2026-06-10,hanoi,accepted,87e79956-ef58-4cad-9165-455f88055a80,110.6,2026-06-10T15:00:00+00:00,110.6,40024
2026-06-10,hanoi,accepted,87e79956-ef58-4cad-9165-455f88055a80,122.9,2026-06-10T16:00:00+00:00,122.9,40025
2026-06-11,hanoi,accepted,87e79956-ef58-4cad-9165-455f88055a80,126.7,2026-06-10T17:00:00+00:00,126.7,40026
2026-06-11,hanoi,accepted,87e79956-ef58-4cad-9165-455f88055a80,136.9,2026-06-10T18:00:00+00:00,136.9,40027
2026-06-11,hanoi,accepted,87e79956-ef58-4cad-9165-455f88055a80,148.1,2026-06-10T19:00:00+00:00,148.1,40028
2026-06-11,hanoi,accepted,87e79956-ef58-4cad-9165-455f88055a80,162.1,2026-06-10T20:00:00+00:00,162.1,40029
2026-06-11,hanoi,accepted,87e79956-ef58-4cad-9165-455f88055a80,175.1,2026-06-10T21:00:00+00:00,175.1,40030
2026-06-11,hanoi,accepted,87e79956-ef58-4cad-9165-455f88055a80,175.6,2026-06-10T22:00:00+00:00,175.6,40031
2026-06-11,hanoi,accepted,87e79956-ef58-4cad-9165-455f88055a80,169.0,2026-06-10T23:00:00+00:00,169.0,40032
2026-06-11,hanoi,accepted,87e79956-ef58-4cad-9165-455f88055a80,92.2,2026-06-11T00:00:00+00:00,92.2,40033
2026-06-11,hanoi,accepted,87e79956-ef58-4cad-9165-455f88055a80,75.0,2026-06-11T01:00:00+00:00,75.0,40034
2026-06-11,hanoi,accepted,87e79956-ef58-4cad-9165-455f88055a80,70.1,2026-06-11T02:00:00+00:00,70.1,40035
2026-06-11,hanoi,accepted,87e79956-ef58-4cad-9165-455f88055a80,64.7,2026-06-11T03:00:00+00:00,64.7,40036
2026-06-11,hanoi,accepted,87e79956-ef58-4cad-9165-455f88055a80,51.5,2026-06-11T04:00:00+00:00,51.5,40037
2026-06-11,hanoi,accepted,87e79956-ef58-4cad-9165-455f88055a80,46.1,2026-06-11T05:00:00+00:00,46.1,40038
2026-06-11,hanoi,accepted,87e79956-ef58-4cad-9165-455f88055a80,48.1,2026-06-11T06:00:00+00:00,48.1,40039
2026-06-11,hanoi,accepted,87e79956-ef58-4cad-9165-455f88055a80,58.1,2026-06-11T07:00:00+00:00,58.1,40040
2026-06-11,hanoi,accepted,87e79956-ef58-4cad-9165-455f88055a80,65.9,2026-06-11T08:00:00+00:00,65.9,40041
2026-06-11,hanoi,accepted,87e79956-ef58-4cad-9165-455f88055a80,66.6,2026-06-11T09:00:00+00:00,66.6,40042
2026-06-11,hanoi,accepted,87e79956-ef58-4cad-9165-455f88055a80,70.8,2026-06-11T10:00:00+00:00,70.8,40043
2026-06-11,hanoi,accepted,87e79956-ef58-4cad-9165-455f88055a80,83.6,2026-06-11T11:00:00+00:00,83.6,40044
2026-06-11,hanoi,accepted,87e79956-ef58-4cad-9165-455f88055a80,81.5,2026-06-11T12:00:00+00:00,81.5,40045
2026-06-11,hanoi,accepted,87e79956-ef58-4cad-9165-455f88055a80,97.8,2026-06-11T13:00:00+00:00,97.8,40046
2026-06-11,hanoi,accepted,87e79956-ef58-4cad-9165-455f88055a80,109.0,2026-06-11T14:00:00+00:00,109.0,40047
2026-06-11,hanoi,accepted,87e79956-ef58-4cad-9165-455f88055a80,121.1,2026-06-11T15:00:00+00:00,121.1,40048
2026-06-11,hanoi,accepted,87e79956-ef58-4cad-9165-455f88055a80,133.2,2026-06-11T16:00:00+00:00,133.2,40049
2026-06-12,hanoi,accepted,87e79956-ef58-4cad-9165-455f88055a80,138.3,2026-06-11T17:00:00+00:00,138.3,40050
2026-06-12,hanoi,accepted,87e79956-ef58-4cad-9165-455f88055a80,142.0,2026-06-11T18:00:00+00:00,142.0,40051
2026-06-12,hanoi,accepted,87e79956-ef58-4cad-9165-455f88055a80,141.1,2026-06-11T19:00:00+00:00,141.1,40052
2026-06-12,hanoi,accepted,87e79956-ef58-4cad-9165-455f88055a80,136.4,2026-06-11T20:00:00+00:00,136.4,40053
2026-06-12,hanoi,accepted,87e79956-ef58-4cad-9165-455f88055a80,131.8,2026-06-11T21:00:00+00:00,131.8,40054
2026-06-12,hanoi,accepted,87e79956-ef58-4cad-9165-455f88055a80,120.6,2026-06-11T22:00:00+00:00,120.6,40055
2026-06-12,hanoi,accepted,87e79956-ef58-4cad-9165-455f88055a80,122.5,2026-06-11T23:00:00+00:00,122.5,40056
2026-06-12,hanoi,accepted,87e79956-ef58-4cad-9165-455f88055a80,91.7,2026-06-12T00:00:00+00:00,91.7,40057
2026-06-12,hanoi,accepted,87e79956-ef58-4cad-9165-455f88055a80,61.0,2026-06-12T01:00:00+00:00,61.0,40058
2026-06-12,hanoi,accepted,87e79956-ef58-4cad-9165-455f88055a80,46.1,2026-06-12T02:00:00+00:00,46.1,40059
2026-06-12,hanoi,accepted,87e79956-ef58-4cad-9165-455f88055a80,40.6,2026-06-12T03:00:00+00:00,40.6,40060
2026-06-12,hanoi,accepted,87e79956-ef58-4cad-9165-455f88055a80,34.9,2026-06-12T04:00:00+00:00,34.9,40061
2026-06-12,hanoi,accepted,87e79956-ef58-4cad-9165-455f88055a80,36.9,2026-06-12T05:00:00+00:00,36.9,40062
2026-06-12,hanoi,accepted,87e79956-ef58-4cad-9165-455f88055a80,39.5,2026-06-12T06:00:00+00:00,39.5,40063
2026-06-12,hanoi,accepted,87e79956-ef58-4cad-9165-455f88055a80,41.7,2026-06-12T07:00:00+00:00,41.7,40064
2026-06-12,hanoi,accepted,87e79956-ef58-4cad-9165-455f88055a80,43.9,2026-06-12T08:00:00+00:00,43.9,40065
2026-06-12,hanoi,accepted,87e79956-ef58-4cad-9165-455f88055a80,44.0,2026-06-12T09:00:00+00:00,44.0,40066
2026-06-12,hanoi,accepted,87e79956-ef58-4cad-9165-455f88055a80,44.9,2026-06-12T10:00:00+00:00,44.9,40067
2026-06-12,hanoi,accepted,87e79956-ef58-4cad-9165-455f88055a80,48.3,2026-06-12T11:00:00+00:00,48.3,40068
2026-06-12,hanoi,accepted,87e79956-ef58-4cad-9165-455f88055a80,62.4,2026-06-12T12:00:00+00:00,62.4,40069
2026-06-12,hanoi,accepted,87e79956-ef58-4cad-9165-455f88055a80,66.1,2026-06-12T13:00:00+00:00,66.1,40070
2026-06-12,hanoi,accepted,87e79956-ef58-4cad-9165-455f88055a80,64.7,2026-06-12T14:00:00+00:00,64.7,40071
2026-06-12,hanoi,accepted,87e79956-ef58-4cad-9165-455f88055a80,57.6,2026-06-12T15:00:00+00:00,57.6,40072
2026-06-12,hanoi,accepted,87e79956-ef58-4cad-9165-455f88055a80,50.5,2026-06-12T16:00:00+00:00,50.5,40073
2026-06-13,hanoi,accepted,87e79956-ef58-4cad-9165-455f88055a80,45.2,2026-06-12T17:00:00+00:00,45.2,40074
2026-06-13,hanoi,accepted,87e79956-ef58-4cad-9165-455f88055a80,40.9,2026-06-12T18:00:00+00:00,40.9,40075
2026-06-13,hanoi,accepted,87e79956-ef58-4cad-9165-455f88055a80,39.1,2026-06-12T19:00:00+00:00,39.1,40076
2026-06-13,hanoi,accepted,87e79956-ef58-4cad-9165-455f88055a80,40.5,2026-06-12T20:00:00+00:00,40.5,40077
2026-06-13,hanoi,accepted,87e79956-ef58-4cad-9165-455f88055a80,41.2,2026-06-12T21:00:00+00:00,41.2,40078
2026-06-13,hanoi,accepted,87e79956-ef58-4cad-9165-455f88055a80,42.8,2026-06-12T22:00:00+00:00,42.8,40079
2026-06-13,hanoi,accepted,87e79956-ef58-4cad-9165-455f88055a80,44.4,2026-06-12T23:00:00+00:00,44.4,40080
2026-06-13,hanoi,accepted,87e79956-ef58-4cad-9165-455f88055a80,52.6,2026-06-13T00:00:00+00:00,52.6,40081
2026-06-13,hanoi,accepted,87e79956-ef58-4cad-9165-455f88055a80,49.6,2026-06-13T01:00:00+00:00,49.6,40082
2026-06-13,hanoi,accepted,87e79956-ef58-4cad-9165-455f88055a80,48.1,2026-06-13T02:00:00+00:00,48.1,40083
2026-06-13,hanoi,accepted,87e79956-ef58-4cad-9165-455f88055a80,48.1,2026-06-13T03:00:00+00:00,48.1,40084
2026-06-13,hanoi,accepted,87e79956-ef58-4cad-9165-455f88055a80,39.5,2026-06-13T04:00:00+00:00,39.5,40085
2026-06-13,hanoi,accepted,87e79956-ef58-4cad-9165-455f88055a80,32.5,2026-06-13T05:00:00+00:00,32.5,40086
2026-06-13,hanoi,accepted,87e79956-ef58-4cad-9165-455f88055a80,29.0,2026-06-13T06:00:00+00:00,29.0,40087
2026-06-13,hanoi,accepted,87e79956-ef58-4cad-9165-455f88055a80,25.7,2026-06-13T07:00:00+00:00,25.7,40088
2026-06-13,hanoi,accepted,87e79956-ef58-4cad-9165-455f88055a80,23.6,2026-06-13T08:00:00+00:00,23.6,40089
2026-06-13,hanoi,accepted,87e79956-ef58-4cad-9165-455f88055a80,22.8,2026-06-13T09:00:00+00:00,22.8,40090
2026-06-13,hanoi,accepted,87e79956-ef58-4cad-9165-455f88055a80,26.9,2026-06-13T10:00:00+00:00,26.9,40091
2026-06-13,hanoi,accepted,87e79956-ef58-4cad-9165-455f88055a80,35.4,2026-06-13T11:00:00+00:00,35.4,40092
2026-06-13,hanoi,accepted,87e79956-ef58-4cad-9165-455f88055a80,37.8,2026-06-13T12:00:00+00:00,37.8,40093
2026-06-13,hanoi,accepted,87e79956-ef58-4cad-9165-455f88055a80,42.1,2026-06-13T13:00:00+00:00,42.1,40094
2026-06-13,hanoi,accepted,87e79956-ef58-4cad-9165-455f88055a80,39.2,2026-06-13T14:00:00+00:00,39.2,40095
2026-06-13,hanoi,accepted,87e79956-ef58-4cad-9165-455f88055a80,37.7,2026-06-13T15:00:00+00:00,37.7,40096
2026-06-13,hanoi,accepted,87e79956-ef58-4cad-9165-455f88055a80,37.7,2026-06-13T16:00:00+00:00,37.7,40097
2026-06-14,hanoi,accepted,87e79956-ef58-4cad-9165-455f88055a80,36.9,2026-06-13T17:00:00+00:00,36.9,40098
2026-06-14,hanoi,accepted,87e79956-ef58-4cad-9165-455f88055a80,38.1,2026-06-13T18:00:00+00:00,38.1,40099
2026-06-14,hanoi,accepted,87e79956-ef58-4cad-9165-455f88055a80,40.7,2026-06-13T19:00:00+00:00,40.7,40100
2026-06-14,hanoi,accepted,87e79956-ef58-4cad-9165-455f88055a80,41.2,2026-06-13T20:00:00+00:00,41.2,40101
2026-06-14,hanoi,accepted,87e79956-ef58-4cad-9165-455f88055a80,41.8,2026-06-13T21:00:00+00:00,41.8,40102
2026-06-14,hanoi,accepted,87e79956-ef58-4cad-9165-455f88055a80,43.8,2026-06-13T22:00:00+00:00,43.8,40103
2026-06-14,hanoi,accepted,87e79956-ef58-4cad-9165-455f88055a80,47.4,2026-06-13T23:00:00+00:00,47.4,40104
2026-06-14,hanoi,accepted,87e79956-ef58-4cad-9165-455f88055a80,41.3,2026-06-14T00:00:00+00:00,41.3,40105
2026-06-14,hanoi,accepted,87e79956-ef58-4cad-9165-455f88055a80,40.0,2026-06-14T01:00:00+00:00,40.0,40106
2026-06-14,hanoi,accepted,87e79956-ef58-4cad-9165-455f88055a80,36.0,2026-06-14T02:00:00+00:00,36.0,40107
2026-06-14,hanoi,accepted,87e79956-ef58-4cad-9165-455f88055a80,24.7,2026-06-14T03:00:00+00:00,24.7,40108
2026-06-14,hanoi,accepted,87e79956-ef58-4cad-9165-455f88055a80,17.8,2026-06-14T04:00:00+00:00,17.8,40109
2026-06-14,hanoi,accepted,87e79956-ef58-4cad-9165-455f88055a80,15.4,2026-06-14T05:00:00+00:00,15.4,40110
2026-06-14,hanoi,accepted,87e79956-ef58-4cad-9165-455f88055a80,14.4,2026-06-14T06:00:00+00:00,14.4,40111
2026-06-14,hanoi,accepted,87e79956-ef58-4cad-9165-455f88055a80,14.7,2026-06-14T07:00:00+00:00,14.7,40112
2026-06-14,hanoi,accepted,87e79956-ef58-4cad-9165-455f88055a80,15.5,2026-06-14T08:00:00+00:00,15.5,40113
2026-06-14,hanoi,accepted,87e79956-ef58-4cad-9165-455f88055a80,18.1,2026-06-14T09:00:00+00:00,18.1,40114
2026-06-14,hanoi,accepted,87e79956-ef58-4cad-9165-455f88055a80,24.6,2026-06-14T10:00:00+00:00,24.6,40115
2026-06-14,hanoi,accepted,87e79956-ef58-4cad-9165-455f88055a80,39.5,2026-06-14T11:00:00+00:00,39.5,40116
2026-06-14,hanoi,accepted,87e79956-ef58-4cad-9165-455f88055a80,44.7,2026-06-14T12:00:00+00:00,44.7,40117
2026-06-14,hanoi,accepted,87e79956-ef58-4cad-9165-455f88055a80,48.5,2026-06-14T13:00:00+00:00,48.5,40118
2026-06-14,hanoi,accepted,87e79956-ef58-4cad-9165-455f88055a80,52.2,2026-06-14T14:00:00+00:00,52.2,40119
2026-06-14,hanoi,accepted,87e79956-ef58-4cad-9165-455f88055a80,56.1,2026-06-14T15:00:00+00:00,56.1,40120
2026-06-14,hanoi,accepted,87e79956-ef58-4cad-9165-455f88055a80,54.6,2026-06-14T16:00:00+00:00,54.6,40121
2026-06-15,hanoi,accepted,87e79956-ef58-4cad-9165-455f88055a80,49.5,2026-06-14T17:00:00+00:00,49.5,40122
2026-06-15,hanoi,accepted,87e79956-ef58-4cad-9165-455f88055a80,47.1,2026-06-14T18:00:00+00:00,47.1,40123
2026-06-15,hanoi,accepted,87e79956-ef58-4cad-9165-455f88055a80,51.1,2026-06-14T19:00:00+00:00,51.1,40124
2026-06-15,hanoi,accepted,87e79956-ef58-4cad-9165-455f88055a80,59.8,2026-06-14T20:00:00+00:00,59.8,40125
2026-06-15,hanoi,accepted,87e79956-ef58-4cad-9165-455f88055a80,59.0,2026-06-14T21:00:00+00:00,59.0,40126
2026-06-15,hanoi,accepted,87e79956-ef58-4cad-9165-455f88055a80,54.5,2026-06-14T22:00:00+00:00,54.5,40127
2026-06-15,hanoi,accepted,87e79956-ef58-4cad-9165-455f88055a80,56.3,2026-06-14T23:00:00+00:00,56.3,40128
2026-06-15,hanoi,accepted,cdc1ce8a-2904-475a-acca-ec787e91288d,44.9,2026-06-15T00:00:00+00:00,44.9,41137
2026-06-15,hanoi,accepted,cdc1ce8a-2904-475a-acca-ec787e91288d,39.1,2026-06-15T01:00:00+00:00,39.1,41138
2026-06-15,hanoi,accepted,cdc1ce8a-2904-475a-acca-ec787e91288d,39.3,2026-06-15T02:00:00+00:00,39.3,41139
2026-06-15,hanoi,accepted,cdc1ce8a-2904-475a-acca-ec787e91288d,40.4,2026-06-15T03:00:00+00:00,40.4,41140
2026-06-15,hanoi,accepted,cdc1ce8a-2904-475a-acca-ec787e91288d,36.9,2026-06-15T04:00:00+00:00,36.9,41141
2026-06-15,hanoi,accepted,cdc1ce8a-2904-475a-acca-ec787e91288d,36.0,2026-06-15T05:00:00+00:00,36.0,41142
2026-06-15,hanoi,accepted,cdc1ce8a-2904-475a-acca-ec787e91288d,34.5,2026-06-15T06:00:00+00:00,34.5,41143
2026-06-15,hanoi,accepted,cdc1ce8a-2904-475a-acca-ec787e91288d,34.9,2026-06-15T07:00:00+00:00,34.9,41144
2026-06-15,hanoi,accepted,cdc1ce8a-2904-475a-acca-ec787e91288d,32.0,2026-06-15T08:00:00+00:00,32.0,41145
2026-06-15,hanoi,accepted,cdc1ce8a-2904-475a-acca-ec787e91288d,28.7,2026-06-15T09:00:00+00:00,28.7,41146
2026-06-15,hanoi,accepted,cdc1ce8a-2904-475a-acca-ec787e91288d,33.8,2026-06-15T10:00:00+00:00,33.8,41147
2026-06-15,hanoi,accepted,cdc1ce8a-2904-475a-acca-ec787e91288d,41.3,2026-06-15T11:00:00+00:00,41.3,41148
2026-06-15,hanoi,accepted,cdc1ce8a-2904-475a-acca-ec787e91288d,50.3,2026-06-15T12:00:00+00:00,50.3,41149
2026-06-15,hanoi,accepted,cdc1ce8a-2904-475a-acca-ec787e91288d,46.0,2026-06-15T13:00:00+00:00,46.0,41150
2026-06-15,hanoi,accepted,cdc1ce8a-2904-475a-acca-ec787e91288d,44.0,2026-06-15T14:00:00+00:00,44.0,41151
2026-06-15,hanoi,accepted,cdc1ce8a-2904-475a-acca-ec787e91288d,43.1,2026-06-15T15:00:00+00:00,43.1,41152
2026-06-15,hanoi,accepted,cdc1ce8a-2904-475a-acca-ec787e91288d,44.8,2026-06-15T16:00:00+00:00,44.8,41153
2026-06-16,hanoi,accepted,cdc1ce8a-2904-475a-acca-ec787e91288d,45.3,2026-06-15T17:00:00+00:00,45.3,41154
2026-06-16,hanoi,accepted,cdc1ce8a-2904-475a-acca-ec787e91288d,49.2,2026-06-15T18:00:00+00:00,49.2,41155
2026-06-16,hanoi,accepted,cdc1ce8a-2904-475a-acca-ec787e91288d,50.6,2026-06-15T19:00:00+00:00,50.6,41156
2026-06-16,hanoi,accepted,cdc1ce8a-2904-475a-acca-ec787e91288d,54.2,2026-06-15T20:00:00+00:00,54.2,41157
2026-06-16,hanoi,accepted,cdc1ce8a-2904-475a-acca-ec787e91288d,52.4,2026-06-15T21:00:00+00:00,52.4,41158
2026-06-16,hanoi,accepted,cdc1ce8a-2904-475a-acca-ec787e91288d,45.8,2026-06-15T22:00:00+00:00,45.8,41159
2026-06-16,hanoi,accepted,cdc1ce8a-2904-475a-acca-ec787e91288d,41.6,2026-06-15T23:00:00+00:00,41.6,41160
2026-06-16,hanoi,accepted,cdc1ce8a-2904-475a-acca-ec787e91288d,29.7,2026-06-16T00:00:00+00:00,29.7,41161
2026-06-16,hanoi,accepted,cdc1ce8a-2904-475a-acca-ec787e91288d,32.0,2026-06-16T01:00:00+00:00,32.0,41162
2026-06-16,hanoi,accepted,cdc1ce8a-2904-475a-acca-ec787e91288d,34.3,2026-06-16T02:00:00+00:00,34.3,41163
2026-06-16,hanoi,accepted,cdc1ce8a-2904-475a-acca-ec787e91288d,30.0,2026-06-16T03:00:00+00:00,30.0,41164
2026-06-16,hanoi,accepted,cdc1ce8a-2904-475a-acca-ec787e91288d,30.7,2026-06-16T04:00:00+00:00,30.7,41165
2026-06-16,hanoi,accepted,cdc1ce8a-2904-475a-acca-ec787e91288d,33.6,2026-06-16T05:00:00+00:00,33.6,41166
2026-06-16,hanoi,accepted,cdc1ce8a-2904-475a-acca-ec787e91288d,36.2,2026-06-16T06:00:00+00:00,36.2,41167
2026-06-16,hanoi,accepted,cdc1ce8a-2904-475a-acca-ec787e91288d,35.7,2026-06-16T07:00:00+00:00,35.7,41168
2026-06-16,hanoi,accepted,cdc1ce8a-2904-475a-acca-ec787e91288d,37.0,2026-06-16T08:00:00+00:00,37.0,41169
2026-06-16,hanoi,accepted,cdc1ce8a-2904-475a-acca-ec787e91288d,39.9,2026-06-16T09:00:00+00:00,39.9,41170
2026-06-16,hanoi,accepted,cdc1ce8a-2904-475a-acca-ec787e91288d,47.8,2026-06-16T10:00:00+00:00,47.8,41171
2026-06-16,hanoi,accepted,cdc1ce8a-2904-475a-acca-ec787e91288d,56.0,2026-06-16T11:00:00+00:00,56.0,41172
2026-06-16,hanoi,accepted,cdc1ce8a-2904-475a-acca-ec787e91288d,62.9,2026-06-16T12:00:00+00:00,62.9,41173
2026-06-16,hanoi,accepted,cdc1ce8a-2904-475a-acca-ec787e91288d,79.2,2026-06-16T13:00:00+00:00,79.2,41174
2026-06-16,hanoi,accepted,cdc1ce8a-2904-475a-acca-ec787e91288d,84.1,2026-06-16T14:00:00+00:00,84.1,41175
2026-06-16,hanoi,accepted,cdc1ce8a-2904-475a-acca-ec787e91288d,78.2,2026-06-16T15:00:00+00:00,78.2,41176
2026-06-16,hanoi,accepted,cdc1ce8a-2904-475a-acca-ec787e91288d,69.2,2026-06-16T16:00:00+00:00,69.2,41177
2026-06-17,hanoi,accepted,cdc1ce8a-2904-475a-acca-ec787e91288d,58.3,2026-06-16T17:00:00+00:00,58.3,41178
2026-06-17,hanoi,accepted,cdc1ce8a-2904-475a-acca-ec787e91288d,46.1,2026-06-16T18:00:00+00:00,46.1,41179
2026-06-17,hanoi,accepted,cdc1ce8a-2904-475a-acca-ec787e91288d,40.4,2026-06-16T19:00:00+00:00,40.4,41180
2026-06-17,hanoi,accepted,cdc1ce8a-2904-475a-acca-ec787e91288d,38.3,2026-06-16T20:00:00+00:00,38.3,41181
2026-06-17,hanoi,accepted,cdc1ce8a-2904-475a-acca-ec787e91288d,36.4,2026-06-16T21:00:00+00:00,36.4,41182
2026-06-17,hanoi,accepted,cdc1ce8a-2904-475a-acca-ec787e91288d,36.6,2026-06-16T22:00:00+00:00,36.6,41183
2026-06-17,hanoi,accepted,cdc1ce8a-2904-475a-acca-ec787e91288d,37.3,2026-06-16T23:00:00+00:00,37.3,41184
2026-06-17,hanoi,accepted,cdc1ce8a-2904-475a-acca-ec787e91288d,23.2,2026-06-17T00:00:00+00:00,23.2,41185
2026-06-17,hanoi,accepted,cdc1ce8a-2904-475a-acca-ec787e91288d,25.7,2026-06-17T01:00:00+00:00,25.7,41186
2026-06-17,hanoi,accepted,cdc1ce8a-2904-475a-acca-ec787e91288d,28.5,2026-06-17T02:00:00+00:00,28.5,41187
2026-06-17,hanoi,accepted,cdc1ce8a-2904-475a-acca-ec787e91288d,31.8,2026-06-17T03:00:00+00:00,31.8,41188
2026-06-17,hanoi,accepted,cdc1ce8a-2904-475a-acca-ec787e91288d,32.9,2026-06-17T04:00:00+00:00,32.9,41189
2026-06-17,hanoi,accepted,cdc1ce8a-2904-475a-acca-ec787e91288d,31.5,2026-06-17T05:00:00+00:00,31.5,41190
2026-06-17,hanoi,accepted,cdc1ce8a-2904-475a-acca-ec787e91288d,30.9,2026-06-17T06:00:00+00:00,30.9,41191
2026-06-17,hanoi,accepted,cdc1ce8a-2904-475a-acca-ec787e91288d,30.2,2026-06-17T07:00:00+00:00,30.2,41192
2026-06-17,hanoi,accepted,cdc1ce8a-2904-475a-acca-ec787e91288d,28.9,2026-06-17T08:00:00+00:00,28.9,41193
2026-06-17,hanoi,accepted,cdc1ce8a-2904-475a-acca-ec787e91288d,27.9,2026-06-17T09:00:00+00:00,27.9,41194
2026-06-17,hanoi,accepted,cdc1ce8a-2904-475a-acca-ec787e91288d,35.0,2026-06-17T10:00:00+00:00,35.0,41195
2026-06-17,hanoi,accepted,cdc1ce8a-2904-475a-acca-ec787e91288d,41.6,2026-06-17T11:00:00+00:00,41.6,41196
2026-06-17,hanoi,accepted,cdc1ce8a-2904-475a-acca-ec787e91288d,64.0,2026-06-17T12:00:00+00:00,64.0,41197
2026-06-17,hanoi,accepted,cdc1ce8a-2904-475a-acca-ec787e91288d,66.1,2026-06-17T13:00:00+00:00,66.1,41198
2026-06-17,hanoi,accepted,cdc1ce8a-2904-475a-acca-ec787e91288d,65.4,2026-06-17T14:00:00+00:00,65.4,41199
2026-06-17,hanoi,accepted,cdc1ce8a-2904-475a-acca-ec787e91288d,60.3,2026-06-17T15:00:00+00:00,60.3,41200
2026-06-17,hanoi,accepted,cdc1ce8a-2904-475a-acca-ec787e91288d,53.6,2026-06-17T16:00:00+00:00,53.6,41201
2026-06-18,hanoi,accepted,cdc1ce8a-2904-475a-acca-ec787e91288d,45.5,2026-06-17T17:00:00+00:00,45.5,41202
2026-06-18,hanoi,accepted,cdc1ce8a-2904-475a-acca-ec787e91288d,38.4,2026-06-17T18:00:00+00:00,38.4,41203
2026-06-18,hanoi,accepted,cdc1ce8a-2904-475a-acca-ec787e91288d,33.4,2026-06-17T19:00:00+00:00,33.4,41204
2026-06-18,hanoi,accepted,cdc1ce8a-2904-475a-acca-ec787e91288d,31.3,2026-06-17T20:00:00+00:00,31.3,41205
2026-06-18,hanoi,accepted,cdc1ce8a-2904-475a-acca-ec787e91288d,31.7,2026-06-17T21:00:00+00:00,31.7,41206
2026-06-18,hanoi,accepted,cdc1ce8a-2904-475a-acca-ec787e91288d,33.5,2026-06-17T22:00:00+00:00,33.5,41207
2026-06-18,hanoi,accepted,cdc1ce8a-2904-475a-acca-ec787e91288d,37.5,2026-06-17T23:00:00+00:00,37.5,41208
2026-06-18,hanoi,accepted,cdc1ce8a-2904-475a-acca-ec787e91288d,35.9,2026-06-18T00:00:00+00:00,35.9,41209
2026-06-18,hanoi,accepted,cdc1ce8a-2904-475a-acca-ec787e91288d,44.6,2026-06-18T01:00:00+00:00,44.6,41210
2026-06-18,hanoi,accepted,cdc1ce8a-2904-475a-acca-ec787e91288d,43.1,2026-06-18T02:00:00+00:00,43.1,41211
2026-06-18,hanoi,accepted,cdc1ce8a-2904-475a-acca-ec787e91288d,37.1,2026-06-18T03:00:00+00:00,37.1,41212
2026-06-18,hanoi,accepted,cdc1ce8a-2904-475a-acca-ec787e91288d,28.0,2026-06-18T04:00:00+00:00,28.0,41213
2026-06-18,hanoi,accepted,cdc1ce8a-2904-475a-acca-ec787e91288d,24.7,2026-06-18T05:00:00+00:00,24.7,41214
2026-06-18,hanoi,accepted,cdc1ce8a-2904-475a-acca-ec787e91288d,24.3,2026-06-18T06:00:00+00:00,24.3,41215
2026-06-18,hanoi,accepted,cdc1ce8a-2904-475a-acca-ec787e91288d,24.9,2026-06-18T07:00:00+00:00,24.9,41216
2026-06-18,hanoi,accepted,cdc1ce8a-2904-475a-acca-ec787e91288d,23.6,2026-06-18T08:00:00+00:00,23.6,41217
2026-06-18,hanoi,accepted,cdc1ce8a-2904-475a-acca-ec787e91288d,24.2,2026-06-18T09:00:00+00:00,24.2,41218
2026-06-18,hanoi,accepted,cdc1ce8a-2904-475a-acca-ec787e91288d,30.6,2026-06-18T10:00:00+00:00,30.6,41219
2026-06-18,hanoi,accepted,cdc1ce8a-2904-475a-acca-ec787e91288d,38.2,2026-06-18T11:00:00+00:00,38.2,41220
2026-06-18,hanoi,accepted,cdc1ce8a-2904-475a-acca-ec787e91288d,55.6,2026-06-18T12:00:00+00:00,55.6,41221
2026-06-18,hanoi,accepted,cdc1ce8a-2904-475a-acca-ec787e91288d,55.6,2026-06-18T13:00:00+00:00,55.6,41222
2026-06-18,hanoi,accepted,cdc1ce8a-2904-475a-acca-ec787e91288d,51.2,2026-06-18T14:00:00+00:00,51.2,41223
2026-06-18,hanoi,accepted,cdc1ce8a-2904-475a-acca-ec787e91288d,47.4,2026-06-18T15:00:00+00:00,47.4,41224
2026-06-18,hanoi,accepted,cdc1ce8a-2904-475a-acca-ec787e91288d,44.8,2026-06-18T16:00:00+00:00,44.8,41225
2026-06-19,hanoi,accepted,cdc1ce8a-2904-475a-acca-ec787e91288d,42.1,2026-06-18T17:00:00+00:00,42.1,41226
2026-06-19,hanoi,accepted,cdc1ce8a-2904-475a-acca-ec787e91288d,40.4,2026-06-18T18:00:00+00:00,40.4,41227
2026-06-19,hanoi,accepted,cdc1ce8a-2904-475a-acca-ec787e91288d,39.7,2026-06-18T19:00:00+00:00,39.7,41228
2026-06-19,hanoi,accepted,cdc1ce8a-2904-475a-acca-ec787e91288d,39.5,2026-06-18T20:00:00+00:00,39.5,41229
2026-06-19,hanoi,accepted,cdc1ce8a-2904-475a-acca-ec787e91288d,40.7,2026-06-18T21:00:00+00:00,40.7,41230
2026-06-19,hanoi,accepted,cdc1ce8a-2904-475a-acca-ec787e91288d,41.8,2026-06-18T22:00:00+00:00,41.8,41231
2026-06-19,hanoi,accepted,cdc1ce8a-2904-475a-acca-ec787e91288d,40.7,2026-06-18T23:00:00+00:00,40.7,41232
2026-06-19,hanoi,accepted,cdc1ce8a-2904-475a-acca-ec787e91288d,60.3,2026-06-19T00:00:00+00:00,60.3,41233
2026-06-19,hanoi,accepted,cdc1ce8a-2904-475a-acca-ec787e91288d,61.9,2026-06-19T01:00:00+00:00,61.9,41234
2026-06-19,hanoi,accepted,cdc1ce8a-2904-475a-acca-ec787e91288d,59.8,2026-06-19T02:00:00+00:00,59.8,41235
2026-06-19,hanoi,accepted,cdc1ce8a-2904-475a-acca-ec787e91288d,48.4,2026-06-19T03:00:00+00:00,48.4,41236
2026-06-19,hanoi,accepted,cdc1ce8a-2904-475a-acca-ec787e91288d,27.6,2026-06-19T04:00:00+00:00,27.6,41237
2026-06-19,hanoi,accepted,cdc1ce8a-2904-475a-acca-ec787e91288d,21.0,2026-06-19T05:00:00+00:00,21.0,41238
2026-06-19,hanoi,accepted,cdc1ce8a-2904-475a-acca-ec787e91288d,18.6,2026-06-19T06:00:00+00:00,18.6,41239
2026-06-19,hanoi,accepted,cdc1ce8a-2904-475a-acca-ec787e91288d,18.5,2026-06-19T07:00:00+00:00,18.5,41240
2026-06-19,hanoi,accepted,cdc1ce8a-2904-475a-acca-ec787e91288d,19.2,2026-06-19T08:00:00+00:00,19.2,41241
2026-06-19,hanoi,accepted,cdc1ce8a-2904-475a-acca-ec787e91288d,22.5,2026-06-19T09:00:00+00:00,22.5,41242
2026-06-19,hanoi,accepted,cdc1ce8a-2904-475a-acca-ec787e91288d,31.0,2026-06-19T10:00:00+00:00,31.0,41243
2026-06-19,hanoi,accepted,cdc1ce8a-2904-475a-acca-ec787e91288d,36.6,2026-06-19T11:00:00+00:00,36.6,41244
2026-06-19,hanoi,accepted,cdc1ce8a-2904-475a-acca-ec787e91288d,49.4,2026-06-19T12:00:00+00:00,49.4,41245
2026-06-19,hanoi,accepted,cdc1ce8a-2904-475a-acca-ec787e91288d,52.6,2026-06-19T13:00:00+00:00,52.6,41246
2026-06-19,hanoi,accepted,cdc1ce8a-2904-475a-acca-ec787e91288d,49.1,2026-06-19T14:00:00+00:00,49.1,41247
2026-06-19,hanoi,accepted,cdc1ce8a-2904-475a-acca-ec787e91288d,43.8,2026-06-19T15:00:00+00:00,43.8,41248
2026-06-19,hanoi,accepted,cdc1ce8a-2904-475a-acca-ec787e91288d,37.7,2026-06-19T16:00:00+00:00,37.7,41249
2026-06-20,hanoi,accepted,cdc1ce8a-2904-475a-acca-ec787e91288d,33.1,2026-06-19T17:00:00+00:00,33.1,41250
2026-06-20,hanoi,accepted,cdc1ce8a-2904-475a-acca-ec787e91288d,31.7,2026-06-19T18:00:00+00:00,31.7,41251
2026-06-20,hanoi,accepted,cdc1ce8a-2904-475a-acca-ec787e91288d,31.7,2026-06-19T19:00:00+00:00,31.7,41252
2026-06-20,hanoi,accepted,cdc1ce8a-2904-475a-acca-ec787e91288d,33.1,2026-06-19T20:00:00+00:00,33.1,41253
2026-06-20,hanoi,accepted,cdc1ce8a-2904-475a-acca-ec787e91288d,36.1,2026-06-19T21:00:00+00:00,36.1,41254
2026-06-20,hanoi,accepted,cdc1ce8a-2904-475a-acca-ec787e91288d,38.8,2026-06-19T22:00:00+00:00,38.8,41255
2026-06-20,hanoi,accepted,cdc1ce8a-2904-475a-acca-ec787e91288d,41.6,2026-06-19T23:00:00+00:00,41.6,41256
2026-06-20,hanoi,accepted,cdc1ce8a-2904-475a-acca-ec787e91288d,50.8,2026-06-20T00:00:00+00:00,50.8,41257
2026-06-20,hanoi,accepted,cdc1ce8a-2904-475a-acca-ec787e91288d,52.5,2026-06-20T01:00:00+00:00,52.5,41258
2026-06-20,hanoi,accepted,cdc1ce8a-2904-475a-acca-ec787e91288d,50.9,2026-06-20T02:00:00+00:00,50.9,41259
2026-06-20,hanoi,accepted,cdc1ce8a-2904-475a-acca-ec787e91288d,45.9,2026-06-20T03:00:00+00:00,45.9,41260
2026-06-20,hanoi,accepted,cdc1ce8a-2904-475a-acca-ec787e91288d,37.5,2026-06-20T04:00:00+00:00,37.5,41261
2026-06-20,hanoi,accepted,cdc1ce8a-2904-475a-acca-ec787e91288d,29.8,2026-06-20T05:00:00+00:00,29.8,41262
2026-06-20,hanoi,accepted,cdc1ce8a-2904-475a-acca-ec787e91288d,25.9,2026-06-20T06:00:00+00:00,25.9,41263
2026-06-20,hanoi,accepted,cdc1ce8a-2904-475a-acca-ec787e91288d,23.9,2026-06-20T07:00:00+00:00,23.9,41264
2026-06-20,hanoi,accepted,cdc1ce8a-2904-475a-acca-ec787e91288d,22.6,2026-06-20T08:00:00+00:00,22.6,41265
2026-06-20,hanoi,accepted,cdc1ce8a-2904-475a-acca-ec787e91288d,23.1,2026-06-20T09:00:00+00:00,23.1,41266
2026-06-20,hanoi,accepted,cdc1ce8a-2904-475a-acca-ec787e91288d,26.9,2026-06-20T10:00:00+00:00,26.9,41267
2026-06-20,hanoi,accepted,cdc1ce8a-2904-475a-acca-ec787e91288d,36.2,2026-06-20T11:00:00+00:00,36.2,41268
2026-06-20,hanoi,accepted,cdc1ce8a-2904-475a-acca-ec787e91288d,62.4,2026-06-20T12:00:00+00:00,62.4,41269
2026-06-20,hanoi,accepted,cdc1ce8a-2904-475a-acca-ec787e91288d,54.8,2026-06-20T13:00:00+00:00,54.8,41270
2026-06-20,hanoi,accepted,cdc1ce8a-2904-475a-acca-ec787e91288d,40.0,2026-06-20T14:00:00+00:00,40.0,41271
2026-06-20,hanoi,accepted,cdc1ce8a-2904-475a-acca-ec787e91288d,37.4,2026-06-20T15:00:00+00:00,37.4,41272
2026-06-20,hanoi,accepted,cdc1ce8a-2904-475a-acca-ec787e91288d,37.6,2026-06-20T16:00:00+00:00,37.6,41273
2026-06-21,hanoi,accepted,cdc1ce8a-2904-475a-acca-ec787e91288d,39.0,2026-06-20T17:00:00+00:00,39.0,41274
2026-06-21,hanoi,accepted,cdc1ce8a-2904-475a-acca-ec787e91288d,40.6,2026-06-20T18:00:00+00:00,40.6,41275
2026-06-21,hanoi,accepted,cdc1ce8a-2904-475a-acca-ec787e91288d,42.4,2026-06-20T19:00:00+00:00,42.4,41276
2026-06-21,hanoi,accepted,cdc1ce8a-2904-475a-acca-ec787e91288d,44.6,2026-06-20T20:00:00+00:00,44.6,41277
2026-06-21,hanoi,accepted,cdc1ce8a-2904-475a-acca-ec787e91288d,46.4,2026-06-20T21:00:00+00:00,46.4,41278
2026-06-21,hanoi,accepted,cdc1ce8a-2904-475a-acca-ec787e91288d,49.8,2026-06-20T22:00:00+00:00,49.8,41279
2026-06-21,hanoi,accepted,cdc1ce8a-2904-475a-acca-ec787e91288d,53.4,2026-06-20T23:00:00+00:00,53.4,41280
2026-06-21,hanoi,accepted,cdc1ce8a-2904-475a-acca-ec787e91288d,56.6,2026-06-21T00:00:00+00:00,56.6,41281
2026-06-21,hanoi,accepted,cdc1ce8a-2904-475a-acca-ec787e91288d,54.0,2026-06-21T01:00:00+00:00,54.0,41282
2026-06-21,hanoi,accepted,cdc1ce8a-2904-475a-acca-ec787e91288d,51.2,2026-06-21T02:00:00+00:00,51.2,41283
2026-06-21,hanoi,accepted,cdc1ce8a-2904-475a-acca-ec787e91288d,45.9,2026-06-21T03:00:00+00:00,45.9,41284
2026-06-21,hanoi,accepted,cdc1ce8a-2904-475a-acca-ec787e91288d,42.1,2026-06-21T04:00:00+00:00,42.1,41285
2026-06-21,hanoi,accepted,cdc1ce8a-2904-475a-acca-ec787e91288d,34.9,2026-06-21T05:00:00+00:00,34.9,41286
2026-06-21,hanoi,accepted,cdc1ce8a-2904-475a-acca-ec787e91288d,29.9,2026-06-21T06:00:00+00:00,29.9,41287
2026-06-21,hanoi,accepted,cdc1ce8a-2904-475a-acca-ec787e91288d,26.8,2026-06-21T07:00:00+00:00,26.8,41288
2026-06-21,hanoi,accepted,cdc1ce8a-2904-475a-acca-ec787e91288d,24.4,2026-06-21T08:00:00+00:00,24.4,41289
2026-06-21,hanoi,accepted,cdc1ce8a-2904-475a-acca-ec787e91288d,23.6,2026-06-21T09:00:00+00:00,23.6,41290
2026-06-21,hanoi,accepted,cdc1ce8a-2904-475a-acca-ec787e91288d,27.6,2026-06-21T10:00:00+00:00,27.6,41291
2026-06-21,hanoi,accepted,cdc1ce8a-2904-475a-acca-ec787e91288d,34.3,2026-06-21T11:00:00+00:00,34.3,41292
2026-06-21,hanoi,accepted,cdc1ce8a-2904-475a-acca-ec787e91288d,36.8,2026-06-21T12:00:00+00:00,36.8,41293
2026-06-21,hanoi,accepted,cdc1ce8a-2904-475a-acca-ec787e91288d,53.1,2026-06-21T13:00:00+00:00,53.1,41294
2026-06-21,hanoi,accepted,cdc1ce8a-2904-475a-acca-ec787e91288d,61.5,2026-06-21T14:00:00+00:00,61.5,41295
2026-06-21,hanoi,accepted,cdc1ce8a-2904-475a-acca-ec787e91288d,62.2,2026-06-21T15:00:00+00:00,62.2,41296
2026-06-21,hanoi,accepted,cdc1ce8a-2904-475a-acca-ec787e91288d,60.8,2026-06-21T16:00:00+00:00,60.8,41297
2026-06-22,hanoi,accepted,cdc1ce8a-2904-475a-acca-ec787e91288d,57.9,2026-06-21T17:00:00+00:00,57.9,41298
2026-06-22,hanoi,accepted,cdc1ce8a-2904-475a-acca-ec787e91288d,56.9,2026-06-21T18:00:00+00:00,56.9,41299
2026-06-22,hanoi,accepted,cdc1ce8a-2904-475a-acca-ec787e91288d,58.2,2026-06-21T19:00:00+00:00,58.2,41300
2026-06-22,hanoi,accepted,cdc1ce8a-2904-475a-acca-ec787e91288d,58.8,2026-06-21T20:00:00+00:00,58.8,41301
2026-06-22,hanoi,accepted,cdc1ce8a-2904-475a-acca-ec787e91288d,58.3,2026-06-21T21:00:00+00:00,58.3,41302
2026-06-22,hanoi,accepted,cdc1ce8a-2904-475a-acca-ec787e91288d,58.0,2026-06-21T22:00:00+00:00,58.0,41303
2026-06-22,hanoi,accepted,cdc1ce8a-2904-475a-acca-ec787e91288d,58.4,2026-06-21T23:00:00+00:00,58.4,41304
2026-06-22,hanoi,accepted,02c077c0-2dd3-4ab5-a120-79f84e9b85cf,75.2,2026-06-22T00:00:00+00:00,75.2,42313
2026-06-22,hanoi,accepted,02c077c0-2dd3-4ab5-a120-79f84e9b85cf,76.8,2026-06-22T01:00:00+00:00,76.8,42314
2026-06-22,hanoi,accepted,02c077c0-2dd3-4ab5-a120-79f84e9b85cf,46.1,2026-06-22T02:00:00+00:00,46.1,42315
2026-06-22,hanoi,accepted,02c077c0-2dd3-4ab5-a120-79f84e9b85cf,28.8,2026-06-22T03:00:00+00:00,28.8,42316
2026-06-22,hanoi,accepted,02c077c0-2dd3-4ab5-a120-79f84e9b85cf,23.4,2026-06-22T04:00:00+00:00,23.4,42317
2026-06-22,hanoi,accepted,02c077c0-2dd3-4ab5-a120-79f84e9b85cf,18.2,2026-06-22T05:00:00+00:00,18.2,42318
2026-06-22,hanoi,accepted,02c077c0-2dd3-4ab5-a120-79f84e9b85cf,15.8,2026-06-22T06:00:00+00:00,15.8,42319
2026-06-22,hanoi,accepted,02c077c0-2dd3-4ab5-a120-79f84e9b85cf,14.3,2026-06-22T07:00:00+00:00,14.3,42320
2026-06-22,hanoi,accepted,02c077c0-2dd3-4ab5-a120-79f84e9b85cf,13.9,2026-06-22T08:00:00+00:00,13.9,42321
2026-06-22,hanoi,accepted,02c077c0-2dd3-4ab5-a120-79f84e9b85cf,14.2,2026-06-22T09:00:00+00:00,14.2,42322
2026-06-22,hanoi,accepted,02c077c0-2dd3-4ab5-a120-79f84e9b85cf,17.3,2026-06-22T10:00:00+00:00,17.3,42323
2026-06-22,hanoi,accepted,02c077c0-2dd3-4ab5-a120-79f84e9b85cf,23.6,2026-06-22T11:00:00+00:00,23.6,42324
2026-06-22,hanoi,accepted,02c077c0-2dd3-4ab5-a120-79f84e9b85cf,37.1,2026-06-22T12:00:00+00:00,37.1,42325
2026-06-22,hanoi,accepted,02c077c0-2dd3-4ab5-a120-79f84e9b85cf,52.4,2026-06-22T13:00:00+00:00,52.4,42326
2026-06-22,hanoi,accepted,02c077c0-2dd3-4ab5-a120-79f84e9b85cf,54.7,2026-06-22T14:00:00+00:00,54.7,42327
2026-06-22,hanoi,accepted,02c077c0-2dd3-4ab5-a120-79f84e9b85cf,51.9,2026-06-22T15:00:00+00:00,51.9,42328
2026-06-22,hanoi,accepted,02c077c0-2dd3-4ab5-a120-79f84e9b85cf,49.6,2026-06-22T16:00:00+00:00,49.6,42329
2026-06-23,hanoi,accepted,02c077c0-2dd3-4ab5-a120-79f84e9b85cf,45.9,2026-06-22T17:00:00+00:00,45.9,42330
2026-06-23,hanoi,accepted,02c077c0-2dd3-4ab5-a120-79f84e9b85cf,43.3,2026-06-22T18:00:00+00:00,43.3,42331
2026-06-23,hanoi,accepted,02c077c0-2dd3-4ab5-a120-79f84e9b85cf,41.6,2026-06-22T19:00:00+00:00,41.6,42332
2026-06-23,hanoi,accepted,02c077c0-2dd3-4ab5-a120-79f84e9b85cf,40.2,2026-06-22T20:00:00+00:00,40.2,42333
2026-06-23,hanoi,accepted,02c077c0-2dd3-4ab5-a120-79f84e9b85cf,38.3,2026-06-22T21:00:00+00:00,38.3,42334
2026-06-23,hanoi,accepted,02c077c0-2dd3-4ab5-a120-79f84e9b85cf,36.7,2026-06-22T22:00:00+00:00,36.7,42335
2026-06-23,hanoi,accepted,02c077c0-2dd3-4ab5-a120-79f84e9b85cf,35.9,2026-06-22T23:00:00+00:00,35.9,42336
2026-06-23,hanoi,accepted,02c077c0-2dd3-4ab5-a120-79f84e9b85cf,39.3,2026-06-23T00:00:00+00:00,39.3,42337
2026-06-23,hanoi,accepted,02c077c0-2dd3-4ab5-a120-79f84e9b85cf,36.4,2026-06-23T01:00:00+00:00,36.4,42338
2026-06-23,hanoi,accepted,02c077c0-2dd3-4ab5-a120-79f84e9b85cf,23.9,2026-06-23T02:00:00+00:00,23.9,42339
2026-06-23,hanoi,accepted,02c077c0-2dd3-4ab5-a120-79f84e9b85cf,15.9,2026-06-23T03:00:00+00:00,15.9,42340
2026-06-23,hanoi,accepted,02c077c0-2dd3-4ab5-a120-79f84e9b85cf,12.5,2026-06-23T04:00:00+00:00,12.5,42341
2026-06-23,hanoi,accepted,02c077c0-2dd3-4ab5-a120-79f84e9b85cf,10.7,2026-06-23T05:00:00+00:00,10.7,42342
2026-06-23,hanoi,accepted,02c077c0-2dd3-4ab5-a120-79f84e9b85cf,10.1,2026-06-23T06:00:00+00:00,10.1,42343
2026-06-23,hanoi,accepted,02c077c0-2dd3-4ab5-a120-79f84e9b85cf,9.8,2026-06-23T07:00:00+00:00,9.8,42344
2026-06-23,hanoi,accepted,02c077c0-2dd3-4ab5-a120-79f84e9b85cf,9.8,2026-06-23T08:00:00+00:00,9.8,42345
2026-06-23,hanoi,accepted,02c077c0-2dd3-4ab5-a120-79f84e9b85cf,10.2,2026-06-23T09:00:00+00:00,10.2,42346
2026-06-23,hanoi,accepted,02c077c0-2dd3-4ab5-a120-79f84e9b85cf,15.7,2026-06-23T10:00:00+00:00,15.7,42347
2026-06-23,hanoi,accepted,02c077c0-2dd3-4ab5-a120-79f84e9b85cf,31.2,2026-06-23T11:00:00+00:00,31.2,42348
2026-06-23,hanoi,accepted,02c077c0-2dd3-4ab5-a120-79f84e9b85cf,62.2,2026-06-23T12:00:00+00:00,62.2,42349
2026-06-23,hanoi,accepted,02c077c0-2dd3-4ab5-a120-79f84e9b85cf,77.8,2026-06-23T13:00:00+00:00,77.8,42350
2026-06-23,hanoi,accepted,02c077c0-2dd3-4ab5-a120-79f84e9b85cf,74.7,2026-06-23T14:00:00+00:00,74.7,42351
2026-06-23,hanoi,accepted,02c077c0-2dd3-4ab5-a120-79f84e9b85cf,75.2,2026-06-23T15:00:00+00:00,75.2,42352
2026-06-23,hanoi,accepted,02c077c0-2dd3-4ab5-a120-79f84e9b85cf,77.1,2026-06-23T16:00:00+00:00,77.1,42353
2026-06-24,hanoi,accepted,02c077c0-2dd3-4ab5-a120-79f84e9b85cf,75.2,2026-06-23T17:00:00+00:00,75.2,42354
2026-06-24,hanoi,accepted,02c077c0-2dd3-4ab5-a120-79f84e9b85cf,72.6,2026-06-23T18:00:00+00:00,72.6,42355
2026-06-24,hanoi,accepted,02c077c0-2dd3-4ab5-a120-79f84e9b85cf,67.5,2026-06-23T19:00:00+00:00,67.5,42356
2026-06-24,hanoi,accepted,02c077c0-2dd3-4ab5-a120-79f84e9b85cf,55.3,2026-06-23T20:00:00+00:00,55.3,42357
2026-06-24,hanoi,accepted,02c077c0-2dd3-4ab5-a120-79f84e9b85cf,44.1,2026-06-23T21:00:00+00:00,44.1,42358
2026-06-24,hanoi,accepted,02c077c0-2dd3-4ab5-a120-79f84e9b85cf,38.3,2026-06-23T22:00:00+00:00,38.3,42359
2026-06-24,hanoi,accepted,02c077c0-2dd3-4ab5-a120-79f84e9b85cf,36.1,2026-06-23T23:00:00+00:00,36.1,42360
2026-06-24,hanoi,accepted,02c077c0-2dd3-4ab5-a120-79f84e9b85cf,36.8,2026-06-24T00:00:00+00:00,36.8,42361
2026-06-24,hanoi,accepted,02c077c0-2dd3-4ab5-a120-79f84e9b85cf,29.6,2026-06-24T01:00:00+00:00,29.6,42362
2026-06-24,hanoi,accepted,02c077c0-2dd3-4ab5-a120-79f84e9b85cf,21.9,2026-06-24T02:00:00+00:00,21.9,42363
2026-06-24,hanoi,accepted,02c077c0-2dd3-4ab5-a120-79f84e9b85cf,17.8,2026-06-24T03:00:00+00:00,17.8,42364
2026-06-24,hanoi,accepted,02c077c0-2dd3-4ab5-a120-79f84e9b85cf,15.2,2026-06-24T04:00:00+00:00,15.2,42365
2026-06-24,hanoi,accepted,02c077c0-2dd3-4ab5-a120-79f84e9b85cf,13.7,2026-06-24T05:00:00+00:00,13.7,42366
2026-06-24,hanoi,accepted,02c077c0-2dd3-4ab5-a120-79f84e9b85cf,13.1,2026-06-24T06:00:00+00:00,13.1,42367
2026-06-24,hanoi,accepted,02c077c0-2dd3-4ab5-a120-79f84e9b85cf,13.0,2026-06-24T07:00:00+00:00,13.0,42368
2026-06-24,hanoi,accepted,02c077c0-2dd3-4ab5-a120-79f84e9b85cf,13.3,2026-06-24T08:00:00+00:00,13.3,42369
2026-06-24,hanoi,accepted,02c077c0-2dd3-4ab5-a120-79f84e9b85cf,14.0,2026-06-24T09:00:00+00:00,14.0,42370
2026-06-24,hanoi,accepted,02c077c0-2dd3-4ab5-a120-79f84e9b85cf,16.4,2026-06-24T10:00:00+00:00,16.4,42371
2026-06-24,hanoi,accepted,02c077c0-2dd3-4ab5-a120-79f84e9b85cf,41.7,2026-06-24T11:00:00+00:00,41.7,42372
2026-06-24,hanoi,accepted,02c077c0-2dd3-4ab5-a120-79f84e9b85cf,81.3,2026-06-24T12:00:00+00:00,81.3,42373
2026-06-24,hanoi,accepted,02c077c0-2dd3-4ab5-a120-79f84e9b85cf,96.9,2026-06-24T13:00:00+00:00,96.9,42374
2026-06-24,hanoi,accepted,02c077c0-2dd3-4ab5-a120-79f84e9b85cf,85.4,2026-06-24T14:00:00+00:00,85.4,42375
2026-06-24,hanoi,accepted,02c077c0-2dd3-4ab5-a120-79f84e9b85cf,79.9,2026-06-24T15:00:00+00:00,79.9,42376
2026-06-24,hanoi,accepted,02c077c0-2dd3-4ab5-a120-79f84e9b85cf,77.5,2026-06-24T16:00:00+00:00,77.5,42377
2026-06-25,hanoi,accepted,02c077c0-2dd3-4ab5-a120-79f84e9b85cf,78.2,2026-06-24T17:00:00+00:00,78.2,42378
2026-06-25,hanoi,accepted,02c077c0-2dd3-4ab5-a120-79f84e9b85cf,82.0,2026-06-24T18:00:00+00:00,82.0,42379
2026-06-25,hanoi,accepted,02c077c0-2dd3-4ab5-a120-79f84e9b85cf,55.2,2026-06-24T19:00:00+00:00,55.2,42380
2026-06-25,hanoi,accepted,02c077c0-2dd3-4ab5-a120-79f84e9b85cf,37.1,2026-06-24T20:00:00+00:00,37.1,42381
2026-06-25,hanoi,accepted,02c077c0-2dd3-4ab5-a120-79f84e9b85cf,26.8,2026-06-24T21:00:00+00:00,26.8,42382
2026-06-25,hanoi,accepted,02c077c0-2dd3-4ab5-a120-79f84e9b85cf,26.2,2026-06-24T22:00:00+00:00,26.2,42383
2026-06-25,hanoi,accepted,02c077c0-2dd3-4ab5-a120-79f84e9b85cf,28.9,2026-06-24T23:00:00+00:00,28.9,42384
2026-06-25,hanoi,accepted,02c077c0-2dd3-4ab5-a120-79f84e9b85cf,30.0,2026-06-25T00:00:00+00:00,30.0,42385
2026-06-25,hanoi,accepted,02c077c0-2dd3-4ab5-a120-79f84e9b85cf,30.4,2026-06-25T01:00:00+00:00,30.4,42386
2026-06-25,hanoi,accepted,02c077c0-2dd3-4ab5-a120-79f84e9b85cf,30.2,2026-06-25T02:00:00+00:00,30.2,42387
2026-06-25,hanoi,accepted,02c077c0-2dd3-4ab5-a120-79f84e9b85cf,30.7,2026-06-25T03:00:00+00:00,30.7,42388
2026-06-25,hanoi,accepted,02c077c0-2dd3-4ab5-a120-79f84e9b85cf,33.8,2026-06-25T04:00:00+00:00,33.8,42389
2026-06-25,hanoi,accepted,02c077c0-2dd3-4ab5-a120-79f84e9b85cf,36.2,2026-06-25T05:00:00+00:00,36.2,42390
2026-06-25,hanoi,accepted,02c077c0-2dd3-4ab5-a120-79f84e9b85cf,37.7,2026-06-25T06:00:00+00:00,37.7,42391
2026-06-25,hanoi,accepted,02c077c0-2dd3-4ab5-a120-79f84e9b85cf,38.5,2026-06-25T07:00:00+00:00,38.5,42392
2026-06-25,hanoi,accepted,02c077c0-2dd3-4ab5-a120-79f84e9b85cf,38.4,2026-06-25T08:00:00+00:00,38.4,42393
2026-06-25,hanoi,accepted,02c077c0-2dd3-4ab5-a120-79f84e9b85cf,39.5,2026-06-25T09:00:00+00:00,39.5,42394
2026-06-25,hanoi,accepted,02c077c0-2dd3-4ab5-a120-79f84e9b85cf,41.1,2026-06-25T10:00:00+00:00,41.1,42395
2026-06-25,hanoi,accepted,02c077c0-2dd3-4ab5-a120-79f84e9b85cf,48.7,2026-06-25T11:00:00+00:00,48.7,42396
2026-06-25,hanoi,accepted,02c077c0-2dd3-4ab5-a120-79f84e9b85cf,60.5,2026-06-25T12:00:00+00:00,60.5,42397
2026-06-25,hanoi,accepted,02c077c0-2dd3-4ab5-a120-79f84e9b85cf,58.2,2026-06-25T13:00:00+00:00,58.2,42398
2026-06-25,hanoi,accepted,02c077c0-2dd3-4ab5-a120-79f84e9b85cf,49.8,2026-06-25T14:00:00+00:00,49.8,42399
2026-06-25,hanoi,accepted,02c077c0-2dd3-4ab5-a120-79f84e9b85cf,37.1,2026-06-25T15:00:00+00:00,37.1,42400
2026-06-25,hanoi,accepted,02c077c0-2dd3-4ab5-a120-79f84e9b85cf,28.4,2026-06-25T16:00:00+00:00,28.4,42401
2026-06-26,hanoi,accepted,02c077c0-2dd3-4ab5-a120-79f84e9b85cf,22.2,2026-06-25T17:00:00+00:00,22.2,42402
2026-06-26,hanoi,accepted,02c077c0-2dd3-4ab5-a120-79f84e9b85cf,15.8,2026-06-25T18:00:00+00:00,15.8,42403
2026-06-26,hanoi,accepted,02c077c0-2dd3-4ab5-a120-79f84e9b85cf,11.7,2026-06-25T19:00:00+00:00,11.7,42404
2026-06-26,hanoi,accepted,02c077c0-2dd3-4ab5-a120-79f84e9b85cf,12.6,2026-06-25T20:00:00+00:00,12.6,42405
2026-06-26,hanoi,accepted,02c077c0-2dd3-4ab5-a120-79f84e9b85cf,14.2,2026-06-25T21:00:00+00:00,14.2,42406
2026-06-26,hanoi,accepted,02c077c0-2dd3-4ab5-a120-79f84e9b85cf,14.8,2026-06-25T22:00:00+00:00,14.8,42407
2026-06-26,hanoi,accepted,02c077c0-2dd3-4ab5-a120-79f84e9b85cf,17.6,2026-06-25T23:00:00+00:00,17.6,42408
2026-06-26,hanoi,accepted,02c077c0-2dd3-4ab5-a120-79f84e9b85cf,31.7,2026-06-26T00:00:00+00:00,31.7,42409
2026-06-26,hanoi,accepted,02c077c0-2dd3-4ab5-a120-79f84e9b85cf,34.5,2026-06-26T01:00:00+00:00,34.5,42410
2026-06-26,hanoi,accepted,02c077c0-2dd3-4ab5-a120-79f84e9b85cf,29.7,2026-06-26T02:00:00+00:00,29.7,42411
2026-06-26,hanoi,accepted,02c077c0-2dd3-4ab5-a120-79f84e9b85cf,29.3,2026-06-26T03:00:00+00:00,29.3,42412
2026-06-26,hanoi,accepted,02c077c0-2dd3-4ab5-a120-79f84e9b85cf,29.6,2026-06-26T04:00:00+00:00,29.6,42413
2026-06-26,hanoi,accepted,02c077c0-2dd3-4ab5-a120-79f84e9b85cf,29.6,2026-06-26T05:00:00+00:00,29.6,42414
2026-06-26,hanoi,accepted,02c077c0-2dd3-4ab5-a120-79f84e9b85cf,31.3,2026-06-26T06:00:00+00:00,31.3,42415
2026-06-26,hanoi,accepted,02c077c0-2dd3-4ab5-a120-79f84e9b85cf,32.1,2026-06-26T07:00:00+00:00,32.1,42416
2026-06-26,hanoi,accepted,02c077c0-2dd3-4ab5-a120-79f84e9b85cf,31.8,2026-06-26T08:00:00+00:00,31.8,42417
2026-06-26,hanoi,accepted,02c077c0-2dd3-4ab5-a120-79f84e9b85cf,31.8,2026-06-26T09:00:00+00:00,31.8,42418
2026-06-26,hanoi,accepted,02c077c0-2dd3-4ab5-a120-79f84e9b85cf,32.8,2026-06-26T10:00:00+00:00,32.8,42419
2026-06-26,hanoi,accepted,02c077c0-2dd3-4ab5-a120-79f84e9b85cf,38.3,2026-06-26T11:00:00+00:00,38.3,42420
2026-06-26,hanoi,accepted,02c077c0-2dd3-4ab5-a120-79f84e9b85cf,61.5,2026-06-26T12:00:00+00:00,61.5,42421
2026-06-26,hanoi,accepted,02c077c0-2dd3-4ab5-a120-79f84e9b85cf,93.1,2026-06-26T13:00:00+00:00,93.1,42422
2026-06-26,hanoi,accepted,02c077c0-2dd3-4ab5-a120-79f84e9b85cf,105.0,2026-06-26T14:00:00+00:00,105.0,42423
2026-06-26,hanoi,accepted,02c077c0-2dd3-4ab5-a120-79f84e9b85cf,109.9,2026-06-26T15:00:00+00:00,109.9,42424
2026-06-26,hanoi,accepted,02c077c0-2dd3-4ab5-a120-79f84e9b85cf,108.3,2026-06-26T16:00:00+00:00,108.3,42425
2026-06-27,hanoi,accepted,02c077c0-2dd3-4ab5-a120-79f84e9b85cf,115.5,2026-06-26T17:00:00+00:00,115.5,42426
2026-06-27,hanoi,accepted,02c077c0-2dd3-4ab5-a120-79f84e9b85cf,124.3,2026-06-26T18:00:00+00:00,124.3,42427
2026-06-27,hanoi,accepted,02c077c0-2dd3-4ab5-a120-79f84e9b85cf,111.8,2026-06-26T19:00:00+00:00,111.8,42428
2026-06-27,hanoi,accepted,02c077c0-2dd3-4ab5-a120-79f84e9b85cf,105.5,2026-06-26T20:00:00+00:00,105.5,42429
2026-06-27,hanoi,accepted,02c077c0-2dd3-4ab5-a120-79f84e9b85cf,99.4,2026-06-26T21:00:00+00:00,99.4,42430
2026-06-27,hanoi,accepted,02c077c0-2dd3-4ab5-a120-79f84e9b85cf,91.5,2026-06-26T22:00:00+00:00,91.5,42431
2026-06-27,hanoi,accepted,02c077c0-2dd3-4ab5-a120-79f84e9b85cf,85.4,2026-06-26T23:00:00+00:00,85.4,42432
2026-06-27,hanoi,accepted,02c077c0-2dd3-4ab5-a120-79f84e9b85cf,50.1,2026-06-27T00:00:00+00:00,50.1,42433
2026-06-27,hanoi,accepted,02c077c0-2dd3-4ab5-a120-79f84e9b85cf,43.7,2026-06-27T01:00:00+00:00,43.7,42434
2026-06-27,hanoi,accepted,02c077c0-2dd3-4ab5-a120-79f84e9b85cf,35.2,2026-06-27T02:00:00+00:00,35.2,42435
2026-06-27,hanoi,accepted,02c077c0-2dd3-4ab5-a120-79f84e9b85cf,31.3,2026-06-27T03:00:00+00:00,31.3,42436
2026-06-27,hanoi,accepted,02c077c0-2dd3-4ab5-a120-79f84e9b85cf,29.3,2026-06-27T04:00:00+00:00,29.3,42437
2026-06-27,hanoi,accepted,02c077c0-2dd3-4ab5-a120-79f84e9b85cf,29.9,2026-06-27T05:00:00+00:00,29.9,42438
2026-06-27,hanoi,accepted,02c077c0-2dd3-4ab5-a120-79f84e9b85cf,31.8,2026-06-27T06:00:00+00:00,31.8,42439
2026-06-27,hanoi,accepted,02c077c0-2dd3-4ab5-a120-79f84e9b85cf,34.0,2026-06-27T07:00:00+00:00,34.0,42440
2026-06-27,hanoi,accepted,02c077c0-2dd3-4ab5-a120-79f84e9b85cf,35.7,2026-06-27T08:00:00+00:00,35.7,42441
2026-06-27,hanoi,accepted,02c077c0-2dd3-4ab5-a120-79f84e9b85cf,36.0,2026-06-27T09:00:00+00:00,36.0,42442
2026-06-27,hanoi,accepted,02c077c0-2dd3-4ab5-a120-79f84e9b85cf,36.7,2026-06-27T10:00:00+00:00,36.7,42443
2026-06-27,hanoi,accepted,02c077c0-2dd3-4ab5-a120-79f84e9b85cf,43.2,2026-06-27T11:00:00+00:00,43.2,42444
2026-06-27,hanoi,accepted,02c077c0-2dd3-4ab5-a120-79f84e9b85cf,50.2,2026-06-27T12:00:00+00:00,50.2,42445
2026-06-27,hanoi,accepted,02c077c0-2dd3-4ab5-a120-79f84e9b85cf,68.0,2026-06-27T13:00:00+00:00,68.0,42446
2026-06-27,hanoi,accepted,02c077c0-2dd3-4ab5-a120-79f84e9b85cf,70.8,2026-06-27T14:00:00+00:00,70.8,42447
2026-06-27,hanoi,accepted,02c077c0-2dd3-4ab5-a120-79f84e9b85cf,69.4,2026-06-27T15:00:00+00:00,69.4,42448
2026-06-27,hanoi,accepted,02c077c0-2dd3-4ab5-a120-79f84e9b85cf,74.0,2026-06-27T16:00:00+00:00,74.0,42449
2026-06-28,hanoi,accepted,02c077c0-2dd3-4ab5-a120-79f84e9b85cf,80.6,2026-06-27T17:00:00+00:00,80.6,42450
2026-06-28,hanoi,accepted,02c077c0-2dd3-4ab5-a120-79f84e9b85cf,85.9,2026-06-27T18:00:00+00:00,85.9,42451
2026-06-28,hanoi,accepted,02c077c0-2dd3-4ab5-a120-79f84e9b85cf,73.8,2026-06-27T19:00:00+00:00,73.8,42452
2026-06-28,hanoi,accepted,02c077c0-2dd3-4ab5-a120-79f84e9b85cf,56.8,2026-06-27T20:00:00+00:00,56.8,42453
2026-06-28,hanoi,accepted,02c077c0-2dd3-4ab5-a120-79f84e9b85cf,45.9,2026-06-27T21:00:00+00:00,45.9,42454
2026-06-28,hanoi,accepted,02c077c0-2dd3-4ab5-a120-79f84e9b85cf,39.8,2026-06-27T22:00:00+00:00,39.8,42455
2026-06-28,hanoi,accepted,02c077c0-2dd3-4ab5-a120-79f84e9b85cf,35.6,2026-06-27T23:00:00+00:00,35.6,42456
2026-06-28,hanoi,accepted,02c077c0-2dd3-4ab5-a120-79f84e9b85cf,31.2,2026-06-28T00:00:00+00:00,31.2,42457
2026-06-28,hanoi,accepted,02c077c0-2dd3-4ab5-a120-79f84e9b85cf,28.9,2026-06-28T01:00:00+00:00,28.9,42458
2026-06-28,hanoi,accepted,02c077c0-2dd3-4ab5-a120-79f84e9b85cf,24.7,2026-06-28T02:00:00+00:00,24.7,42459
2026-06-28,hanoi,accepted,02c077c0-2dd3-4ab5-a120-79f84e9b85cf,27.2,2026-06-28T03:00:00+00:00,27.2,42460
2026-06-28,hanoi,accepted,02c077c0-2dd3-4ab5-a120-79f84e9b85cf,30.6,2026-06-28T04:00:00+00:00,30.6,42461
2026-06-28,hanoi,accepted,02c077c0-2dd3-4ab5-a120-79f84e9b85cf,37.5,2026-06-28T05:00:00+00:00,37.5,42462
2026-06-28,hanoi,accepted,02c077c0-2dd3-4ab5-a120-79f84e9b85cf,37.8,2026-06-28T06:00:00+00:00,37.8,42463
2026-06-28,hanoi,accepted,02c077c0-2dd3-4ab5-a120-79f84e9b85cf,39.7,2026-06-28T07:00:00+00:00,39.7,42464
2026-06-28,hanoi,accepted,02c077c0-2dd3-4ab5-a120-79f84e9b85cf,41.9,2026-06-28T08:00:00+00:00,41.9,42465
2026-06-28,hanoi,accepted,02c077c0-2dd3-4ab5-a120-79f84e9b85cf,43.0,2026-06-28T09:00:00+00:00,43.0,42466
2026-06-28,hanoi,accepted,02c077c0-2dd3-4ab5-a120-79f84e9b85cf,43.4,2026-06-28T10:00:00+00:00,43.4,42467
2026-06-28,hanoi,accepted,02c077c0-2dd3-4ab5-a120-79f84e9b85cf,48.2,2026-06-28T11:00:00+00:00,48.2,42468
2026-06-28,hanoi,accepted,02c077c0-2dd3-4ab5-a120-79f84e9b85cf,52.5,2026-06-28T12:00:00+00:00,52.5,42469
2026-06-28,hanoi,accepted,02c077c0-2dd3-4ab5-a120-79f84e9b85cf,54.2,2026-06-28T13:00:00+00:00,54.2,42470
2026-06-28,hanoi,accepted,02c077c0-2dd3-4ab5-a120-79f84e9b85cf,58.6,2026-06-28T14:00:00+00:00,58.6,42471
2026-06-28,hanoi,accepted,02c077c0-2dd3-4ab5-a120-79f84e9b85cf,58.7,2026-06-28T15:00:00+00:00,58.7,42472
2026-06-28,hanoi,accepted,02c077c0-2dd3-4ab5-a120-79f84e9b85cf,62.4,2026-06-28T16:00:00+00:00,62.4,42473
2026-06-29,hanoi,accepted,02c077c0-2dd3-4ab5-a120-79f84e9b85cf,56.9,2026-06-28T17:00:00+00:00,56.9,42474
2026-06-29,hanoi,accepted,02c077c0-2dd3-4ab5-a120-79f84e9b85cf,53.1,2026-06-28T18:00:00+00:00,53.1,42475
2026-06-29,hanoi,accepted,02c077c0-2dd3-4ab5-a120-79f84e9b85cf,43.7,2026-06-28T19:00:00+00:00,43.7,42476
2026-06-29,hanoi,accepted,02c077c0-2dd3-4ab5-a120-79f84e9b85cf,34.9,2026-06-28T20:00:00+00:00,34.9,42477
2026-06-29,hanoi,accepted,02c077c0-2dd3-4ab5-a120-79f84e9b85cf,22.4,2026-06-28T21:00:00+00:00,22.4,42478
2026-06-29,hanoi,accepted,02c077c0-2dd3-4ab5-a120-79f84e9b85cf,17.9,2026-06-28T22:00:00+00:00,17.9,42479
2026-06-29,hanoi,accepted,02c077c0-2dd3-4ab5-a120-79f84e9b85cf,17.3,2026-06-28T23:00:00+00:00,17.3,42480
2026-06-29,hanoi,accepted,5207ad3c-13d7-4aa7-b775-6c416571f460,18.3,2026-06-29T00:00:00+00:00,18.3,43489
2026-06-29,hanoi,accepted,5207ad3c-13d7-4aa7-b775-6c416571f460,19.7,2026-06-29T01:00:00+00:00,19.7,43490
2026-06-29,hanoi,accepted,5207ad3c-13d7-4aa7-b775-6c416571f460,20.5,2026-06-29T02:00:00+00:00,20.5,43491
2026-06-29,hanoi,accepted,5207ad3c-13d7-4aa7-b775-6c416571f460,23.6,2026-06-29T03:00:00+00:00,23.6,43492
2026-06-29,hanoi,accepted,5207ad3c-13d7-4aa7-b775-6c416571f460,24.5,2026-06-29T04:00:00+00:00,24.5,43493
2026-06-29,hanoi,accepted,5207ad3c-13d7-4aa7-b775-6c416571f460,25.3,2026-06-29T05:00:00+00:00,25.3,43494
2026-06-29,hanoi,accepted,5207ad3c-13d7-4aa7-b775-6c416571f460,25.3,2026-06-29T06:00:00+00:00,25.3,43495
2026-06-29,hanoi,accepted,5207ad3c-13d7-4aa7-b775-6c416571f460,25.8,2026-06-29T07:00:00+00:00,25.8,43496
2026-06-29,hanoi,accepted,5207ad3c-13d7-4aa7-b775-6c416571f460,28.5,2026-06-29T08:00:00+00:00,28.5,43497
2026-06-29,hanoi,accepted,5207ad3c-13d7-4aa7-b775-6c416571f460,33.4,2026-06-29T09:00:00+00:00,33.4,43498
2026-06-29,hanoi,accepted,5207ad3c-13d7-4aa7-b775-6c416571f460,37.6,2026-06-29T10:00:00+00:00,37.6,43499
2026-06-29,hanoi,accepted,5207ad3c-13d7-4aa7-b775-6c416571f460,46.0,2026-06-29T11:00:00+00:00,46.0,43500
2026-06-29,hanoi,accepted,5207ad3c-13d7-4aa7-b775-6c416571f460,63.3,2026-06-29T12:00:00+00:00,63.3,43501
2026-06-29,hanoi,accepted,5207ad3c-13d7-4aa7-b775-6c416571f460,57.9,2026-06-29T13:00:00+00:00,57.9,43502
2026-06-29,hanoi,accepted,5207ad3c-13d7-4aa7-b775-6c416571f460,51.3,2026-06-29T14:00:00+00:00,51.3,43503
2026-06-29,hanoi,accepted,5207ad3c-13d7-4aa7-b775-6c416571f460,43.4,2026-06-29T15:00:00+00:00,43.4,43504
2026-06-29,hanoi,accepted,5207ad3c-13d7-4aa7-b775-6c416571f460,41.6,2026-06-29T16:00:00+00:00,41.6,43505
2026-06-30,hanoi,accepted,5207ad3c-13d7-4aa7-b775-6c416571f460,36.1,2026-06-29T17:00:00+00:00,36.1,43506
2026-06-30,hanoi,accepted,5207ad3c-13d7-4aa7-b775-6c416571f460,31.7,2026-06-29T18:00:00+00:00,31.7,43507
2026-06-30,hanoi,accepted,5207ad3c-13d7-4aa7-b775-6c416571f460,26.3,2026-06-29T19:00:00+00:00,26.3,43508
2026-06-30,hanoi,accepted,5207ad3c-13d7-4aa7-b775-6c416571f460,22.6,2026-06-29T20:00:00+00:00,22.6,43509
2026-06-30,hanoi,accepted,5207ad3c-13d7-4aa7-b775-6c416571f460,20.6,2026-06-29T21:00:00+00:00,20.6,43510
2026-06-30,hanoi,accepted,5207ad3c-13d7-4aa7-b775-6c416571f460,18.2,2026-06-29T22:00:00+00:00,18.2,43511
2026-06-30,hanoi,accepted,5207ad3c-13d7-4aa7-b775-6c416571f460,17.5,2026-06-29T23:00:00+00:00,17.5,43512
2026-06-30,hanoi,accepted,5207ad3c-13d7-4aa7-b775-6c416571f460,15.7,2026-06-30T00:00:00+00:00,15.7,43513
2026-06-30,hanoi,accepted,5207ad3c-13d7-4aa7-b775-6c416571f460,18.5,2026-06-30T01:00:00+00:00,18.5,43514
2026-06-30,hanoi,accepted,5207ad3c-13d7-4aa7-b775-6c416571f460,20.9,2026-06-30T02:00:00+00:00,20.9,43515
2026-06-30,hanoi,accepted,5207ad3c-13d7-4aa7-b775-6c416571f460,22.2,2026-06-30T03:00:00+00:00,22.2,43516
2026-06-30,hanoi,accepted,5207ad3c-13d7-4aa7-b775-6c416571f460,21.1,2026-06-30T04:00:00+00:00,21.1,43517
2026-06-30,hanoi,accepted,5207ad3c-13d7-4aa7-b775-6c416571f460,20.0,2026-06-30T05:00:00+00:00,20.0,43518
2026-06-30,hanoi,accepted,5207ad3c-13d7-4aa7-b775-6c416571f460,19.6,2026-06-30T06:00:00+00:00,19.6,43519
2026-06-30,hanoi,accepted,5207ad3c-13d7-4aa7-b775-6c416571f460,20.3,2026-06-30T07:00:00+00:00,20.3,43520
2026-06-30,hanoi,accepted,5207ad3c-13d7-4aa7-b775-6c416571f460,23.6,2026-06-30T08:00:00+00:00,23.6,43521
2026-06-30,hanoi,accepted,5207ad3c-13d7-4aa7-b775-6c416571f460,21.8,2026-06-30T09:00:00+00:00,21.8,43522
2026-06-30,hanoi,accepted,5207ad3c-13d7-4aa7-b775-6c416571f460,26.4,2026-06-30T10:00:00+00:00,26.4,43523
2026-06-30,hanoi,accepted,5207ad3c-13d7-4aa7-b775-6c416571f460,34.7,2026-06-30T11:00:00+00:00,34.7,43524
2026-06-30,hanoi,accepted,5207ad3c-13d7-4aa7-b775-6c416571f460,53.3,2026-06-30T12:00:00+00:00,53.3,43525
2026-06-30,hanoi,accepted,5207ad3c-13d7-4aa7-b775-6c416571f460,46.1,2026-06-30T13:00:00+00:00,46.1,43526
2026-06-30,hanoi,accepted,5207ad3c-13d7-4aa7-b775-6c416571f460,38.6,2026-06-30T14:00:00+00:00,38.6,43527
2026-06-30,hanoi,accepted,5207ad3c-13d7-4aa7-b775-6c416571f460,35.6,2026-06-30T15:00:00+00:00,35.6,43528
2026-06-30,hanoi,accepted,5207ad3c-13d7-4aa7-b775-6c416571f460,31.8,2026-06-30T16:00:00+00:00,31.8,43529
2026-07-01,hanoi,accepted,5207ad3c-13d7-4aa7-b775-6c416571f460,21.2,2026-06-30T17:00:00+00:00,21.2,43530
2026-07-01,hanoi,accepted,5207ad3c-13d7-4aa7-b775-6c416571f460,20.4,2026-06-30T18:00:00+00:00,20.4,43531
2026-07-01,hanoi,accepted,5207ad3c-13d7-4aa7-b775-6c416571f460,17.7,2026-06-30T19:00:00+00:00,17.7,43532
2026-07-01,hanoi,accepted,5207ad3c-13d7-4aa7-b775-6c416571f460,17.8,2026-06-30T20:00:00+00:00,17.8,43533
2026-07-01,hanoi,accepted,5207ad3c-13d7-4aa7-b775-6c416571f460,18.3,2026-06-30T21:00:00+00:00,18.3,43534
2026-07-01,hanoi,accepted,5207ad3c-13d7-4aa7-b775-6c416571f460,19.8,2026-06-30T22:00:00+00:00,19.8,43535
2026-07-01,hanoi,accepted,5207ad3c-13d7-4aa7-b775-6c416571f460,20.5,2026-06-30T23:00:00+00:00,20.5,43536
2026-07-01,hanoi,accepted,5207ad3c-13d7-4aa7-b775-6c416571f460,16.8,2026-07-01T00:00:00+00:00,16.8,43537
2026-07-01,hanoi,accepted,5207ad3c-13d7-4aa7-b775-6c416571f460,19.8,2026-07-01T01:00:00+00:00,19.8,43538
2026-07-01,hanoi,accepted,5207ad3c-13d7-4aa7-b775-6c416571f460,14.6,2026-07-01T02:00:00+00:00,14.6,43539
2026-07-01,hanoi,accepted,5207ad3c-13d7-4aa7-b775-6c416571f460,15.4,2026-07-01T03:00:00+00:00,15.4,43540
2026-07-01,hanoi,accepted,5207ad3c-13d7-4aa7-b775-6c416571f460,16.7,2026-07-01T04:00:00+00:00,16.7,43541
2026-07-01,hanoi,accepted,5207ad3c-13d7-4aa7-b775-6c416571f460,21.1,2026-07-01T05:00:00+00:00,21.1,43542
2026-07-01,hanoi,accepted,5207ad3c-13d7-4aa7-b775-6c416571f460,24.9,2026-07-01T06:00:00+00:00,24.9,43543
2026-07-01,hanoi,accepted,5207ad3c-13d7-4aa7-b775-6c416571f460,26.3,2026-07-01T07:00:00+00:00,26.3,43544
2026-07-01,hanoi,accepted,5207ad3c-13d7-4aa7-b775-6c416571f460,31.0,2026-07-01T08:00:00+00:00,31.0,43545
2026-07-01,hanoi,accepted,5207ad3c-13d7-4aa7-b775-6c416571f460,32.1,2026-07-01T09:00:00+00:00,32.1,43546
2026-07-01,hanoi,accepted,5207ad3c-13d7-4aa7-b775-6c416571f460,34.9,2026-07-01T10:00:00+00:00,34.9,43547
2026-07-01,hanoi,accepted,5207ad3c-13d7-4aa7-b775-6c416571f460,38.5,2026-07-01T11:00:00+00:00,38.5,43548
2026-07-01,hanoi,accepted,5207ad3c-13d7-4aa7-b775-6c416571f460,39.1,2026-07-01T12:00:00+00:00,39.1,43549
2026-07-01,hanoi,accepted,5207ad3c-13d7-4aa7-b775-6c416571f460,45.9,2026-07-01T13:00:00+00:00,45.9,43550
2026-07-01,hanoi,accepted,5207ad3c-13d7-4aa7-b775-6c416571f460,53.4,2026-07-01T14:00:00+00:00,53.4,43551
2026-07-01,hanoi,accepted,5207ad3c-13d7-4aa7-b775-6c416571f460,58.2,2026-07-01T15:00:00+00:00,58.2,43552
2026-07-01,hanoi,accepted,5207ad3c-13d7-4aa7-b775-6c416571f460,59.8,2026-07-01T16:00:00+00:00,59.8,43553
2026-07-02,hanoi,accepted,5207ad3c-13d7-4aa7-b775-6c416571f460,55.2,2026-07-01T17:00:00+00:00,55.2,43554
2026-07-02,hanoi,accepted,5207ad3c-13d7-4aa7-b775-6c416571f460,44.8,2026-07-01T18:00:00+00:00,44.8,43555
2026-07-02,hanoi,accepted,5207ad3c-13d7-4aa7-b775-6c416571f460,36.9,2026-07-01T19:00:00+00:00,36.9,43556
2026-07-02,hanoi,accepted,5207ad3c-13d7-4aa7-b775-6c416571f460,33.2,2026-07-01T20:00:00+00:00,33.2,43557
2026-07-02,hanoi,accepted,5207ad3c-13d7-4aa7-b775-6c416571f460,33.5,2026-07-01T21:00:00+00:00,33.5,43558
2026-07-02,hanoi,accepted,5207ad3c-13d7-4aa7-b775-6c416571f460,28.8,2026-07-01T22:00:00+00:00,28.8,43559
2026-07-02,hanoi,accepted,5207ad3c-13d7-4aa7-b775-6c416571f460,28.2,2026-07-01T23:00:00+00:00,28.2,43560
2026-07-02,hanoi,accepted,5207ad3c-13d7-4aa7-b775-6c416571f460,20.4,2026-07-02T00:00:00+00:00,20.4,43561
2026-07-02,hanoi,accepted,5207ad3c-13d7-4aa7-b775-6c416571f460,21.5,2026-07-02T01:00:00+00:00,21.5,43562
2026-07-02,hanoi,accepted,5207ad3c-13d7-4aa7-b775-6c416571f460,16.2,2026-07-02T02:00:00+00:00,16.2,43563
2026-07-02,hanoi,accepted,5207ad3c-13d7-4aa7-b775-6c416571f460,13.7,2026-07-02T03:00:00+00:00,13.7,43564
2026-07-02,hanoi,accepted,5207ad3c-13d7-4aa7-b775-6c416571f460,15.7,2026-07-02T04:00:00+00:00,15.7,43565
2026-07-02,hanoi,accepted,5207ad3c-13d7-4aa7-b775-6c416571f460,18.1,2026-07-02T05:00:00+00:00,18.1,43566
2026-07-02,hanoi,accepted,5207ad3c-13d7-4aa7-b775-6c416571f460,20.8,2026-07-02T06:00:00+00:00,20.8,43567
2026-07-02,hanoi,accepted,5207ad3c-13d7-4aa7-b775-6c416571f460,24.3,2026-07-02T07:00:00+00:00,24.3,43568
2026-07-02,hanoi,accepted,5207ad3c-13d7-4aa7-b775-6c416571f460,26.7,2026-07-02T08:00:00+00:00,26.7,43569
2026-07-02,hanoi,accepted,5207ad3c-13d7-4aa7-b775-6c416571f460,28.5,2026-07-02T09:00:00+00:00,28.5,43570
2026-07-02,hanoi,accepted,5207ad3c-13d7-4aa7-b775-6c416571f460,31.2,2026-07-02T10:00:00+00:00,31.2,43571
2026-07-02,hanoi,accepted,5207ad3c-13d7-4aa7-b775-6c416571f460,34.8,2026-07-02T11:00:00+00:00,34.8,43572
2026-07-02,hanoi,accepted,5207ad3c-13d7-4aa7-b775-6c416571f460,69.4,2026-07-02T12:00:00+00:00,69.4,43573
2026-07-02,hanoi,accepted,5207ad3c-13d7-4aa7-b775-6c416571f460,107.8,2026-07-02T13:00:00+00:00,107.8,43574
2026-07-02,hanoi,accepted,5207ad3c-13d7-4aa7-b775-6c416571f460,136.0,2026-07-02T14:00:00+00:00,136.0,43575
2026-07-02,hanoi,accepted,5207ad3c-13d7-4aa7-b775-6c416571f460,149.9,2026-07-02T15:00:00+00:00,149.9,43576
2026-07-02,hanoi,accepted,5207ad3c-13d7-4aa7-b775-6c416571f460,143.4,2026-07-02T16:00:00+00:00,143.4,43577
2026-07-03,hanoi,accepted,5207ad3c-13d7-4aa7-b775-6c416571f460,123.9,2026-07-02T17:00:00+00:00,123.9,43578
2026-07-03,hanoi,accepted,5207ad3c-13d7-4aa7-b775-6c416571f460,104.1,2026-07-02T18:00:00+00:00,104.1,43579
2026-07-03,hanoi,accepted,5207ad3c-13d7-4aa7-b775-6c416571f460,87.1,2026-07-02T19:00:00+00:00,87.1,43580
2026-07-03,hanoi,accepted,5207ad3c-13d7-4aa7-b775-6c416571f460,75.7,2026-07-02T20:00:00+00:00,75.7,43581
2026-07-03,hanoi,accepted,5207ad3c-13d7-4aa7-b775-6c416571f460,68.5,2026-07-02T21:00:00+00:00,68.5,43582
2026-07-03,hanoi,accepted,5207ad3c-13d7-4aa7-b775-6c416571f460,57.0,2026-07-02T22:00:00+00:00,57.0,43583
2026-07-03,hanoi,accepted,5207ad3c-13d7-4aa7-b775-6c416571f460,47.7,2026-07-02T23:00:00+00:00,47.7,43584
2026-07-03,hanoi,accepted,5207ad3c-13d7-4aa7-b775-6c416571f460,56.2,2026-07-03T00:00:00+00:00,56.2,43585
2026-07-03,hanoi,accepted,5207ad3c-13d7-4aa7-b775-6c416571f460,42.8,2026-07-03T01:00:00+00:00,42.8,43586
2026-07-03,hanoi,accepted,5207ad3c-13d7-4aa7-b775-6c416571f460,34.0,2026-07-03T02:00:00+00:00,34.0,43587
2026-07-03,hanoi,accepted,5207ad3c-13d7-4aa7-b775-6c416571f460,29.5,2026-07-03T03:00:00+00:00,29.5,43588
2026-07-03,hanoi,accepted,5207ad3c-13d7-4aa7-b775-6c416571f460,26.1,2026-07-03T04:00:00+00:00,26.1,43589
2026-07-03,hanoi,accepted,5207ad3c-13d7-4aa7-b775-6c416571f460,21.4,2026-07-03T05:00:00+00:00,21.4,43590
2026-07-03,hanoi,accepted,5207ad3c-13d7-4aa7-b775-6c416571f460,21.9,2026-07-03T06:00:00+00:00,21.9,43591
2026-07-03,hanoi,accepted,5207ad3c-13d7-4aa7-b775-6c416571f460,23.3,2026-07-03T07:00:00+00:00,23.3,43592
2026-07-03,hanoi,accepted,5207ad3c-13d7-4aa7-b775-6c416571f460,23.2,2026-07-03T08:00:00+00:00,23.2,43593
2026-07-03,hanoi,accepted,5207ad3c-13d7-4aa7-b775-6c416571f460,25.0,2026-07-03T09:00:00+00:00,25.0,43594
2026-07-03,hanoi,accepted,5207ad3c-13d7-4aa7-b775-6c416571f460,23.5,2026-07-03T10:00:00+00:00,23.5,43595
2026-07-03,hanoi,accepted,5207ad3c-13d7-4aa7-b775-6c416571f460,25.1,2026-07-03T11:00:00+00:00,25.1,43596
2026-07-03,hanoi,accepted,5207ad3c-13d7-4aa7-b775-6c416571f460,42.4,2026-07-03T12:00:00+00:00,42.4,43597
2026-07-03,hanoi,accepted,5207ad3c-13d7-4aa7-b775-6c416571f460,33.8,2026-07-03T13:00:00+00:00,33.8,43598
2026-07-03,hanoi,accepted,5207ad3c-13d7-4aa7-b775-6c416571f460,31.3,2026-07-03T14:00:00+00:00,31.3,43599
2026-07-03,hanoi,accepted,5207ad3c-13d7-4aa7-b775-6c416571f460,29.6,2026-07-03T15:00:00+00:00,29.6,43600
2026-07-03,hanoi,accepted,5207ad3c-13d7-4aa7-b775-6c416571f460,27.9,2026-07-03T16:00:00+00:00,27.9,43601
2026-07-04,hanoi,accepted,5207ad3c-13d7-4aa7-b775-6c416571f460,21.4,2026-07-03T17:00:00+00:00,21.4,43602
2026-07-04,hanoi,accepted,5207ad3c-13d7-4aa7-b775-6c416571f460,16.6,2026-07-03T18:00:00+00:00,16.6,43603
2026-07-04,hanoi,accepted,5207ad3c-13d7-4aa7-b775-6c416571f460,15.1,2026-07-03T19:00:00+00:00,15.1,43604
2026-07-04,hanoi,accepted,5207ad3c-13d7-4aa7-b775-6c416571f460,14.0,2026-07-03T20:00:00+00:00,14.0,43605
2026-07-04,hanoi,accepted,5207ad3c-13d7-4aa7-b775-6c416571f460,13.7,2026-07-03T21:00:00+00:00,13.7,43606
2026-07-04,hanoi,accepted,5207ad3c-13d7-4aa7-b775-6c416571f460,14.3,2026-07-03T22:00:00+00:00,14.3,43607
2026-07-04,hanoi,accepted,5207ad3c-13d7-4aa7-b775-6c416571f460,15.4,2026-07-03T23:00:00+00:00,15.4,43608
2026-07-04,hanoi,accepted,5207ad3c-13d7-4aa7-b775-6c416571f460,16.3,2026-07-04T00:00:00+00:00,16.3,43609
2026-07-04,hanoi,accepted,5207ad3c-13d7-4aa7-b775-6c416571f460,16.4,2026-07-04T01:00:00+00:00,16.4,43610
2026-07-04,hanoi,accepted,5207ad3c-13d7-4aa7-b775-6c416571f460,15.7,2026-07-04T02:00:00+00:00,15.7,43611
2026-07-04,hanoi,accepted,5207ad3c-13d7-4aa7-b775-6c416571f460,12.5,2026-07-04T03:00:00+00:00,12.5,43612
2026-07-04,hanoi,accepted,5207ad3c-13d7-4aa7-b775-6c416571f460,8.0,2026-07-04T04:00:00+00:00,8.0,43613
2026-07-04,hanoi,accepted,5207ad3c-13d7-4aa7-b775-6c416571f460,7.5,2026-07-04T05:00:00+00:00,7.5,43614
2026-07-04,hanoi,accepted,5207ad3c-13d7-4aa7-b775-6c416571f460,7.3,2026-07-04T06:00:00+00:00,7.3,43615
2026-07-04,hanoi,accepted,5207ad3c-13d7-4aa7-b775-6c416571f460,9.3,2026-07-04T07:00:00+00:00,9.3,43616
2026-07-04,hanoi,accepted,5207ad3c-13d7-4aa7-b775-6c416571f460,11.2,2026-07-04T08:00:00+00:00,11.2,43617
2026-07-04,hanoi,accepted,5207ad3c-13d7-4aa7-b775-6c416571f460,13.8,2026-07-04T09:00:00+00:00,13.8,43618
2026-07-04,hanoi,accepted,5207ad3c-13d7-4aa7-b775-6c416571f460,16.6,2026-07-04T10:00:00+00:00,16.6,43619
2026-07-04,hanoi,accepted,5207ad3c-13d7-4aa7-b775-6c416571f460,17.2,2026-07-04T11:00:00+00:00,17.2,43620
2026-07-04,hanoi,accepted,5207ad3c-13d7-4aa7-b775-6c416571f460,25.7,2026-07-04T12:00:00+00:00,25.7,43621
2026-07-04,hanoi,accepted,5207ad3c-13d7-4aa7-b775-6c416571f460,22.7,2026-07-04T13:00:00+00:00,22.7,43622
2026-07-04,hanoi,accepted,5207ad3c-13d7-4aa7-b775-6c416571f460,21.6,2026-07-04T14:00:00+00:00,21.6,43623
2026-07-04,hanoi,accepted,5207ad3c-13d7-4aa7-b775-6c416571f460,21.2,2026-07-04T15:00:00+00:00,21.2,43624
2026-07-04,hanoi,accepted,5207ad3c-13d7-4aa7-b775-6c416571f460,22.0,2026-07-04T16:00:00+00:00,22.0,43625
2026-07-05,hanoi,accepted,5207ad3c-13d7-4aa7-b775-6c416571f460,21.5,2026-07-04T17:00:00+00:00,21.5,43626
2026-07-05,hanoi,accepted,5207ad3c-13d7-4aa7-b775-6c416571f460,21.2,2026-07-04T18:00:00+00:00,21.2,43627
2026-07-05,hanoi,accepted,5207ad3c-13d7-4aa7-b775-6c416571f460,20.8,2026-07-04T19:00:00+00:00,20.8,43628
2026-07-05,hanoi,accepted,5207ad3c-13d7-4aa7-b775-6c416571f460,19.2,2026-07-04T20:00:00+00:00,19.2,43629
2026-07-05,hanoi,accepted,5207ad3c-13d7-4aa7-b775-6c416571f460,16.9,2026-07-04T21:00:00+00:00,16.9,43630
2026-07-05,hanoi,accepted,5207ad3c-13d7-4aa7-b775-6c416571f460,15.9,2026-07-04T22:00:00+00:00,15.9,43631
2026-07-05,hanoi,accepted,5207ad3c-13d7-4aa7-b775-6c416571f460,16.3,2026-07-04T23:00:00+00:00,16.3,43632
2026-07-05,hanoi,accepted,5207ad3c-13d7-4aa7-b775-6c416571f460,15.8,2026-07-05T00:00:00+00:00,15.8,43633
2026-07-05,hanoi,accepted,5207ad3c-13d7-4aa7-b775-6c416571f460,21.2,2026-07-05T01:00:00+00:00,21.2,43634
2026-07-05,hanoi,accepted,5207ad3c-13d7-4aa7-b775-6c416571f460,21.0,2026-07-05T02:00:00+00:00,21.0,43635
2026-07-05,hanoi,accepted,5207ad3c-13d7-4aa7-b775-6c416571f460,20.5,2026-07-05T03:00:00+00:00,20.5,43636
2026-07-05,hanoi,accepted,5207ad3c-13d7-4aa7-b775-6c416571f460,20.1,2026-07-05T04:00:00+00:00,20.1,43637
2026-07-05,hanoi,accepted,5207ad3c-13d7-4aa7-b775-6c416571f460,21.0,2026-07-05T05:00:00+00:00,21.0,43638
2026-07-05,hanoi,accepted,5207ad3c-13d7-4aa7-b775-6c416571f460,22.9,2026-07-05T06:00:00+00:00,22.9,43639
2026-07-05,hanoi,accepted,5207ad3c-13d7-4aa7-b775-6c416571f460,25.8,2026-07-05T07:00:00+00:00,25.8,43640
2026-07-05,hanoi,accepted,5207ad3c-13d7-4aa7-b775-6c416571f460,27.0,2026-07-05T08:00:00+00:00,27.0,43641
2026-07-05,hanoi,accepted,5207ad3c-13d7-4aa7-b775-6c416571f460,30.6,2026-07-05T09:00:00+00:00,30.6,43642
2026-07-05,hanoi,accepted,5207ad3c-13d7-4aa7-b775-6c416571f460,35.6,2026-07-05T10:00:00+00:00,35.6,43643
2026-07-05,hanoi,accepted,5207ad3c-13d7-4aa7-b775-6c416571f460,38.4,2026-07-05T11:00:00+00:00,38.4,43644
2026-07-05,hanoi,accepted,5207ad3c-13d7-4aa7-b775-6c416571f460,43.3,2026-07-05T12:00:00+00:00,43.3,43645
2026-07-05,hanoi,accepted,5207ad3c-13d7-4aa7-b775-6c416571f460,49.1,2026-07-05T13:00:00+00:00,49.1,43646
2026-07-05,hanoi,accepted,5207ad3c-13d7-4aa7-b775-6c416571f460,47.0,2026-07-05T14:00:00+00:00,47.0,43647
2026-07-05,hanoi,accepted,5207ad3c-13d7-4aa7-b775-6c416571f460,46.0,2026-07-05T15:00:00+00:00,46.0,43648
2026-07-05,hanoi,accepted,5207ad3c-13d7-4aa7-b775-6c416571f460,42.8,2026-07-05T16:00:00+00:00,42.8,43649
2026-07-06,hanoi,accepted,5207ad3c-13d7-4aa7-b775-6c416571f460,36.6,2026-07-05T17:00:00+00:00,36.6,43650
2026-07-06,hanoi,accepted,5207ad3c-13d7-4aa7-b775-6c416571f460,30.0,2026-07-05T18:00:00+00:00,30.0,43651
2026-07-06,hanoi,accepted,5207ad3c-13d7-4aa7-b775-6c416571f460,25.3,2026-07-05T19:00:00+00:00,25.3,43652
2026-07-06,hanoi,accepted,5207ad3c-13d7-4aa7-b775-6c416571f460,22.1,2026-07-05T20:00:00+00:00,22.1,43653
2026-07-06,hanoi,accepted,5207ad3c-13d7-4aa7-b775-6c416571f460,19.4,2026-07-05T21:00:00+00:00,19.4,43654
2026-07-06,hanoi,accepted,5207ad3c-13d7-4aa7-b775-6c416571f460,17.8,2026-07-05T22:00:00+00:00,17.8,43655
2026-07-06,hanoi,accepted,5207ad3c-13d7-4aa7-b775-6c416571f460,16.9,2026-07-05T23:00:00+00:00,16.9,43656
2026-07-06,hanoi,accepted,566cb3c1-cacc-487b-bdee-09a62125688f,35.2,2026-07-06T00:00:00+00:00,35.2,44665
2026-07-06,hanoi,accepted,566cb3c1-cacc-487b-bdee-09a62125688f,36.2,2026-07-06T01:00:00+00:00,36.2,44666
2026-07-06,hanoi,accepted,566cb3c1-cacc-487b-bdee-09a62125688f,31.9,2026-07-06T02:00:00+00:00,31.9,44667
2026-07-06,hanoi,accepted,566cb3c1-cacc-487b-bdee-09a62125688f,29.0,2026-07-06T03:00:00+00:00,29.0,44668
2026-07-06,hanoi,accepted,566cb3c1-cacc-487b-bdee-09a62125688f,26.1,2026-07-06T04:00:00+00:00,26.1,44669
2026-07-06,hanoi,accepted,566cb3c1-cacc-487b-bdee-09a62125688f,23.8,2026-07-06T05:00:00+00:00,23.8,44670
2026-07-06,hanoi,accepted,566cb3c1-cacc-487b-bdee-09a62125688f,22.1,2026-07-06T06:00:00+00:00,22.1,44671
2026-07-06,hanoi,accepted,566cb3c1-cacc-487b-bdee-09a62125688f,19.5,2026-07-06T07:00:00+00:00,19.5,44672
2026-07-06,hanoi,accepted,566cb3c1-cacc-487b-bdee-09a62125688f,17.5,2026-07-06T08:00:00+00:00,17.5,44673
2026-07-06,hanoi,accepted,566cb3c1-cacc-487b-bdee-09a62125688f,17.5,2026-07-06T09:00:00+00:00,17.5,44674
2026-07-06,hanoi,accepted,566cb3c1-cacc-487b-bdee-09a62125688f,20.0,2026-07-06T10:00:00+00:00,20.0,44675
2026-07-06,hanoi,accepted,566cb3c1-cacc-487b-bdee-09a62125688f,25.3,2026-07-06T11:00:00+00:00,25.3,44676
2026-07-06,hanoi,accepted,566cb3c1-cacc-487b-bdee-09a62125688f,27.4,2026-07-06T12:00:00+00:00,27.4,44677
2026-07-06,hanoi,accepted,566cb3c1-cacc-487b-bdee-09a62125688f,26.1,2026-07-06T13:00:00+00:00,26.1,44678
2026-07-06,hanoi,accepted,566cb3c1-cacc-487b-bdee-09a62125688f,26.3,2026-07-06T14:00:00+00:00,26.3,44679
2026-07-06,hanoi,accepted,566cb3c1-cacc-487b-bdee-09a62125688f,27.8,2026-07-06T15:00:00+00:00,27.8,44680
2026-07-06,hanoi,accepted,566cb3c1-cacc-487b-bdee-09a62125688f,27.7,2026-07-06T16:00:00+00:00,27.7,44681
2026-07-07,hanoi,accepted,566cb3c1-cacc-487b-bdee-09a62125688f,25.0,2026-07-06T17:00:00+00:00,25.0,44682
2026-07-07,hanoi,accepted,566cb3c1-cacc-487b-bdee-09a62125688f,21.8,2026-07-06T18:00:00+00:00,21.8,44683
2026-07-07,hanoi,accepted,566cb3c1-cacc-487b-bdee-09a62125688f,21.6,2026-07-06T19:00:00+00:00,21.6,44684
2026-07-07,hanoi,accepted,566cb3c1-cacc-487b-bdee-09a62125688f,24.6,2026-07-06T20:00:00+00:00,24.6,44685
2026-07-07,hanoi,accepted,566cb3c1-cacc-487b-bdee-09a62125688f,28.0,2026-07-06T21:00:00+00:00,28.0,44686
2026-07-07,hanoi,accepted,566cb3c1-cacc-487b-bdee-09a62125688f,31.0,2026-07-06T22:00:00+00:00,31.0,44687
2026-07-07,hanoi,accepted,566cb3c1-cacc-487b-bdee-09a62125688f,35.2,2026-07-06T23:00:00+00:00,35.2,44688
2026-07-07,hanoi,accepted,566cb3c1-cacc-487b-bdee-09a62125688f,34.0,2026-07-07T00:00:00+00:00,34.0,44689
2026-07-07,hanoi,accepted,566cb3c1-cacc-487b-bdee-09a62125688f,30.5,2026-07-07T01:00:00+00:00,30.5,44690
2026-07-07,hanoi,accepted,566cb3c1-cacc-487b-bdee-09a62125688f,29.0,2026-07-07T02:00:00+00:00,29.0,44691
2026-07-07,hanoi,accepted,566cb3c1-cacc-487b-bdee-09a62125688f,29.3,2026-07-07T03:00:00+00:00,29.3,44692
2026-07-07,hanoi,accepted,566cb3c1-cacc-487b-bdee-09a62125688f,32.0,2026-07-07T04:00:00+00:00,32.0,44693
2026-07-07,hanoi,accepted,566cb3c1-cacc-487b-bdee-09a62125688f,34.0,2026-07-07T05:00:00+00:00,34.0,44694
2026-07-07,hanoi,accepted,566cb3c1-cacc-487b-bdee-09a62125688f,38.2,2026-07-07T06:00:00+00:00,38.2,44695
2026-07-07,hanoi,accepted,566cb3c1-cacc-487b-bdee-09a62125688f,43.7,2026-07-07T07:00:00+00:00,43.7,44696
2026-07-07,hanoi,accepted,566cb3c1-cacc-487b-bdee-09a62125688f,44.9,2026-07-07T08:00:00+00:00,44.9,44697
2026-07-07,hanoi,accepted,566cb3c1-cacc-487b-bdee-09a62125688f,47.1,2026-07-07T09:00:00+00:00,47.1,44698
2026-07-07,hanoi,accepted,566cb3c1-cacc-487b-bdee-09a62125688f,47.5,2026-07-07T10:00:00+00:00,47.5,44699
2026-07-07,hanoi,accepted,566cb3c1-cacc-487b-bdee-09a62125688f,55.5,2026-07-07T11:00:00+00:00,55.5,44700
2026-07-07,hanoi,accepted,566cb3c1-cacc-487b-bdee-09a62125688f,50.2,2026-07-07T12:00:00+00:00,50.2,44701
2026-07-07,hanoi,accepted,566cb3c1-cacc-487b-bdee-09a62125688f,48.4,2026-07-07T13:00:00+00:00,48.4,44702
2026-07-07,hanoi,accepted,566cb3c1-cacc-487b-bdee-09a62125688f,56.8,2026-07-07T14:00:00+00:00,56.8,44703
2026-07-07,hanoi,accepted,566cb3c1-cacc-487b-bdee-09a62125688f,52.6,2026-07-07T15:00:00+00:00,52.6,44704
2026-07-07,hanoi,accepted,566cb3c1-cacc-487b-bdee-09a62125688f,48.4,2026-07-07T16:00:00+00:00,48.4,44705
2026-07-08,hanoi,accepted,566cb3c1-cacc-487b-bdee-09a62125688f,49.0,2026-07-07T17:00:00+00:00,49.0,44706
2026-07-08,hanoi,accepted,566cb3c1-cacc-487b-bdee-09a62125688f,48.0,2026-07-07T18:00:00+00:00,48.0,44707
2026-07-08,hanoi,accepted,566cb3c1-cacc-487b-bdee-09a62125688f,45.9,2026-07-07T19:00:00+00:00,45.9,44708
2026-07-08,hanoi,accepted,566cb3c1-cacc-487b-bdee-09a62125688f,42.8,2026-07-07T20:00:00+00:00,42.8,44709
2026-07-08,hanoi,accepted,566cb3c1-cacc-487b-bdee-09a62125688f,39.1,2026-07-07T21:00:00+00:00,39.1,44710
2026-07-08,hanoi,accepted,566cb3c1-cacc-487b-bdee-09a62125688f,40.2,2026-07-07T22:00:00+00:00,40.2,44711
2026-07-08,hanoi,accepted,566cb3c1-cacc-487b-bdee-09a62125688f,42.6,2026-07-07T23:00:00+00:00,42.6,44712
2026-07-08,hanoi,accepted,566cb3c1-cacc-487b-bdee-09a62125688f,23.2,2026-07-08T00:00:00+00:00,23.2,44713
2026-07-08,hanoi,accepted,566cb3c1-cacc-487b-bdee-09a62125688f,24.0,2026-07-08T01:00:00+00:00,24.0,44714
2026-07-08,hanoi,accepted,566cb3c1-cacc-487b-bdee-09a62125688f,24.6,2026-07-08T02:00:00+00:00,24.6,44715
2026-07-08,hanoi,accepted,566cb3c1-cacc-487b-bdee-09a62125688f,22.4,2026-07-08T03:00:00+00:00,22.4,44716
2026-07-08,hanoi,accepted,566cb3c1-cacc-487b-bdee-09a62125688f,26.7,2026-07-08T04:00:00+00:00,26.7,44717
2026-07-08,hanoi,accepted,566cb3c1-cacc-487b-bdee-09a62125688f,27.0,2026-07-08T05:00:00+00:00,27.0,44718
2026-07-08,hanoi,accepted,566cb3c1-cacc-487b-bdee-09a62125688f,29.2,2026-07-08T06:00:00+00:00,29.2,44719
2026-07-08,hanoi,accepted,566cb3c1-cacc-487b-bdee-09a62125688f,33.6,2026-07-08T07:00:00+00:00,33.6,44720
2026-07-08,hanoi,accepted,566cb3c1-cacc-487b-bdee-09a62125688f,37.1,2026-07-08T08:00:00+00:00,37.1,44721
2026-07-08,hanoi,accepted,566cb3c1-cacc-487b-bdee-09a62125688f,40.6,2026-07-08T09:00:00+00:00,40.6,44722
2026-07-08,hanoi,accepted,566cb3c1-cacc-487b-bdee-09a62125688f,47.1,2026-07-08T10:00:00+00:00,47.1,44723
2026-07-08,hanoi,accepted,566cb3c1-cacc-487b-bdee-09a62125688f,46.6,2026-07-08T11:00:00+00:00,46.6,44724
2026-07-08,hanoi,accepted,566cb3c1-cacc-487b-bdee-09a62125688f,52.4,2026-07-08T12:00:00+00:00,52.4,44725
2026-07-08,hanoi,accepted,566cb3c1-cacc-487b-bdee-09a62125688f,50.3,2026-07-08T13:00:00+00:00,50.3,44726
2026-07-08,hanoi,accepted,566cb3c1-cacc-487b-bdee-09a62125688f,50.4,2026-07-08T14:00:00+00:00,50.4,44727
2026-07-08,hanoi,accepted,566cb3c1-cacc-487b-bdee-09a62125688f,49.8,2026-07-08T15:00:00+00:00,49.8,44728
2026-07-08,hanoi,accepted,566cb3c1-cacc-487b-bdee-09a62125688f,45.8,2026-07-08T16:00:00+00:00,45.8,44729
2026-07-09,hanoi,accepted,566cb3c1-cacc-487b-bdee-09a62125688f,43.2,2026-07-08T17:00:00+00:00,43.2,44730
2026-07-09,hanoi,accepted,566cb3c1-cacc-487b-bdee-09a62125688f,39.5,2026-07-08T18:00:00+00:00,39.5,44731
2026-07-09,hanoi,accepted,566cb3c1-cacc-487b-bdee-09a62125688f,33.1,2026-07-08T19:00:00+00:00,33.1,44732
2026-07-09,hanoi,accepted,566cb3c1-cacc-487b-bdee-09a62125688f,27.9,2026-07-08T20:00:00+00:00,27.9,44733
2026-07-09,hanoi,accepted,566cb3c1-cacc-487b-bdee-09a62125688f,25.8,2026-07-08T21:00:00+00:00,25.8,44734
2026-07-09,hanoi,accepted,566cb3c1-cacc-487b-bdee-09a62125688f,27.9,2026-07-08T22:00:00+00:00,27.9,44735
2026-07-09,hanoi,accepted,566cb3c1-cacc-487b-bdee-09a62125688f,30.0,2026-07-08T23:00:00+00:00,30.0,44736
2026-07-09,hanoi,accepted,566cb3c1-cacc-487b-bdee-09a62125688f,23.5,2026-07-09T00:00:00+00:00,23.5,44737
2026-07-09,hanoi,accepted,566cb3c1-cacc-487b-bdee-09a62125688f,28.1,2026-07-09T01:00:00+00:00,28.1,44738
2026-07-09,hanoi,accepted,566cb3c1-cacc-487b-bdee-09a62125688f,27.7,2026-07-09T02:00:00+00:00,27.7,44739
2026-07-09,hanoi,accepted,566cb3c1-cacc-487b-bdee-09a62125688f,32.4,2026-07-09T03:00:00+00:00,32.4,44740
2026-07-09,hanoi,accepted,566cb3c1-cacc-487b-bdee-09a62125688f,40.4,2026-07-09T04:00:00+00:00,40.4,44741
2026-07-09,hanoi,accepted,566cb3c1-cacc-487b-bdee-09a62125688f,44.5,2026-07-09T05:00:00+00:00,44.5,44742
2026-07-09,hanoi,accepted,566cb3c1-cacc-487b-bdee-09a62125688f,39.0,2026-07-09T06:00:00+00:00,39.0,44743
2026-07-09,hanoi,accepted,566cb3c1-cacc-487b-bdee-09a62125688f,41.9,2026-07-09T07:00:00+00:00,41.9,44744
2026-07-09,hanoi,accepted,566cb3c1-cacc-487b-bdee-09a62125688f,43.9,2026-07-09T08:00:00+00:00,43.9,44745
2026-07-09,hanoi,accepted,566cb3c1-cacc-487b-bdee-09a62125688f,45.3,2026-07-09T09:00:00+00:00,45.3,44746
2026-07-09,hanoi,accepted,566cb3c1-cacc-487b-bdee-09a62125688f,48.5,2026-07-09T10:00:00+00:00,48.5,44747
2026-07-09,hanoi,accepted,566cb3c1-cacc-487b-bdee-09a62125688f,53.6,2026-07-09T11:00:00+00:00,53.6,44748
2026-07-09,hanoi,accepted,566cb3c1-cacc-487b-bdee-09a62125688f,78.2,2026-07-09T12:00:00+00:00,78.2,44749
2026-07-09,hanoi,accepted,566cb3c1-cacc-487b-bdee-09a62125688f,97.6,2026-07-09T13:00:00+00:00,97.6,44750
2026-07-09,hanoi,accepted,566cb3c1-cacc-487b-bdee-09a62125688f,109.4,2026-07-09T14:00:00+00:00,109.4,44751
2026-07-09,hanoi,accepted,566cb3c1-cacc-487b-bdee-09a62125688f,112.9,2026-07-09T15:00:00+00:00,112.9,44752
2026-07-09,hanoi,accepted,566cb3c1-cacc-487b-bdee-09a62125688f,113.4,2026-07-09T16:00:00+00:00,113.4,44753
2026-07-10,hanoi,accepted,566cb3c1-cacc-487b-bdee-09a62125688f,114.1,2026-07-09T17:00:00+00:00,114.1,44754
2026-07-10,hanoi,accepted,566cb3c1-cacc-487b-bdee-09a62125688f,116.9,2026-07-09T18:00:00+00:00,116.9,44755
2026-07-10,hanoi,accepted,566cb3c1-cacc-487b-bdee-09a62125688f,114.8,2026-07-09T19:00:00+00:00,114.8,44756
2026-07-10,hanoi,accepted,566cb3c1-cacc-487b-bdee-09a62125688f,113.2,2026-07-09T20:00:00+00:00,113.2,44757
2026-07-10,hanoi,accepted,566cb3c1-cacc-487b-bdee-09a62125688f,110.4,2026-07-09T21:00:00+00:00,110.4,44758
2026-07-10,hanoi,accepted,566cb3c1-cacc-487b-bdee-09a62125688f,109.4,2026-07-09T22:00:00+00:00,109.4,44759
2026-07-10,hanoi,accepted,566cb3c1-cacc-487b-bdee-09a62125688f,107.8,2026-07-09T23:00:00+00:00,107.8,44760
2026-07-10,hanoi,accepted,566cb3c1-cacc-487b-bdee-09a62125688f,68.2,2026-07-10T00:00:00+00:00,68.2,44761
2026-07-10,hanoi,accepted,566cb3c1-cacc-487b-bdee-09a62125688f,54.4,2026-07-10T01:00:00+00:00,54.4,44762
2026-07-10,hanoi,accepted,566cb3c1-cacc-487b-bdee-09a62125688f,49.5,2026-07-10T02:00:00+00:00,49.5,44763
2026-07-10,hanoi,accepted,566cb3c1-cacc-487b-bdee-09a62125688f,46.3,2026-07-10T03:00:00+00:00,46.3,44764
2026-07-10,hanoi,accepted,566cb3c1-cacc-487b-bdee-09a62125688f,45.2,2026-07-10T04:00:00+00:00,45.2,44765
2026-07-10,hanoi,accepted,566cb3c1-cacc-487b-bdee-09a62125688f,43.8,2026-07-10T05:00:00+00:00,43.8,44766
2026-07-10,hanoi,accepted,566cb3c1-cacc-487b-bdee-09a62125688f,50.8,2026-07-10T06:00:00+00:00,50.8,44767
2026-07-10,hanoi,accepted,566cb3c1-cacc-487b-bdee-09a62125688f,51.0,2026-07-10T07:00:00+00:00,51.0,44768
2026-07-10,hanoi,accepted,566cb3c1-cacc-487b-bdee-09a62125688f,43.2,2026-07-10T08:00:00+00:00,43.2,44769
2026-07-10,hanoi,accepted,566cb3c1-cacc-487b-bdee-09a62125688f,39.9,2026-07-10T09:00:00+00:00,39.9,44770
2026-07-10,hanoi,accepted,566cb3c1-cacc-487b-bdee-09a62125688f,43.4,2026-07-10T10:00:00+00:00,43.4,44771
2026-07-10,hanoi,accepted,566cb3c1-cacc-487b-bdee-09a62125688f,52.5,2026-07-10T11:00:00+00:00,52.5,44772
2026-07-10,hanoi,accepted,566cb3c1-cacc-487b-bdee-09a62125688f,65.0,2026-07-10T12:00:00+00:00,65.0,44773
2026-07-10,hanoi,accepted,566cb3c1-cacc-487b-bdee-09a62125688f,77.1,2026-07-10T13:00:00+00:00,77.1,44774
2026-07-10,hanoi,accepted,566cb3c1-cacc-487b-bdee-09a62125688f,87.5,2026-07-10T14:00:00+00:00,87.5,44775
2026-07-10,hanoi,accepted,566cb3c1-cacc-487b-bdee-09a62125688f,93.1,2026-07-10T15:00:00+00:00,93.1,44776
2026-07-10,hanoi,accepted,566cb3c1-cacc-487b-bdee-09a62125688f,94.5,2026-07-10T16:00:00+00:00,94.5,44777
2026-07-11,hanoi,accepted,566cb3c1-cacc-487b-bdee-09a62125688f,86.8,2026-07-10T17:00:00+00:00,86.8,44778
2026-07-11,hanoi,accepted,566cb3c1-cacc-487b-bdee-09a62125688f,86.6,2026-07-10T18:00:00+00:00,86.6,44779
2026-07-11,hanoi,accepted,566cb3c1-cacc-487b-bdee-09a62125688f,80.1,2026-07-10T19:00:00+00:00,80.1,44780
2026-07-11,hanoi,accepted,566cb3c1-cacc-487b-bdee-09a62125688f,71.5,2026-07-10T20:00:00+00:00,71.5,44781
2026-07-11,hanoi,accepted,566cb3c1-cacc-487b-bdee-09a62125688f,66.8,2026-07-10T21:00:00+00:00,66.8,44782
2026-07-11,hanoi,accepted,566cb3c1-cacc-487b-bdee-09a62125688f,59.4,2026-07-10T22:00:00+00:00,59.4,44783
2026-07-11,hanoi,accepted,566cb3c1-cacc-487b-bdee-09a62125688f,57.5,2026-07-10T23:00:00+00:00,57.5,44784
2026-07-11,hanoi,accepted,566cb3c1-cacc-487b-bdee-09a62125688f,61.5,2026-07-11T00:00:00+00:00,61.5,44785
2026-07-11,hanoi,accepted,566cb3c1-cacc-487b-bdee-09a62125688f,54.6,2026-07-11T01:00:00+00:00,54.6,44786
2026-07-11,hanoi,accepted,566cb3c1-cacc-487b-bdee-09a62125688f,47.5,2026-07-11T02:00:00+00:00,47.5,44787
2026-07-11,hanoi,accepted,566cb3c1-cacc-487b-bdee-09a62125688f,31.8,2026-07-11T03:00:00+00:00,31.8,44788
2026-07-11,hanoi,accepted,566cb3c1-cacc-487b-bdee-09a62125688f,28.8,2026-07-11T04:00:00+00:00,28.8,44789
2026-07-11,hanoi,accepted,566cb3c1-cacc-487b-bdee-09a62125688f,31.5,2026-07-11T05:00:00+00:00,31.5,44790
2026-07-11,hanoi,accepted,566cb3c1-cacc-487b-bdee-09a62125688f,34.6,2026-07-11T06:00:00+00:00,34.6,44791
2026-07-11,hanoi,accepted,566cb3c1-cacc-487b-bdee-09a62125688f,35.9,2026-07-11T07:00:00+00:00,35.9,44792
2026-07-11,hanoi,accepted,566cb3c1-cacc-487b-bdee-09a62125688f,39.2,2026-07-11T08:00:00+00:00,39.2,44793
2026-07-11,hanoi,accepted,566cb3c1-cacc-487b-bdee-09a62125688f,42.4,2026-07-11T09:00:00+00:00,42.4,44794
2026-07-11,hanoi,accepted,566cb3c1-cacc-487b-bdee-09a62125688f,43.9,2026-07-11T10:00:00+00:00,43.9,44795
2026-07-11,hanoi,accepted,566cb3c1-cacc-487b-bdee-09a62125688f,52.7,2026-07-11T11:00:00+00:00,52.7,44796
2026-07-11,hanoi,accepted,566cb3c1-cacc-487b-bdee-09a62125688f,61.0,2026-07-11T12:00:00+00:00,61.0,44797
2026-07-11,hanoi,accepted,566cb3c1-cacc-487b-bdee-09a62125688f,68.9,2026-07-11T13:00:00+00:00,68.9,44798
2026-07-11,hanoi,accepted,566cb3c1-cacc-487b-bdee-09a62125688f,68.7,2026-07-11T14:00:00+00:00,68.7,44799
2026-07-11,hanoi,accepted,566cb3c1-cacc-487b-bdee-09a62125688f,73.6,2026-07-11T15:00:00+00:00,73.6,44800
2026-07-11,hanoi,accepted,566cb3c1-cacc-487b-bdee-09a62125688f,80.3,2026-07-11T16:00:00+00:00,80.3,44801
2026-07-12,hanoi,accepted,566cb3c1-cacc-487b-bdee-09a62125688f,84.1,2026-07-11T17:00:00+00:00,84.1,44802
2026-07-12,hanoi,accepted,566cb3c1-cacc-487b-bdee-09a62125688f,90.3,2026-07-11T18:00:00+00:00,90.3,44803
2026-07-12,hanoi,accepted,566cb3c1-cacc-487b-bdee-09a62125688f,107.3,2026-07-11T19:00:00+00:00,107.3,44804
2026-07-12,hanoi,accepted,566cb3c1-cacc-487b-bdee-09a62125688f,127.1,2026-07-11T20:00:00+00:00,127.1,44805
2026-07-12,hanoi,accepted,566cb3c1-cacc-487b-bdee-09a62125688f,135.0,2026-07-11T21:00:00+00:00,135.0,44806
2026-07-12,hanoi,accepted,566cb3c1-cacc-487b-bdee-09a62125688f,113.4,2026-07-11T22:00:00+00:00,113.4,44807
2026-07-12,hanoi,accepted,566cb3c1-cacc-487b-bdee-09a62125688f,83.1,2026-07-11T23:00:00+00:00,83.1,44808
2026-07-12,hanoi,accepted,566cb3c1-cacc-487b-bdee-09a62125688f,78.9,2026-07-12T00:00:00+00:00,78.9,44809
2026-07-12,hanoi,accepted,566cb3c1-cacc-487b-bdee-09a62125688f,64.5,2026-07-12T01:00:00+00:00,64.5,44810
2026-07-12,hanoi,accepted,566cb3c1-cacc-487b-bdee-09a62125688f,50.9,2026-07-12T02:00:00+00:00,50.9,44811
2026-07-12,hanoi,accepted,566cb3c1-cacc-487b-bdee-09a62125688f,45.4,2026-07-12T03:00:00+00:00,45.4,44812
2026-07-12,hanoi,accepted,566cb3c1-cacc-487b-bdee-09a62125688f,42.7,2026-07-12T04:00:00+00:00,42.7,44813
2026-07-12,hanoi,accepted,566cb3c1-cacc-487b-bdee-09a62125688f,46.6,2026-07-12T05:00:00+00:00,46.6,44814
2026-07-12,hanoi,accepted,566cb3c1-cacc-487b-bdee-09a62125688f,49.9,2026-07-12T06:00:00+00:00,49.9,44815
2026-07-12,hanoi,accepted,566cb3c1-cacc-487b-bdee-09a62125688f,51.6,2026-07-12T07:00:00+00:00,51.6,44816
2026-07-12,hanoi,accepted,566cb3c1-cacc-487b-bdee-09a62125688f,54.1,2026-07-12T08:00:00+00:00,54.1,44817
2026-07-12,hanoi,accepted,566cb3c1-cacc-487b-bdee-09a62125688f,56.2,2026-07-12T09:00:00+00:00,56.2,44818
2026-07-12,hanoi,accepted,566cb3c1-cacc-487b-bdee-09a62125688f,49.9,2026-07-12T10:00:00+00:00,49.9,44819
2026-07-12,hanoi,accepted,566cb3c1-cacc-487b-bdee-09a62125688f,44.5,2026-07-12T11:00:00+00:00,44.5,44820
2026-07-12,hanoi,accepted,566cb3c1-cacc-487b-bdee-09a62125688f,39.3,2026-07-12T12:00:00+00:00,39.3,44821
2026-07-12,hanoi,accepted,566cb3c1-cacc-487b-bdee-09a62125688f,51.3,2026-07-12T13:00:00+00:00,51.3,44822
2026-07-12,hanoi,accepted,566cb3c1-cacc-487b-bdee-09a62125688f,55.6,2026-07-12T14:00:00+00:00,55.6,44823
2026-07-12,hanoi,accepted,566cb3c1-cacc-487b-bdee-09a62125688f,61.7,2026-07-12T15:00:00+00:00,61.7,44824
2026-07-12,hanoi,accepted,566cb3c1-cacc-487b-bdee-09a62125688f,68.2,2026-07-12T16:00:00+00:00,68.2,44825
2026-07-13,hanoi,accepted,566cb3c1-cacc-487b-bdee-09a62125688f,75.2,2026-07-12T17:00:00+00:00,75.2,44826
2026-07-13,hanoi,accepted,566cb3c1-cacc-487b-bdee-09a62125688f,84.5,2026-07-12T18:00:00+00:00,84.5,44827
2026-07-13,hanoi,accepted,566cb3c1-cacc-487b-bdee-09a62125688f,100.1,2026-07-12T19:00:00+00:00,100.1,44828
2026-07-13,hanoi,accepted,566cb3c1-cacc-487b-bdee-09a62125688f,108.7,2026-07-12T20:00:00+00:00,108.7,44829
2026-07-13,hanoi,accepted,566cb3c1-cacc-487b-bdee-09a62125688f,106.2,2026-07-12T21:00:00+00:00,106.2,44830
2026-07-13,hanoi,accepted,566cb3c1-cacc-487b-bdee-09a62125688f,98.7,2026-07-12T22:00:00+00:00,98.7,44831
2026-07-13,hanoi,accepted,566cb3c1-cacc-487b-bdee-09a62125688f,96.2,2026-07-12T23:00:00+00:00,96.2,44832
2026-07-13,hanoi,accepted,a4f1dec2-ea5c-4ce1-b065-6b13254a5298,116.2,2026-07-13T00:00:00+00:00,116.2,45841
2026-07-13,hanoi,accepted,a4f1dec2-ea5c-4ce1-b065-6b13254a5298,93.1,2026-07-13T01:00:00+00:00,93.1,45842
2026-07-13,hanoi,accepted,a4f1dec2-ea5c-4ce1-b065-6b13254a5298,64.0,2026-07-13T02:00:00+00:00,64.0,45843
2026-07-13,hanoi,accepted,a4f1dec2-ea5c-4ce1-b065-6b13254a5298,48.1,2026-07-13T03:00:00+00:00,48.1,45844
2026-07-13,hanoi,accepted,a4f1dec2-ea5c-4ce1-b065-6b13254a5298,44.0,2026-07-13T04:00:00+00:00,44.0,45845
2026-07-13,hanoi,accepted,a4f1dec2-ea5c-4ce1-b065-6b13254a5298,43.9,2026-07-13T05:00:00+00:00,43.9,45846
2026-07-13,hanoi,accepted,a4f1dec2-ea5c-4ce1-b065-6b13254a5298,44.1,2026-07-13T06:00:00+00:00,44.1,45847
2026-07-13,hanoi,accepted,a4f1dec2-ea5c-4ce1-b065-6b13254a5298,45.2,2026-07-13T07:00:00+00:00,45.2,45848
2026-07-13,hanoi,accepted,a4f1dec2-ea5c-4ce1-b065-6b13254a5298,46.1,2026-07-13T08:00:00+00:00,46.1,45849
2026-07-13,hanoi,accepted,a4f1dec2-ea5c-4ce1-b065-6b13254a5298,46.7,2026-07-13T09:00:00+00:00,46.7,45850
2026-07-13,hanoi,accepted,a4f1dec2-ea5c-4ce1-b065-6b13254a5298,48.7,2026-07-13T10:00:00+00:00,48.7,45851
2026-07-13,hanoi,accepted,a4f1dec2-ea5c-4ce1-b065-6b13254a5298,50.8,2026-07-13T11:00:00+00:00,50.8,45852
2026-07-13,hanoi,accepted,a4f1dec2-ea5c-4ce1-b065-6b13254a5298,50.5,2026-07-13T12:00:00+00:00,50.5,45853
2026-07-13,hanoi,accepted,a4f1dec2-ea5c-4ce1-b065-6b13254a5298,51.2,2026-07-13T13:00:00+00:00,51.2,45854
2026-07-13,hanoi,accepted,a4f1dec2-ea5c-4ce1-b065-6b13254a5298,51.8,2026-07-13T14:00:00+00:00,51.8,45855
2026-07-13,hanoi,accepted,a4f1dec2-ea5c-4ce1-b065-6b13254a5298,54.5,2026-07-13T15:00:00+00:00,54.5,45856
2026-07-13,hanoi,accepted,a4f1dec2-ea5c-4ce1-b065-6b13254a5298,61.2,2026-07-13T16:00:00+00:00,61.2,45857
2026-07-14,hanoi,accepted,a4f1dec2-ea5c-4ce1-b065-6b13254a5298,71.2,2026-07-13T17:00:00+00:00,71.2,45858
2026-07-14,hanoi,accepted,a4f1dec2-ea5c-4ce1-b065-6b13254a5298,82.0,2026-07-13T18:00:00+00:00,82.0,45859
2026-07-14,hanoi,accepted,a4f1dec2-ea5c-4ce1-b065-6b13254a5298,91.5,2026-07-13T19:00:00+00:00,91.5,45860
2026-07-14,hanoi,accepted,a4f1dec2-ea5c-4ce1-b065-6b13254a5298,102.4,2026-07-13T20:00:00+00:00,102.4,45861
2026-07-14,hanoi,accepted,a4f1dec2-ea5c-4ce1-b065-6b13254a5298,105.5,2026-07-13T21:00:00+00:00,105.5,45862
2026-07-14,hanoi,accepted,a4f1dec2-ea5c-4ce1-b065-6b13254a5298,97.8,2026-07-13T22:00:00+00:00,97.8,45863
2026-07-14,hanoi,accepted,a4f1dec2-ea5c-4ce1-b065-6b13254a5298,87.5,2026-07-13T23:00:00+00:00,87.5,45864
2026-07-14,hanoi,accepted,a4f1dec2-ea5c-4ce1-b065-6b13254a5298,80.6,2026-07-14T00:00:00+00:00,80.6,45865
2026-07-14,hanoi,accepted,a4f1dec2-ea5c-4ce1-b065-6b13254a5298,53.3,2026-07-14T01:00:00+00:00,53.3,45866
2026-07-14,hanoi,accepted,a4f1dec2-ea5c-4ce1-b065-6b13254a5298,37.4,2026-07-14T02:00:00+00:00,37.4,45867
2026-07-14,hanoi,accepted,a4f1dec2-ea5c-4ce1-b065-6b13254a5298,30.3,2026-07-14T03:00:00+00:00,30.3,45868
2026-07-14,hanoi,accepted,a4f1dec2-ea5c-4ce1-b065-6b13254a5298,28.0,2026-07-14T04:00:00+00:00,28.0,45869
2026-07-14,hanoi,accepted,a4f1dec2-ea5c-4ce1-b065-6b13254a5298,28.7,2026-07-14T05:00:00+00:00,28.7,45870
2026-07-14,hanoi,accepted,a4f1dec2-ea5c-4ce1-b065-6b13254a5298,30.2,2026-07-14T06:00:00+00:00,30.2,45871
2026-07-14,hanoi,accepted,a4f1dec2-ea5c-4ce1-b065-6b13254a5298,32.5,2026-07-14T07:00:00+00:00,32.5,45872
2026-07-14,hanoi,accepted,a4f1dec2-ea5c-4ce1-b065-6b13254a5298,36.2,2026-07-14T08:00:00+00:00,36.2,45873
2026-07-14,hanoi,accepted,a4f1dec2-ea5c-4ce1-b065-6b13254a5298,39.2,2026-07-14T09:00:00+00:00,39.2,45874
2026-07-14,hanoi,accepted,a4f1dec2-ea5c-4ce1-b065-6b13254a5298,46.8,2026-07-14T10:00:00+00:00,46.8,45875
2026-07-14,hanoi,accepted,a4f1dec2-ea5c-4ce1-b065-6b13254a5298,54.9,2026-07-14T11:00:00+00:00,54.9,45876
2026-07-14,hanoi,accepted,a4f1dec2-ea5c-4ce1-b065-6b13254a5298,53.1,2026-07-14T12:00:00+00:00,53.1,45877
2026-07-14,hanoi,accepted,a4f1dec2-ea5c-4ce1-b065-6b13254a5298,58.0,2026-07-14T13:00:00+00:00,58.0,45878
2026-07-14,hanoi,accepted,a4f1dec2-ea5c-4ce1-b065-6b13254a5298,67.3,2026-07-14T14:00:00+00:00,67.3,45879
2026-07-14,hanoi,accepted,a4f1dec2-ea5c-4ce1-b065-6b13254a5298,76.8,2026-07-14T15:00:00+00:00,76.8,45880
2026-07-14,hanoi,accepted,a4f1dec2-ea5c-4ce1-b065-6b13254a5298,84.1,2026-07-14T16:00:00+00:00,84.1,45881
2026-07-15,hanoi,accepted,a4f1dec2-ea5c-4ce1-b065-6b13254a5298,86.4,2026-07-14T17:00:00+00:00,86.4,45882
2026-07-15,hanoi,accepted,a4f1dec2-ea5c-4ce1-b065-6b13254a5298,87.8,2026-07-14T18:00:00+00:00,87.8,45883
2026-07-15,hanoi,accepted,a4f1dec2-ea5c-4ce1-b065-6b13254a5298,88.7,2026-07-14T19:00:00+00:00,88.7,45884
2026-07-15,hanoi,accepted,a4f1dec2-ea5c-4ce1-b065-6b13254a5298,91.7,2026-07-14T20:00:00+00:00,91.7,45885
2026-07-15,hanoi,accepted,a4f1dec2-ea5c-4ce1-b065-6b13254a5298,94.1,2026-07-14T21:00:00+00:00,94.1,45886
2026-07-15,hanoi,accepted,a4f1dec2-ea5c-4ce1-b065-6b13254a5298,93.1,2026-07-14T22:00:00+00:00,93.1,45887
2026-07-15,hanoi,accepted,a4f1dec2-ea5c-4ce1-b065-6b13254a5298,94.5,2026-07-14T23:00:00+00:00,94.5,45888
2026-07-15,hanoi,accepted,a4f1dec2-ea5c-4ce1-b065-6b13254a5298,80.1,2026-07-15T00:00:00+00:00,80.1,45889
2026-07-15,hanoi,accepted,a4f1dec2-ea5c-4ce1-b065-6b13254a5298,71.0,2026-07-15T01:00:00+00:00,71.0,45890
2026-07-15,hanoi,accepted,a4f1dec2-ea5c-4ce1-b065-6b13254a5298,61.9,2026-07-15T02:00:00+00:00,61.9,45891
2026-07-15,hanoi,accepted,a4f1dec2-ea5c-4ce1-b065-6b13254a5298,57.9,2026-07-15T03:00:00+00:00,57.9,45892
2026-07-15,hanoi,accepted,a4f1dec2-ea5c-4ce1-b065-6b13254a5298,51.8,2026-07-15T04:00:00+00:00,51.8,45893
2026-07-15,hanoi,accepted,a4f1dec2-ea5c-4ce1-b065-6b13254a5298,48.5,2026-07-15T05:00:00+00:00,48.5,45894
2026-07-15,hanoi,accepted,a4f1dec2-ea5c-4ce1-b065-6b13254a5298,48.5,2026-07-15T06:00:00+00:00,48.5,45895
2026-07-15,hanoi,accepted,a4f1dec2-ea5c-4ce1-b065-6b13254a5298,46.7,2026-07-15T07:00:00+00:00,46.7,45896
2026-07-15,hanoi,accepted,a4f1dec2-ea5c-4ce1-b065-6b13254a5298,45.9,2026-07-15T08:00:00+00:00,45.9,45897
2026-07-15,hanoi,accepted,a4f1dec2-ea5c-4ce1-b065-6b13254a5298,45.6,2026-07-15T09:00:00+00:00,45.6,45898
2026-07-15,hanoi,accepted,a4f1dec2-ea5c-4ce1-b065-6b13254a5298,46.2,2026-07-15T10:00:00+00:00,46.2,45899
2026-07-15,hanoi,accepted,a4f1dec2-ea5c-4ce1-b065-6b13254a5298,48.9,2026-07-15T11:00:00+00:00,48.9,45900
2026-07-15,hanoi,accepted,a4f1dec2-ea5c-4ce1-b065-6b13254a5298,60.1,2026-07-15T12:00:00+00:00,60.1,45901
2026-07-15,hanoi,accepted,a4f1dec2-ea5c-4ce1-b065-6b13254a5298,60.3,2026-07-15T13:00:00+00:00,60.3,45902
2026-07-15,hanoi,accepted,a4f1dec2-ea5c-4ce1-b065-6b13254a5298,60.1,2026-07-15T14:00:00+00:00,60.1,45903
2026-07-15,hanoi,accepted,a4f1dec2-ea5c-4ce1-b065-6b13254a5298,62.2,2026-07-15T15:00:00+00:00,62.2,45904
2026-07-15,hanoi,accepted,a4f1dec2-ea5c-4ce1-b065-6b13254a5298,61.9,2026-07-15T16:00:00+00:00,61.9,45905
2026-07-16,hanoi,accepted,a4f1dec2-ea5c-4ce1-b065-6b13254a5298,59.6,2026-07-15T17:00:00+00:00,59.6,45906
2026-07-16,hanoi,accepted,a4f1dec2-ea5c-4ce1-b065-6b13254a5298,57.2,2026-07-15T18:00:00+00:00,57.2,45907
2026-07-16,hanoi,accepted,a4f1dec2-ea5c-4ce1-b065-6b13254a5298,55.4,2026-07-15T19:00:00+00:00,55.4,45908
2026-07-16,hanoi,accepted,a4f1dec2-ea5c-4ce1-b065-6b13254a5298,55.4,2026-07-15T20:00:00+00:00,55.4,45909
2026-07-16,hanoi,accepted,a4f1dec2-ea5c-4ce1-b065-6b13254a5298,59.5,2026-07-15T21:00:00+00:00,59.5,45910
2026-07-16,hanoi,accepted,a4f1dec2-ea5c-4ce1-b065-6b13254a5298,67.1,2026-07-15T22:00:00+00:00,67.1,45911
2026-07-16,hanoi,accepted,a4f1dec2-ea5c-4ce1-b065-6b13254a5298,78.9,2026-07-15T23:00:00+00:00,78.9,45912
2026-07-16,hanoi,accepted,a4f1dec2-ea5c-4ce1-b065-6b13254a5298,32.9,2026-07-16T00:00:00+00:00,32.9,45913
2026-07-16,hanoi,accepted,a4f1dec2-ea5c-4ce1-b065-6b13254a5298,33.3,2026-07-16T01:00:00+00:00,33.3,45914
2026-07-16,hanoi,accepted,a4f1dec2-ea5c-4ce1-b065-6b13254a5298,30.6,2026-07-16T02:00:00+00:00,30.6,45915
2026-07-16,hanoi,accepted,a4f1dec2-ea5c-4ce1-b065-6b13254a5298,24.1,2026-07-16T03:00:00+00:00,24.1,45916
2026-07-16,hanoi,accepted,a4f1dec2-ea5c-4ce1-b065-6b13254a5298,21.0,2026-07-16T04:00:00+00:00,21.0,45917
2026-07-16,hanoi,accepted,a4f1dec2-ea5c-4ce1-b065-6b13254a5298,19.2,2026-07-16T05:00:00+00:00,19.2,45918
2026-07-16,hanoi,accepted,a4f1dec2-ea5c-4ce1-b065-6b13254a5298,18.1,2026-07-16T06:00:00+00:00,18.1,45919
2026-07-16,hanoi,accepted,a4f1dec2-ea5c-4ce1-b065-6b13254a5298,16.5,2026-07-16T07:00:00+00:00,16.5,45920
2026-07-16,hanoi,accepted,a4f1dec2-ea5c-4ce1-b065-6b13254a5298,15.2,2026-07-16T08:00:00+00:00,15.2,45921
2026-07-16,hanoi,accepted,a4f1dec2-ea5c-4ce1-b065-6b13254a5298,14.8,2026-07-16T09:00:00+00:00,14.8,45922
2026-07-16,hanoi,accepted,a4f1dec2-ea5c-4ce1-b065-6b13254a5298,22.8,2026-07-16T10:00:00+00:00,22.8,45923
2026-07-16,hanoi,accepted,a4f1dec2-ea5c-4ce1-b065-6b13254a5298,37.0,2026-07-16T11:00:00+00:00,37.0,45924
2026-07-16,hanoi,accepted,a4f1dec2-ea5c-4ce1-b065-6b13254a5298,36.6,2026-07-16T12:00:00+00:00,36.6,45925
2026-07-16,hanoi,accepted,a4f1dec2-ea5c-4ce1-b065-6b13254a5298,41.6,2026-07-16T13:00:00+00:00,41.6,45926
2026-07-16,hanoi,accepted,a4f1dec2-ea5c-4ce1-b065-6b13254a5298,43.2,2026-07-16T14:00:00+00:00,43.2,45927
2026-07-16,hanoi,accepted,a4f1dec2-ea5c-4ce1-b065-6b13254a5298,43.5,2026-07-16T15:00:00+00:00,43.5,45928
2026-07-16,hanoi,accepted,a4f1dec2-ea5c-4ce1-b065-6b13254a5298,41.3,2026-07-16T16:00:00+00:00,41.3,45929
2026-07-17,hanoi,accepted,a4f1dec2-ea5c-4ce1-b065-6b13254a5298,37.8,2026-07-16T17:00:00+00:00,37.8,45930
2026-07-17,hanoi,accepted,a4f1dec2-ea5c-4ce1-b065-6b13254a5298,35.0,2026-07-16T18:00:00+00:00,35.0,45931
2026-07-17,hanoi,accepted,a4f1dec2-ea5c-4ce1-b065-6b13254a5298,30.3,2026-07-16T19:00:00+00:00,30.3,45932
2026-07-17,hanoi,accepted,a4f1dec2-ea5c-4ce1-b065-6b13254a5298,24.4,2026-07-16T20:00:00+00:00,24.4,45933
2026-07-17,hanoi,accepted,a4f1dec2-ea5c-4ce1-b065-6b13254a5298,22.1,2026-07-16T21:00:00+00:00,22.1,45934
2026-07-17,hanoi,accepted,a4f1dec2-ea5c-4ce1-b065-6b13254a5298,22.5,2026-07-16T22:00:00+00:00,22.5,45935
2026-07-17,hanoi,accepted,a4f1dec2-ea5c-4ce1-b065-6b13254a5298,23.7,2026-07-16T23:00:00+00:00,23.7,45936
2026-07-17,hanoi,accepted,a4f1dec2-ea5c-4ce1-b065-6b13254a5298,24.2,2026-07-17T00:00:00+00:00,24.2,45937
2026-07-17,hanoi,accepted,a4f1dec2-ea5c-4ce1-b065-6b13254a5298,25.4,2026-07-17T01:00:00+00:00,25.4,45938
2026-07-17,hanoi,accepted,a4f1dec2-ea5c-4ce1-b065-6b13254a5298,26.3,2026-07-17T02:00:00+00:00,26.3,45939
2026-07-17,hanoi,accepted,a4f1dec2-ea5c-4ce1-b065-6b13254a5298,27.4,2026-07-17T03:00:00+00:00,27.4,45940
2026-07-17,hanoi,accepted,a4f1dec2-ea5c-4ce1-b065-6b13254a5298,28.1,2026-07-17T04:00:00+00:00,28.1,45941
2026-07-17,hanoi,accepted,a4f1dec2-ea5c-4ce1-b065-6b13254a5298,25.0,2026-07-17T05:00:00+00:00,25.0,45942
2026-07-17,hanoi,accepted,a4f1dec2-ea5c-4ce1-b065-6b13254a5298,21.9,2026-07-17T06:00:00+00:00,21.9,45943
2026-07-17,hanoi,accepted,a4f1dec2-ea5c-4ce1-b065-6b13254a5298,20.8,2026-07-17T07:00:00+00:00,20.8,45944
2026-07-17,hanoi,accepted,a4f1dec2-ea5c-4ce1-b065-6b13254a5298,20.9,2026-07-17T08:00:00+00:00,20.9,45945
2026-07-17,hanoi,accepted,a4f1dec2-ea5c-4ce1-b065-6b13254a5298,22.1,2026-07-17T09:00:00+00:00,22.1,45946
2026-07-17,hanoi,accepted,a4f1dec2-ea5c-4ce1-b065-6b13254a5298,27.2,2026-07-17T10:00:00+00:00,27.2,45947
2026-07-17,hanoi,accepted,a4f1dec2-ea5c-4ce1-b065-6b13254a5298,36.3,2026-07-17T11:00:00+00:00,36.3,45948
2026-07-17,hanoi,accepted,a4f1dec2-ea5c-4ce1-b065-6b13254a5298,48.5,2026-07-17T12:00:00+00:00,48.5,45949
2026-07-17,hanoi,accepted,a4f1dec2-ea5c-4ce1-b065-6b13254a5298,57.0,2026-07-17T13:00:00+00:00,57.0,45950
2026-07-17,hanoi,accepted,a4f1dec2-ea5c-4ce1-b065-6b13254a5298,61.9,2026-07-17T14:00:00+00:00,61.9,45951
2026-07-17,hanoi,accepted,a4f1dec2-ea5c-4ce1-b065-6b13254a5298,62.4,2026-07-17T15:00:00+00:00,62.4,45952
2026-07-17,hanoi,accepted,a4f1dec2-ea5c-4ce1-b065-6b13254a5298,58.1,2026-07-17T16:00:00+00:00,58.1,45953
2026-07-18,hanoi,accepted,a4f1dec2-ea5c-4ce1-b065-6b13254a5298,48.5,2026-07-17T17:00:00+00:00,48.5,45954
2026-07-18,hanoi,accepted,a4f1dec2-ea5c-4ce1-b065-6b13254a5298,42.3,2026-07-17T18:00:00+00:00,42.3,45955
2026-07-18,hanoi,accepted,a4f1dec2-ea5c-4ce1-b065-6b13254a5298,37.5,2026-07-17T19:00:00+00:00,37.5,45956
2026-07-18,hanoi,accepted,a4f1dec2-ea5c-4ce1-b065-6b13254a5298,34.5,2026-07-17T20:00:00+00:00,34.5,45957
2026-07-18,hanoi,accepted,a4f1dec2-ea5c-4ce1-b065-6b13254a5298,34.0,2026-07-17T21:00:00+00:00,34.0,45958
2026-07-18,hanoi,accepted,a4f1dec2-ea5c-4ce1-b065-6b13254a5298,36.9,2026-07-17T22:00:00+00:00,36.9,45959
2026-07-18,hanoi,accepted,a4f1dec2-ea5c-4ce1-b065-6b13254a5298,44.0,2026-07-17T23:00:00+00:00,44.0,45960
2026-07-18,hanoi,accepted,a4f1dec2-ea5c-4ce1-b065-6b13254a5298,41.9,2026-07-18T00:00:00+00:00,41.9,45961
2026-07-18,hanoi,accepted,a4f1dec2-ea5c-4ce1-b065-6b13254a5298,32.1,2026-07-18T01:00:00+00:00,32.1,45962
2026-07-18,hanoi,accepted,a4f1dec2-ea5c-4ce1-b065-6b13254a5298,24.4,2026-07-18T02:00:00+00:00,24.4,45963
2026-07-18,hanoi,accepted,a4f1dec2-ea5c-4ce1-b065-6b13254a5298,22.9,2026-07-18T03:00:00+00:00,22.9,45964
2026-07-18,hanoi,accepted,a4f1dec2-ea5c-4ce1-b065-6b13254a5298,22.5,2026-07-18T04:00:00+00:00,22.5,45965
2026-07-18,hanoi,accepted,a4f1dec2-ea5c-4ce1-b065-6b13254a5298,21.5,2026-07-18T05:00:00+00:00,21.5,45966
2026-07-18,hanoi,accepted,a4f1dec2-ea5c-4ce1-b065-6b13254a5298,21.3,2026-07-18T06:00:00+00:00,21.3,45967
2026-07-18,hanoi,accepted,a4f1dec2-ea5c-4ce1-b065-6b13254a5298,21.1,2026-07-18T07:00:00+00:00,21.1,45968
2026-07-18,hanoi,accepted,a4f1dec2-ea5c-4ce1-b065-6b13254a5298,20.4,2026-07-18T08:00:00+00:00,20.4,45969
2026-07-18,hanoi,accepted,a4f1dec2-ea5c-4ce1-b065-6b13254a5298,19.2,2026-07-18T09:00:00+00:00,19.2,45970
2026-07-18,hanoi,accepted,a4f1dec2-ea5c-4ce1-b065-6b13254a5298,19.9,2026-07-18T10:00:00+00:00,19.9,45971
2026-07-18,hanoi,accepted,a4f1dec2-ea5c-4ce1-b065-6b13254a5298,28.5,2026-07-18T11:00:00+00:00,28.5,45972
2026-07-18,hanoi,accepted,a4f1dec2-ea5c-4ce1-b065-6b13254a5298,67.1,2026-07-18T12:00:00+00:00,67.1,45973
2026-07-18,hanoi,accepted,a4f1dec2-ea5c-4ce1-b065-6b13254a5298,59.6,2026-07-18T13:00:00+00:00,59.6,45974
2026-07-18,hanoi,accepted,a4f1dec2-ea5c-4ce1-b065-6b13254a5298,68.9,2026-07-18T14:00:00+00:00,68.9,45975
2026-07-18,hanoi,accepted,a4f1dec2-ea5c-4ce1-b065-6b13254a5298,71.2,2026-07-18T15:00:00+00:00,71.2,45976
2026-07-18,hanoi,accepted,a4f1dec2-ea5c-4ce1-b065-6b13254a5298,76.8,2026-07-18T16:00:00+00:00,76.8,45977
2026-07-19,hanoi,accepted,a4f1dec2-ea5c-4ce1-b065-6b13254a5298,82.4,2026-07-18T17:00:00+00:00,82.4,45978
2026-07-19,hanoi,accepted,a4f1dec2-ea5c-4ce1-b065-6b13254a5298,81.3,2026-07-18T18:00:00+00:00,81.3,45979
2026-07-19,hanoi,accepted,a4f1dec2-ea5c-4ce1-b065-6b13254a5298,77.5,2026-07-18T19:00:00+00:00,77.5,45980
2026-07-19,hanoi,accepted,a4f1dec2-ea5c-4ce1-b065-6b13254a5298,76.8,2026-07-18T20:00:00+00:00,76.8,45981
2026-07-19,hanoi,accepted,a4f1dec2-ea5c-4ce1-b065-6b13254a5298,75.9,2026-07-18T21:00:00+00:00,75.9,45982
2026-07-19,hanoi,accepted,a4f1dec2-ea5c-4ce1-b065-6b13254a5298,73.8,2026-07-18T22:00:00+00:00,73.8,45983
2026-07-19,hanoi,accepted,a4f1dec2-ea5c-4ce1-b065-6b13254a5298,69.6,2026-07-18T23:00:00+00:00,69.6,45984
2026-07-19,hanoi,accepted,a4f1dec2-ea5c-4ce1-b065-6b13254a5298,67.1,2026-07-19T00:00:00+00:00,67.1,45985
2026-07-19,hanoi,accepted,a4f1dec2-ea5c-4ce1-b065-6b13254a5298,55.4,2026-07-19T01:00:00+00:00,55.4,45986
2026-07-19,hanoi,accepted,a4f1dec2-ea5c-4ce1-b065-6b13254a5298,46.1,2026-07-19T02:00:00+00:00,46.1,45987
2026-07-19,hanoi,accepted,a4f1dec2-ea5c-4ce1-b065-6b13254a5298,36.0,2026-07-19T03:00:00+00:00,36.0,45988
2026-07-19,hanoi,accepted,a4f1dec2-ea5c-4ce1-b065-6b13254a5298,26.8,2026-07-19T04:00:00+00:00,26.8,45989
2026-07-19,hanoi,accepted,a4f1dec2-ea5c-4ce1-b065-6b13254a5298,22.4,2026-07-19T05:00:00+00:00,22.4,45990
2026-07-19,hanoi,accepted,a4f1dec2-ea5c-4ce1-b065-6b13254a5298,20.2,2026-07-19T06:00:00+00:00,20.2,45991
2026-07-19,hanoi,accepted,a4f1dec2-ea5c-4ce1-b065-6b13254a5298,19.4,2026-07-19T07:00:00+00:00,19.4,45992
2026-07-19,hanoi,accepted,a4f1dec2-ea5c-4ce1-b065-6b13254a5298,19.4,2026-07-19T08:00:00+00:00,19.4,45993
2026-07-19,hanoi,accepted,a4f1dec2-ea5c-4ce1-b065-6b13254a5298,19.8,2026-07-19T09:00:00+00:00,19.8,45994
2026-07-19,hanoi,accepted,a4f1dec2-ea5c-4ce1-b065-6b13254a5298,25.8,2026-07-19T10:00:00+00:00,25.8,45995
2026-07-19,hanoi,accepted,a4f1dec2-ea5c-4ce1-b065-6b13254a5298,29.4,2026-07-19T11:00:00+00:00,29.4,45996
2026-07-19,hanoi,accepted,a4f1dec2-ea5c-4ce1-b065-6b13254a5298,40.2,2026-07-19T12:00:00+00:00,40.2,45997
2026-07-19,hanoi,accepted,a4f1dec2-ea5c-4ce1-b065-6b13254a5298,59.6,2026-07-19T13:00:00+00:00,59.6,45998
2026-07-19,hanoi,accepted,a4f1dec2-ea5c-4ce1-b065-6b13254a5298,74.5,2026-07-19T14:00:00+00:00,74.5,45999
2026-07-19,hanoi,accepted,a4f1dec2-ea5c-4ce1-b065-6b13254a5298,81.3,2026-07-19T15:00:00+00:00,81.3,46000
2026-07-19,hanoi,accepted,a4f1dec2-ea5c-4ce1-b065-6b13254a5298,81.0,2026-07-19T16:00:00+00:00,81.0,46001
2026-07-20,hanoi,accepted,a4f1dec2-ea5c-4ce1-b065-6b13254a5298,82.2,2026-07-19T17:00:00+00:00,82.2,46002
2026-07-20,hanoi,accepted,a4f1dec2-ea5c-4ce1-b065-6b13254a5298,80.6,2026-07-19T18:00:00+00:00,80.6,46003
2026-07-20,hanoi,accepted,a4f1dec2-ea5c-4ce1-b065-6b13254a5298,83.4,2026-07-19T19:00:00+00:00,83.4,46004
2026-07-20,hanoi,accepted,a4f1dec2-ea5c-4ce1-b065-6b13254a5298,86.8,2026-07-19T20:00:00+00:00,86.8,46005
2026-07-20,hanoi,accepted,a4f1dec2-ea5c-4ce1-b065-6b13254a5298,89.9,2026-07-19T21:00:00+00:00,89.9,46006
2026-07-20,hanoi,accepted,a4f1dec2-ea5c-4ce1-b065-6b13254a5298,87.3,2026-07-19T22:00:00+00:00,87.3,46007
2026-07-20,hanoi,accepted,a4f1dec2-ea5c-4ce1-b065-6b13254a5298,80.3,2026-07-19T23:00:00+00:00,80.3,46008
2026-07-20,hanoi,accepted,9a657212-71b8-4cf8-8b35-5db83ee37f3c,79.4,2026-07-20T00:00:00+00:00,79.4,47017
2026-07-20,hanoi,accepted,9a657212-71b8-4cf8-8b35-5db83ee37f3c,71.5,2026-07-20T01:00:00+00:00,71.5,47018
2026-07-20,hanoi,accepted,9a657212-71b8-4cf8-8b35-5db83ee37f3c,56.1,2026-07-20T02:00:00+00:00,56.1,47019
2026-07-20,hanoi,accepted,9a657212-71b8-4cf8-8b35-5db83ee37f3c,45.4,2026-07-20T03:00:00+00:00,45.4,47020
2026-07-20,hanoi,accepted,9a657212-71b8-4cf8-8b35-5db83ee37f3c,38.0,2026-07-20T04:00:00+00:00,38.0,47021
2026-07-20,hanoi,accepted,9a657212-71b8-4cf8-8b35-5db83ee37f3c,33.5,2026-07-20T05:00:00+00:00,33.5,47022
2026-07-20,hanoi,accepted,9a657212-71b8-4cf8-8b35-5db83ee37f3c,29.9,2026-07-20T06:00:00+00:00,29.9,47023
2026-07-20,hanoi,accepted,9a657212-71b8-4cf8-8b35-5db83ee37f3c,28.1,2026-07-20T07:00:00+00:00,28.1,47024
2026-07-20,hanoi,accepted,9a657212-71b8-4cf8-8b35-5db83ee37f3c,27.3,2026-07-20T08:00:00+00:00,27.3,47025
2026-07-20,hanoi,accepted,9a657212-71b8-4cf8-8b35-5db83ee37f3c,30.2,2026-07-20T09:00:00+00:00,30.2,47026
2026-07-20,hanoi,accepted,9a657212-71b8-4cf8-8b35-5db83ee37f3c,37.1,2026-07-20T10:00:00+00:00,37.1,47027
2026-07-20,hanoi,accepted,9a657212-71b8-4cf8-8b35-5db83ee37f3c,50.2,2026-07-20T11:00:00+00:00,50.2,47028
2026-07-20,hanoi,accepted,9a657212-71b8-4cf8-8b35-5db83ee37f3c,63.1,2026-07-20T12:00:00+00:00,63.1,47029
2026-07-20,hanoi,accepted,9a657212-71b8-4cf8-8b35-5db83ee37f3c,75.0,2026-07-20T13:00:00+00:00,75.0,47030
2026-07-20,hanoi,accepted,9a657212-71b8-4cf8-8b35-5db83ee37f3c,81.0,2026-07-20T14:00:00+00:00,81.0,47031
2026-07-20,hanoi,accepted,9a657212-71b8-4cf8-8b35-5db83ee37f3c,91.0,2026-07-20T15:00:00+00:00,91.0,47032
2026-07-20,hanoi,accepted,9a657212-71b8-4cf8-8b35-5db83ee37f3c,95.7,2026-07-20T16:00:00+00:00,95.7,47033
2026-07-21,hanoi,accepted,9a657212-71b8-4cf8-8b35-5db83ee37f3c,95.7,2026-07-20T17:00:00+00:00,95.7,47034
2026-07-21,hanoi,accepted,9a657212-71b8-4cf8-8b35-5db83ee37f3c,98.7,2026-07-20T18:00:00+00:00,98.7,47035
2026-07-21,hanoi,accepted,9a657212-71b8-4cf8-8b35-5db83ee37f3c,101.7,2026-07-20T19:00:00+00:00,101.7,47036
2026-07-21,hanoi,accepted,9a657212-71b8-4cf8-8b35-5db83ee37f3c,99.2,2026-07-20T20:00:00+00:00,99.2,47037
2026-07-21,hanoi,accepted,9a657212-71b8-4cf8-8b35-5db83ee37f3c,94.5,2026-07-20T21:00:00+00:00,94.5,47038
2026-07-21,hanoi,accepted,9a657212-71b8-4cf8-8b35-5db83ee37f3c,96.4,2026-07-20T22:00:00+00:00,96.4,47039
2026-07-21,hanoi,accepted,9a657212-71b8-4cf8-8b35-5db83ee37f3c,101.3,2026-07-20T23:00:00+00:00,101.3,47040
2026-07-21,hanoi,accepted,9a657212-71b8-4cf8-8b35-5db83ee37f3c,96.6,2026-07-21T00:00:00+00:00,96.6,47041
2026-07-21,hanoi,accepted,9a657212-71b8-4cf8-8b35-5db83ee37f3c,99.4,2026-07-21T01:00:00+00:00,99.4,47042
2026-07-21,hanoi,accepted,9a657212-71b8-4cf8-8b35-5db83ee37f3c,98.3,2026-07-21T02:00:00+00:00,98.3,47043
2026-07-21,hanoi,accepted,9a657212-71b8-4cf8-8b35-5db83ee37f3c,96.2,2026-07-21T03:00:00+00:00,96.2,47044
2026-07-21,hanoi,accepted,9a657212-71b8-4cf8-8b35-5db83ee37f3c,100.4,2026-07-21T04:00:00+00:00,100.4,47045
2026-07-21,hanoi,accepted,9a657212-71b8-4cf8-8b35-5db83ee37f3c,100.1,2026-07-21T05:00:00+00:00,100.1,47046
2026-07-21,hanoi,accepted,9a657212-71b8-4cf8-8b35-5db83ee37f3c,93.1,2026-07-21T06:00:00+00:00,93.1,47047
2026-07-21,hanoi,accepted,9a657212-71b8-4cf8-8b35-5db83ee37f3c,82.7,2026-07-21T07:00:00+00:00,82.7,47048
2026-07-21,hanoi,accepted,9a657212-71b8-4cf8-8b35-5db83ee37f3c,78.2,2026-07-21T08:00:00+00:00,78.2,47049
2026-07-21,hanoi,accepted,9a657212-71b8-4cf8-8b35-5db83ee37f3c,77.1,2026-07-21T09:00:00+00:00,77.1,47050
2026-07-21,hanoi,accepted,9a657212-71b8-4cf8-8b35-5db83ee37f3c,70.1,2026-07-21T10:00:00+00:00,70.1,47051
2026-07-21,hanoi,accepted,9a657212-71b8-4cf8-8b35-5db83ee37f3c,71.5,2026-07-21T11:00:00+00:00,71.5,47052
2026-07-21,hanoi,accepted,9a657212-71b8-4cf8-8b35-5db83ee37f3c,68.7,2026-07-21T12:00:00+00:00,68.7,47053
2026-07-21,hanoi,accepted,9a657212-71b8-4cf8-8b35-5db83ee37f3c,71.2,2026-07-21T13:00:00+00:00,71.2,47054
2026-07-21,hanoi,accepted,9a657212-71b8-4cf8-8b35-5db83ee37f3c,71.5,2026-07-21T14:00:00+00:00,71.5,47055
2026-07-21,hanoi,accepted,9a657212-71b8-4cf8-8b35-5db83ee37f3c,73.1,2026-07-21T15:00:00+00:00,73.1,47056
2026-07-21,hanoi,accepted,9a657212-71b8-4cf8-8b35-5db83ee37f3c,72.2,2026-07-21T16:00:00+00:00,72.2,47057
2026-07-22,hanoi,accepted,9a657212-71b8-4cf8-8b35-5db83ee37f3c,72.4,2026-07-21T17:00:00+00:00,72.4,47058
2026-07-22,hanoi,accepted,9a657212-71b8-4cf8-8b35-5db83ee37f3c,71.5,2026-07-21T18:00:00+00:00,71.5,47059
2026-07-22,hanoi,accepted,9a657212-71b8-4cf8-8b35-5db83ee37f3c,70.3,2026-07-21T19:00:00+00:00,70.3,47060
2026-07-22,hanoi,accepted,9a657212-71b8-4cf8-8b35-5db83ee37f3c,70.3,2026-07-21T20:00:00+00:00,70.3,47061
2026-07-22,hanoi,accepted,9a657212-71b8-4cf8-8b35-5db83ee37f3c,72.2,2026-07-21T21:00:00+00:00,72.2,47062
2026-07-22,hanoi,accepted,9a657212-71b8-4cf8-8b35-5db83ee37f3c,82.0,2026-07-21T22:00:00+00:00,82.0,47063
2026-07-22,hanoi,accepted,9a657212-71b8-4cf8-8b35-5db83ee37f3c,89.6,2026-07-21T23:00:00+00:00,89.6,47064
2026-07-22,hanoi,accepted,9a657212-71b8-4cf8-8b35-5db83ee37f3c,59.8,2026-07-22T00:00:00+00:00,59.8,47065
2026-07-22,hanoi,accepted,9a657212-71b8-4cf8-8b35-5db83ee37f3c,48.8,2026-07-22T01:00:00+00:00,48.8,47066
2026-07-22,hanoi,accepted,9a657212-71b8-4cf8-8b35-5db83ee37f3c,40.3,2026-07-22T02:00:00+00:00,40.3,47067
2026-07-22,hanoi,accepted,9a657212-71b8-4cf8-8b35-5db83ee37f3c,36.8,2026-07-22T03:00:00+00:00,36.8,47068
2026-07-22,hanoi,accepted,9a657212-71b8-4cf8-8b35-5db83ee37f3c,40.4,2026-07-22T04:00:00+00:00,40.4,47069
2026-07-22,hanoi,accepted,9a657212-71b8-4cf8-8b35-5db83ee37f3c,46.4,2026-07-22T05:00:00+00:00,46.4,47070
2026-07-22,hanoi,accepted,9a657212-71b8-4cf8-8b35-5db83ee37f3c,50.2,2026-07-22T06:00:00+00:00,50.2,47071
2026-07-22,hanoi,accepted,9a657212-71b8-4cf8-8b35-5db83ee37f3c,49.0,2026-07-22T07:00:00+00:00,49.0,47072
2026-07-22,hanoi,accepted,9a657212-71b8-4cf8-8b35-5db83ee37f3c,47.7,2026-07-22T08:00:00+00:00,47.7,47073
2026-07-22,hanoi,accepted,9a657212-71b8-4cf8-8b35-5db83ee37f3c,46.0,2026-07-22T09:00:00+00:00,46.0,47074
2026-07-22,hanoi,accepted,9a657212-71b8-4cf8-8b35-5db83ee37f3c,47.5,2026-07-22T10:00:00+00:00,47.5,47075
2026-07-22,hanoi,accepted,9a657212-71b8-4cf8-8b35-5db83ee37f3c,55.8,2026-07-22T11:00:00+00:00,55.8,47076
2026-07-22,hanoi,accepted,9a657212-71b8-4cf8-8b35-5db83ee37f3c,62.9,2026-07-22T12:00:00+00:00,62.9,47077
2026-07-22,hanoi,accepted,9a657212-71b8-4cf8-8b35-5db83ee37f3c,77.5,2026-07-22T13:00:00+00:00,77.5,47078
2026-07-22,hanoi,accepted,9a657212-71b8-4cf8-8b35-5db83ee37f3c,88.0,2026-07-22T14:00:00+00:00,88.0,47079
2026-07-22,hanoi,accepted,9a657212-71b8-4cf8-8b35-5db83ee37f3c,96.9,2026-07-22T15:00:00+00:00,96.9,47080
2026-07-22,hanoi,accepted,9a657212-71b8-4cf8-8b35-5db83ee37f3c,105.2,2026-07-22T16:00:00+00:00,105.2,47081
2026-07-23,hanoi,accepted,9a657212-71b8-4cf8-8b35-5db83ee37f3c,106.2,2026-07-22T17:00:00+00:00,106.2,47082
2026-07-23,hanoi,accepted,9a657212-71b8-4cf8-8b35-5db83ee37f3c,97.1,2026-07-22T18:00:00+00:00,97.1,47083
2026-07-23,hanoi,accepted,9a657212-71b8-4cf8-8b35-5db83ee37f3c,82.2,2026-07-22T19:00:00+00:00,82.2,47084
2026-07-23,hanoi,accepted,9a657212-71b8-4cf8-8b35-5db83ee37f3c,66.6,2026-07-22T20:00:00+00:00,66.6,47085
2026-07-23,hanoi,accepted,9a657212-71b8-4cf8-8b35-5db83ee37f3c,56.1,2026-07-22T21:00:00+00:00,56.1,47086
2026-07-23,hanoi,accepted,9a657212-71b8-4cf8-8b35-5db83ee37f3c,46.8,2026-07-22T22:00:00+00:00,46.8,47087
2026-07-23,hanoi,accepted,9a657212-71b8-4cf8-8b35-5db83ee37f3c,43.1,2026-07-22T23:00:00+00:00,43.1,47088
2026-07-23,hanoi,accepted,9a657212-71b8-4cf8-8b35-5db83ee37f3c,55.3,2026-07-23T00:00:00+00:00,55.3,47089
2026-07-23,hanoi,accepted,9a657212-71b8-4cf8-8b35-5db83ee37f3c,44.8,2026-07-23T01:00:00+00:00,44.8,47090
2026-07-23,hanoi,accepted,9a657212-71b8-4cf8-8b35-5db83ee37f3c,34.2,2026-07-23T02:00:00+00:00,34.2,47091
2026-07-23,hanoi,accepted,9a657212-71b8-4cf8-8b35-5db83ee37f3c,33.1,2026-07-23T03:00:00+00:00,33.1,47092
2026-07-23,hanoi,accepted,9a657212-71b8-4cf8-8b35-5db83ee37f3c,38.2,2026-07-23T04:00:00+00:00,38.2,47093
2026-07-23,hanoi,accepted,9a657212-71b8-4cf8-8b35-5db83ee37f3c,41.9,2026-07-23T05:00:00+00:00,41.9,47094
2026-07-23,hanoi,accepted,9a657212-71b8-4cf8-8b35-5db83ee37f3c,43.9,2026-07-23T06:00:00+00:00,43.9,47095
2026-07-23,hanoi,accepted,9a657212-71b8-4cf8-8b35-5db83ee37f3c,45.3,2026-07-23T07:00:00+00:00,45.3,47096
2026-07-23,hanoi,accepted,9a657212-71b8-4cf8-8b35-5db83ee37f3c,42.1,2026-07-23T08:00:00+00:00,42.1,47097
2026-07-23,hanoi,accepted,9a657212-71b8-4cf8-8b35-5db83ee37f3c,40.6,2026-07-23T09:00:00+00:00,40.6,47098
2026-07-23,hanoi,accepted,9a657212-71b8-4cf8-8b35-5db83ee37f3c,41.0,2026-07-23T10:00:00+00:00,41.0,47099
2026-07-23,hanoi,accepted,9a657212-71b8-4cf8-8b35-5db83ee37f3c,45.6,2026-07-23T11:00:00+00:00,45.6,47100
2026-07-23,hanoi,accepted,9a657212-71b8-4cf8-8b35-5db83ee37f3c,37.3,2026-07-23T12:00:00+00:00,37.3,47101
2026-07-23,hanoi,accepted,9a657212-71b8-4cf8-8b35-5db83ee37f3c,44.5,2026-07-23T13:00:00+00:00,44.5,47102
2026-07-23,hanoi,accepted,9a657212-71b8-4cf8-8b35-5db83ee37f3c,50.9,2026-07-23T14:00:00+00:00,50.9,47103
2026-07-23,hanoi,accepted,9a657212-71b8-4cf8-8b35-5db83ee37f3c,55.6,2026-07-23T15:00:00+00:00,55.6,47104
2026-07-23,hanoi,accepted,9a657212-71b8-4cf8-8b35-5db83ee37f3c,51.8,2026-07-23T16:00:00+00:00,51.8,47105
2026-07-24,hanoi,accepted,9a657212-71b8-4cf8-8b35-5db83ee37f3c,41.9,2026-07-23T17:00:00+00:00,41.9,47106
2026-07-24,hanoi,accepted,9a657212-71b8-4cf8-8b35-5db83ee37f3c,41.0,2026-07-23T18:00:00+00:00,41.0,47107
2026-07-24,hanoi,accepted,9a657212-71b8-4cf8-8b35-5db83ee37f3c,38.8,2026-07-23T19:00:00+00:00,38.8,47108
2026-07-24,hanoi,accepted,9a657212-71b8-4cf8-8b35-5db83ee37f3c,36.1,2026-07-23T20:00:00+00:00,36.1,47109
2026-07-24,hanoi,accepted,9a657212-71b8-4cf8-8b35-5db83ee37f3c,32.7,2026-07-23T21:00:00+00:00,32.7,47110
2026-07-24,hanoi,accepted,9a657212-71b8-4cf8-8b35-5db83ee37f3c,27.2,2026-07-23T22:00:00+00:00,27.2,47111
2026-07-24,hanoi,accepted,9a657212-71b8-4cf8-8b35-5db83ee37f3c,25.3,2026-07-23T23:00:00+00:00,25.3,47112
2026-07-24,hanoi,accepted,9a657212-71b8-4cf8-8b35-5db83ee37f3c,18.4,2026-07-24T00:00:00+00:00,18.4,47113
2026-07-24,hanoi,accepted,9a657212-71b8-4cf8-8b35-5db83ee37f3c,18.4,2026-07-24T01:00:00+00:00,18.4,47114
2026-07-24,hanoi,accepted,9a657212-71b8-4cf8-8b35-5db83ee37f3c,19.6,2026-07-24T02:00:00+00:00,19.6,47115
2026-07-24,hanoi,accepted,9a657212-71b8-4cf8-8b35-5db83ee37f3c,21.5,2026-07-24T03:00:00+00:00,21.5,47116
2026-07-24,hanoi,accepted,9a657212-71b8-4cf8-8b35-5db83ee37f3c,18.5,2026-07-24T04:00:00+00:00,18.5,47117
2026-07-24,hanoi,accepted,9a657212-71b8-4cf8-8b35-5db83ee37f3c,20.1,2026-07-24T05:00:00+00:00,20.1,47118
2026-07-24,hanoi,accepted,9a657212-71b8-4cf8-8b35-5db83ee37f3c,21.0,2026-07-24T06:00:00+00:00,21.0,47119
2026-07-24,hanoi,accepted,9a657212-71b8-4cf8-8b35-5db83ee37f3c,22.4,2026-07-24T07:00:00+00:00,22.4,47120
2026-07-24,hanoi,accepted,9a657212-71b8-4cf8-8b35-5db83ee37f3c,25.4,2026-07-24T08:00:00+00:00,25.4,47121
2026-07-24,hanoi,accepted,9a657212-71b8-4cf8-8b35-5db83ee37f3c,23.7,2026-07-24T09:00:00+00:00,23.7,47122
2026-07-24,hanoi,accepted,9a657212-71b8-4cf8-8b35-5db83ee37f3c,26.4,2026-07-24T10:00:00+00:00,26.4,47123
2026-07-24,hanoi,accepted,9a657212-71b8-4cf8-8b35-5db83ee37f3c,35.4,2026-07-24T11:00:00+00:00,35.4,47124
2026-07-24,hanoi,accepted,9a657212-71b8-4cf8-8b35-5db83ee37f3c,44.9,2026-07-24T12:00:00+00:00,44.9,47125
2026-07-24,hanoi,accepted,9a657212-71b8-4cf8-8b35-5db83ee37f3c,49.2,2026-07-24T13:00:00+00:00,49.2,47126
2026-07-24,hanoi,accepted,9a657212-71b8-4cf8-8b35-5db83ee37f3c,56.2,2026-07-24T14:00:00+00:00,56.2,47127
2026-07-24,hanoi,accepted,9a657212-71b8-4cf8-8b35-5db83ee37f3c,62.9,2026-07-24T15:00:00+00:00,62.9,47128
2026-07-24,hanoi,accepted,9a657212-71b8-4cf8-8b35-5db83ee37f3c,67.3,2026-07-24T16:00:00+00:00,67.3,47129
2026-07-25,hanoi,accepted,9a657212-71b8-4cf8-8b35-5db83ee37f3c,71.7,2026-07-24T17:00:00+00:00,71.7,47130
2026-07-25,hanoi,accepted,9a657212-71b8-4cf8-8b35-5db83ee37f3c,78.9,2026-07-24T18:00:00+00:00,78.9,47131
2026-07-25,hanoi,accepted,9a657212-71b8-4cf8-8b35-5db83ee37f3c,77.3,2026-07-24T19:00:00+00:00,77.3,47132
2026-07-25,hanoi,accepted,9a657212-71b8-4cf8-8b35-5db83ee37f3c,65.0,2026-07-24T20:00:00+00:00,65.0,47133
2026-07-25,hanoi,accepted,9a657212-71b8-4cf8-8b35-5db83ee37f3c,50.2,2026-07-24T21:00:00+00:00,50.2,47134
2026-07-25,hanoi,accepted,9a657212-71b8-4cf8-8b35-5db83ee37f3c,43.3,2026-07-24T22:00:00+00:00,43.3,47135
2026-07-25,hanoi,accepted,9a657212-71b8-4cf8-8b35-5db83ee37f3c,45.1,2026-07-24T23:00:00+00:00,45.1,47136
2026-07-25,hanoi,accepted,9a657212-71b8-4cf8-8b35-5db83ee37f3c,29.5,2026-07-25T00:00:00+00:00,29.5,47137
2026-07-25,hanoi,accepted,9a657212-71b8-4cf8-8b35-5db83ee37f3c,26.3,2026-07-25T01:00:00+00:00,26.3,47138
2026-07-25,hanoi,accepted,9a657212-71b8-4cf8-8b35-5db83ee37f3c,24.0,2026-07-25T02:00:00+00:00,24.0,47139
2026-07-25,hanoi,accepted,9a657212-71b8-4cf8-8b35-5db83ee37f3c,23.7,2026-07-25T03:00:00+00:00,23.7,47140
2026-07-25,hanoi,accepted,9a657212-71b8-4cf8-8b35-5db83ee37f3c,28.7,2026-07-25T04:00:00+00:00,28.7,47141
2026-07-25,hanoi,accepted,9a657212-71b8-4cf8-8b35-5db83ee37f3c,30.9,2026-07-25T05:00:00+00:00,30.9,47142
2026-07-25,hanoi,accepted,9a657212-71b8-4cf8-8b35-5db83ee37f3c,30.3,2026-07-25T06:00:00+00:00,30.3,47143
2026-07-25,hanoi,accepted,9a657212-71b8-4cf8-8b35-5db83ee37f3c,32.5,2026-07-25T07:00:00+00:00,32.5,47144
2026-07-25,hanoi,accepted,9a657212-71b8-4cf8-8b35-5db83ee37f3c,33.5,2026-07-25T08:00:00+00:00,33.5,47145
2026-07-25,hanoi,accepted,9a657212-71b8-4cf8-8b35-5db83ee37f3c,33.9,2026-07-25T09:00:00+00:00,33.9,47146
2026-07-25,hanoi,accepted,9a657212-71b8-4cf8-8b35-5db83ee37f3c,34.5,2026-07-25T10:00:00+00:00,34.5,47147
2026-07-25,hanoi,accepted,9a657212-71b8-4cf8-8b35-5db83ee37f3c,38.0,2026-07-25T11:00:00+00:00,38.0,47148
2026-07-25,hanoi,accepted,9a657212-71b8-4cf8-8b35-5db83ee37f3c,81.7,2026-07-25T12:00:00+00:00,81.7,47149
2026-07-25,hanoi,accepted,9a657212-71b8-4cf8-8b35-5db83ee37f3c,105.9,2026-07-25T13:00:00+00:00,105.9,47150
2026-07-25,hanoi,accepted,9a657212-71b8-4cf8-8b35-5db83ee37f3c,124.3,2026-07-25T14:00:00+00:00,124.3,47151
2026-07-25,hanoi,accepted,9a657212-71b8-4cf8-8b35-5db83ee37f3c,119.0,2026-07-25T15:00:00+00:00,119.0,47152
2026-07-25,hanoi,accepted,9a657212-71b8-4cf8-8b35-5db83ee37f3c,107.3,2026-07-25T16:00:00+00:00,107.3,47153
2026-07-26,hanoi,accepted,9a657212-71b8-4cf8-8b35-5db83ee37f3c,101.3,2026-07-25T17:00:00+00:00,101.3,47154
2026-07-26,hanoi,accepted,9a657212-71b8-4cf8-8b35-5db83ee37f3c,102.9,2026-07-25T18:00:00+00:00,102.9,47155
2026-07-26,hanoi,accepted,9a657212-71b8-4cf8-8b35-5db83ee37f3c,107.1,2026-07-25T19:00:00+00:00,107.1,47156
2026-07-26,hanoi,accepted,9a657212-71b8-4cf8-8b35-5db83ee37f3c,113.2,2026-07-25T20:00:00+00:00,113.2,47157
2026-07-26,hanoi,accepted,9a657212-71b8-4cf8-8b35-5db83ee37f3c,111.3,2026-07-25T21:00:00+00:00,111.3,47158
2026-07-26,hanoi,accepted,9a657212-71b8-4cf8-8b35-5db83ee37f3c,122.5,2026-07-25T22:00:00+00:00,122.5,47159
2026-07-26,hanoi,accepted,9a657212-71b8-4cf8-8b35-5db83ee37f3c,133.6,2026-07-25T23:00:00+00:00,133.6,47160
2026-07-26,hanoi,accepted,9a657212-71b8-4cf8-8b35-5db83ee37f3c,130.9,2026-07-26T00:00:00+00:00,130.9,47161
2026-07-26,hanoi,accepted,9a657212-71b8-4cf8-8b35-5db83ee37f3c,99.4,2026-07-26T01:00:00+00:00,99.4,47162
2026-07-26,hanoi,accepted,9a657212-71b8-4cf8-8b35-5db83ee37f3c,58.4,2026-07-26T02:00:00+00:00,58.4,47163
2026-07-26,hanoi,accepted,9a657212-71b8-4cf8-8b35-5db83ee37f3c,40.2,2026-07-26T03:00:00+00:00,40.2,47164
2026-07-26,hanoi,accepted,9a657212-71b8-4cf8-8b35-5db83ee37f3c,38.3,2026-07-26T04:00:00+00:00,38.3,47165
2026-07-26,hanoi,accepted,9a657212-71b8-4cf8-8b35-5db83ee37f3c,38.2,2026-07-26T05:00:00+00:00,38.2,47166
2026-07-26,hanoi,accepted,9a657212-71b8-4cf8-8b35-5db83ee37f3c,39.2,2026-07-26T06:00:00+00:00,39.2,47167
2026-07-26,hanoi,accepted,9a657212-71b8-4cf8-8b35-5db83ee37f3c,41.1,2026-07-26T07:00:00+00:00,41.1,47168
2026-07-26,hanoi,accepted,9a657212-71b8-4cf8-8b35-5db83ee37f3c,42.8,2026-07-26T08:00:00+00:00,42.8,47169
2026-07-26,hanoi,accepted,9a657212-71b8-4cf8-8b35-5db83ee37f3c,44.4,2026-07-26T09:00:00+00:00,44.4,47170
2026-07-26,hanoi,accepted,9a657212-71b8-4cf8-8b35-5db83ee37f3c,45.8,2026-07-26T10:00:00+00:00,45.8,47171
2026-07-26,hanoi,accepted,9a657212-71b8-4cf8-8b35-5db83ee37f3c,59.6,2026-07-26T11:00:00+00:00,59.6,47172
2026-07-26,hanoi,accepted,9a657212-71b8-4cf8-8b35-5db83ee37f3c,56.2,2026-07-26T12:00:00+00:00,56.2,47173
2026-07-26,hanoi,accepted,9a657212-71b8-4cf8-8b35-5db83ee37f3c,64.7,2026-07-26T13:00:00+00:00,64.7,47174
2026-07-26,hanoi,accepted,9a657212-71b8-4cf8-8b35-5db83ee37f3c,64.3,2026-07-26T14:00:00+00:00,64.3,47175
2026-07-26,hanoi,accepted,9a657212-71b8-4cf8-8b35-5db83ee37f3c,63.1,2026-07-26T15:00:00+00:00,63.1,47176
2026-07-26,hanoi,accepted,9a657212-71b8-4cf8-8b35-5db83ee37f3c,59.6,2026-07-26T16:00:00+00:00,59.6,47177
2026-07-27,hanoi,accepted,9a657212-71b8-4cf8-8b35-5db83ee37f3c,56.6,2026-07-26T17:00:00+00:00,56.6,47178
2026-07-27,hanoi,accepted,9a657212-71b8-4cf8-8b35-5db83ee37f3c,55.2,2026-07-26T18:00:00+00:00,55.2,47179
2026-07-27,hanoi,accepted,9a657212-71b8-4cf8-8b35-5db83ee37f3c,49.6,2026-07-26T19:00:00+00:00,49.6,47180
2026-07-27,hanoi,accepted,9a657212-71b8-4cf8-8b35-5db83ee37f3c,43.4,2026-07-26T20:00:00+00:00,43.4,47181
2026-07-27,hanoi,accepted,9a657212-71b8-4cf8-8b35-5db83ee37f3c,40.0,2026-07-26T21:00:00+00:00,40.0,47182
2026-07-27,hanoi,accepted,9a657212-71b8-4cf8-8b35-5db83ee37f3c,39.3,2026-07-26T22:00:00+00:00,39.3,47183
2026-07-27,hanoi,accepted,9a657212-71b8-4cf8-8b35-5db83ee37f3c,38.6,2026-07-26T23:00:00+00:00,38.6,47184
2026-07-27,hanoi,accepted,595308a5-73a6-48e8-b5e1-02180f7bfd40,36.3,2026-07-27T00:00:00+00:00,36.3,48193
2026-07-27,hanoi,accepted,595308a5-73a6-48e8-b5e1-02180f7bfd40,32.8,2026-07-27T01:00:00+00:00,32.8,48194
2026-07-27,hanoi,accepted,595308a5-73a6-48e8-b5e1-02180f7bfd40,27.2,2026-07-27T02:00:00+00:00,27.2,48195
2026-07-27,hanoi,accepted,595308a5-73a6-48e8-b5e1-02180f7bfd40,26.8,2026-07-27T03:00:00+00:00,26.8,48196
2026-07-27,hanoi,accepted,595308a5-73a6-48e8-b5e1-02180f7bfd40,31.8,2026-07-27T04:00:00+00:00,31.8,48197
2026-07-27,hanoi,accepted,595308a5-73a6-48e8-b5e1-02180f7bfd40,36.7,2026-07-27T05:00:00+00:00,36.7,48198
2026-07-27,hanoi,accepted,595308a5-73a6-48e8-b5e1-02180f7bfd40,44.0,2026-07-27T06:00:00+00:00,44.0,48199
2026-07-27,hanoi,accepted,595308a5-73a6-48e8-b5e1-02180f7bfd40,50.4,2026-07-27T07:00:00+00:00,50.4,48200
2026-07-27,hanoi,accepted,595308a5-73a6-48e8-b5e1-02180f7bfd40,53.2,2026-07-27T08:00:00+00:00,53.2,48201
2026-07-27,hanoi,accepted,595308a5-73a6-48e8-b5e1-02180f7bfd40,49.6,2026-07-27T09:00:00+00:00,49.6,48202
2026-07-27,hanoi,accepted,595308a5-73a6-48e8-b5e1-02180f7bfd40,49.2,2026-07-27T10:00:00+00:00,49.2,48203
2026-07-27,hanoi,accepted,595308a5-73a6-48e8-b5e1-02180f7bfd40,52.5,2026-07-27T11:00:00+00:00,52.5,48204
2026-07-27,hanoi,accepted,595308a5-73a6-48e8-b5e1-02180f7bfd40,43.5,2026-07-27T12:00:00+00:00,43.5,48205
2026-07-27,hanoi,accepted,595308a5-73a6-48e8-b5e1-02180f7bfd40,51.9,2026-07-27T13:00:00+00:00,51.9,48206
2026-07-27,hanoi,accepted,595308a5-73a6-48e8-b5e1-02180f7bfd40,56.1,2026-07-27T14:00:00+00:00,56.1,48207
2026-07-27,hanoi,accepted,595308a5-73a6-48e8-b5e1-02180f7bfd40,52.4,2026-07-27T15:00:00+00:00,52.4,48208
2026-07-27,hanoi,accepted,595308a5-73a6-48e8-b5e1-02180f7bfd40,43.0,2026-07-27T16:00:00+00:00,43.0,48209
2026-07-28,hanoi,accepted,595308a5-73a6-48e8-b5e1-02180f7bfd40,31.8,2026-07-27T17:00:00+00:00,31.8,48210
2026-07-28,hanoi,accepted,595308a5-73a6-48e8-b5e1-02180f7bfd40,25.3,2026-07-27T18:00:00+00:00,25.3,48211
2026-07-28,hanoi,accepted,595308a5-73a6-48e8-b5e1-02180f7bfd40,25.1,2026-07-27T19:00:00+00:00,25.1,48212
2026-07-28,hanoi,accepted,595308a5-73a6-48e8-b5e1-02180f7bfd40,24.4,2026-07-27T20:00:00+00:00,24.4,48213
2026-07-28,hanoi,accepted,595308a5-73a6-48e8-b5e1-02180f7bfd40,24.0,2026-07-27T21:00:00+00:00,24.0,48214
2026-07-28,hanoi,accepted,595308a5-73a6-48e8-b5e1-02180f7bfd40,24.7,2026-07-27T22:00:00+00:00,24.7,48215
2026-07-28,hanoi,accepted,595308a5-73a6-48e8-b5e1-02180f7bfd40,25.8,2026-07-27T23:00:00+00:00,25.8,48216
2026-07-28,hanoi,accepted,595308a5-73a6-48e8-b5e1-02180f7bfd40,18.1,2026-07-28T00:00:00+00:00,18.1,48217
2026-07-28,hanoi,accepted,595308a5-73a6-48e8-b5e1-02180f7bfd40,18.5,2026-07-28T01:00:00+00:00,18.5,48218
2026-07-28,hanoi,accepted,595308a5-73a6-48e8-b5e1-02180f7bfd40,19.2,2026-07-28T02:00:00+00:00,19.2,48219
2026-07-28,hanoi,accepted,595308a5-73a6-48e8-b5e1-02180f7bfd40,20.0,2026-07-28T03:00:00+00:00,20.0,48220
2026-07-28,hanoi,accepted,595308a5-73a6-48e8-b5e1-02180f7bfd40,20.7,2026-07-28T04:00:00+00:00,20.7,48221
2026-07-28,hanoi,accepted,595308a5-73a6-48e8-b5e1-02180f7bfd40,23.0,2026-07-28T05:00:00+00:00,23.0,48222
2026-07-28,hanoi,accepted,595308a5-73a6-48e8-b5e1-02180f7bfd40,27.3,2026-07-28T06:00:00+00:00,27.3,48223
2026-07-28,hanoi,accepted,595308a5-73a6-48e8-b5e1-02180f7bfd40,26.7,2026-07-28T07:00:00+00:00,26.7,48224
2026-07-28,hanoi,accepted,595308a5-73a6-48e8-b5e1-02180f7bfd40,31.1,2026-07-28T08:00:00+00:00,31.1,48225
2026-07-28,hanoi,accepted,595308a5-73a6-48e8-b5e1-02180f7bfd40,34.5,2026-07-28T09:00:00+00:00,34.5,48226
2026-07-28,hanoi,accepted,595308a5-73a6-48e8-b5e1-02180f7bfd40,32.8,2026-07-28T10:00:00+00:00,32.8,48227
2026-07-28,hanoi,accepted,595308a5-73a6-48e8-b5e1-02180f7bfd40,38.6,2026-07-28T11:00:00+00:00,38.6,48228
2026-07-28,hanoi,accepted,595308a5-73a6-48e8-b5e1-02180f7bfd40,32.9,2026-07-28T12:00:00+00:00,32.9,48229
2026-07-28,hanoi,accepted,595308a5-73a6-48e8-b5e1-02180f7bfd40,40.4,2026-07-28T13:00:00+00:00,40.4,48230
2026-07-28,hanoi,accepted,595308a5-73a6-48e8-b5e1-02180f7bfd40,46.8,2026-07-28T14:00:00+00:00,46.8,48231
2026-07-28,hanoi,accepted,595308a5-73a6-48e8-b5e1-02180f7bfd40,54.4,2026-07-28T15:00:00+00:00,54.4,48232
2026-07-28,hanoi,accepted,595308a5-73a6-48e8-b5e1-02180f7bfd40,63.6,2026-07-28T16:00:00+00:00,63.6,48233
2026-07-29,hanoi,accepted,595308a5-73a6-48e8-b5e1-02180f7bfd40,69.6,2026-07-28T17:00:00+00:00,69.6,48234
2026-07-29,hanoi,accepted,595308a5-73a6-48e8-b5e1-02180f7bfd40,61.9,2026-07-28T18:00:00+00:00,61.9,48235
2026-07-29,hanoi,accepted,595308a5-73a6-48e8-b5e1-02180f7bfd40,52.7,2026-07-28T19:00:00+00:00,52.7,48236
2026-07-29,hanoi,accepted,595308a5-73a6-48e8-b5e1-02180f7bfd40,47.0,2026-07-28T20:00:00+00:00,47.0,48237
2026-07-29,hanoi,accepted,595308a5-73a6-48e8-b5e1-02180f7bfd40,37.3,2026-07-28T21:00:00+00:00,37.3,48238
2026-07-29,hanoi,accepted,595308a5-73a6-48e8-b5e1-02180f7bfd40,30.7,2026-07-28T22:00:00+00:00,30.7,48239
2026-07-29,hanoi,accepted,595308a5-73a6-48e8-b5e1-02180f7bfd40,26.8,2026-07-28T23:00:00+00:00,26.8,48240
2026-07-29,hanoi,accepted,595308a5-73a6-48e8-b5e1-02180f7bfd40,16.7,2026-07-29T00:00:00+00:00,16.7,48241
2026-07-29,hanoi,accepted,595308a5-73a6-48e8-b5e1-02180f7bfd40,16.7,2026-07-29T01:00:00+00:00,16.7,48242
2026-07-29,hanoi,accepted,595308a5-73a6-48e8-b5e1-02180f7bfd40,17.4,2026-07-29T02:00:00+00:00,17.4,48243
2026-07-29,hanoi,accepted,595308a5-73a6-48e8-b5e1-02180f7bfd40,18.1,2026-07-29T03:00:00+00:00,18.1,48244
2026-07-29,hanoi,accepted,595308a5-73a6-48e8-b5e1-02180f7bfd40,16.3,2026-07-29T04:00:00+00:00,16.3,48245
2026-07-29,hanoi,accepted,595308a5-73a6-48e8-b5e1-02180f7bfd40,16.8,2026-07-29T05:00:00+00:00,16.8,48246
2026-07-29,hanoi,accepted,595308a5-73a6-48e8-b5e1-02180f7bfd40,21.4,2026-07-29T06:00:00+00:00,21.4,48247
2026-07-29,hanoi,accepted,595308a5-73a6-48e8-b5e1-02180f7bfd40,22.6,2026-07-29T07:00:00+00:00,22.6,48248
2026-07-29,hanoi,accepted,595308a5-73a6-48e8-b5e1-02180f7bfd40,23.8,2026-07-29T08:00:00+00:00,23.8,48249
2026-07-29,hanoi,accepted,595308a5-73a6-48e8-b5e1-02180f7bfd40,23.5,2026-07-29T09:00:00+00:00,23.5,48250
2026-07-29,hanoi,accepted,595308a5-73a6-48e8-b5e1-02180f7bfd40,24.9,2026-07-29T10:00:00+00:00,24.9,48251
2026-07-29,hanoi,accepted,595308a5-73a6-48e8-b5e1-02180f7bfd40,32.1,2026-07-29T11:00:00+00:00,32.1,48252
2026-07-29,hanoi,accepted,595308a5-73a6-48e8-b5e1-02180f7bfd40,56.1,2026-07-29T12:00:00+00:00,56.1,48253
2026-07-29,hanoi,accepted,595308a5-73a6-48e8-b5e1-02180f7bfd40,53.8,2026-07-29T13:00:00+00:00,53.8,48254
2026-07-29,hanoi,accepted,595308a5-73a6-48e8-b5e1-02180f7bfd40,60.3,2026-07-29T14:00:00+00:00,60.3,48255
2026-07-29,hanoi,accepted,595308a5-73a6-48e8-b5e1-02180f7bfd40,62.6,2026-07-29T15:00:00+00:00,62.6,48256
2026-07-29,hanoi,accepted,595308a5-73a6-48e8-b5e1-02180f7bfd40,62.6,2026-07-29T16:00:00+00:00,62.6,48257
2026-07-30,hanoi,accepted,595308a5-73a6-48e8-b5e1-02180f7bfd40,62.4,2026-07-29T17:00:00+00:00,62.4,48258
2026-07-30,hanoi,accepted,595308a5-73a6-48e8-b5e1-02180f7bfd40,61.2,2026-07-29T18:00:00+00:00,61.2,48259
2026-07-30,hanoi,accepted,595308a5-73a6-48e8-b5e1-02180f7bfd40,56.5,2026-07-29T19:00:00+00:00,56.5,48260
2026-07-30,hanoi,accepted,595308a5-73a6-48e8-b5e1-02180f7bfd40,51.7,2026-07-29T20:00:00+00:00,51.7,48261
2026-07-30,hanoi,accepted,595308a5-73a6-48e8-b5e1-02180f7bfd40,46.9,2026-07-29T21:00:00+00:00,46.9,48262
2026-07-30,hanoi,accepted,595308a5-73a6-48e8-b5e1-02180f7bfd40,44.8,2026-07-29T22:00:00+00:00,44.8,48263
2026-07-30,hanoi,accepted,595308a5-73a6-48e8-b5e1-02180f7bfd40,38.9,2026-07-29T23:00:00+00:00,38.9,48264
2026-07-30,hanoi,accepted,595308a5-73a6-48e8-b5e1-02180f7bfd40,30.6,2026-07-30T00:00:00+00:00,30.6,48265
2026-07-30,hanoi,accepted,595308a5-73a6-48e8-b5e1-02180f7bfd40,26.3,2026-07-30T01:00:00+00:00,26.3,48266
2026-07-30,hanoi,accepted,595308a5-73a6-48e8-b5e1-02180f7bfd40,22.2,2026-07-30T02:00:00+00:00,22.2,48267
2026-07-30,hanoi,accepted,595308a5-73a6-48e8-b5e1-02180f7bfd40,18.4,2026-07-30T03:00:00+00:00,18.4,48268
2026-07-30,hanoi,accepted,595308a5-73a6-48e8-b5e1-02180f7bfd40,20.0,2026-07-30T04:00:00+00:00,20.0,48269
2026-07-30,hanoi,accepted,595308a5-73a6-48e8-b5e1-02180f7bfd40,25.6,2026-07-30T05:00:00+00:00,25.6,48270
2026-07-30,hanoi,accepted,595308a5-73a6-48e8-b5e1-02180f7bfd40,30.6,2026-07-30T06:00:00+00:00,30.6,48271
2026-07-30,hanoi,accepted,595308a5-73a6-48e8-b5e1-02180f7bfd40,33.9,2026-07-30T07:00:00+00:00,33.9,48272
2026-07-30,hanoi,accepted,595308a5-73a6-48e8-b5e1-02180f7bfd40,34.8,2026-07-30T08:00:00+00:00,34.8,48273
2026-07-30,hanoi,accepted,595308a5-73a6-48e8-b5e1-02180f7bfd40,38.3,2026-07-30T09:00:00+00:00,38.3,48274
2026-07-30,hanoi,accepted,595308a5-73a6-48e8-b5e1-02180f7bfd40,39.1,2026-07-30T10:00:00+00:00,39.1,48275
2026-07-30,hanoi,accepted,595308a5-73a6-48e8-b5e1-02180f7bfd40,38.5,2026-07-30T11:00:00+00:00,38.5,48276
2026-07-30,hanoi,accepted,595308a5-73a6-48e8-b5e1-02180f7bfd40,42.1,2026-07-30T12:00:00+00:00,42.1,48277
2026-07-30,hanoi,accepted,595308a5-73a6-48e8-b5e1-02180f7bfd40,51.7,2026-07-30T13:00:00+00:00,51.7,48278
2026-07-30,hanoi,accepted,595308a5-73a6-48e8-b5e1-02180f7bfd40,58.4,2026-07-30T14:00:00+00:00,58.4,48279
2026-07-30,hanoi,accepted,595308a5-73a6-48e8-b5e1-02180f7bfd40,65.9,2026-07-30T15:00:00+00:00,65.9,48280
2026-07-30,hanoi,accepted,595308a5-73a6-48e8-b5e1-02180f7bfd40,64.0,2026-07-30T16:00:00+00:00,64.0,48281
2026-07-31,hanoi,accepted,595308a5-73a6-48e8-b5e1-02180f7bfd40,49.7,2026-07-30T17:00:00+00:00,49.7,48282
2026-07-31,hanoi,accepted,595308a5-73a6-48e8-b5e1-02180f7bfd40,48.0,2026-07-30T18:00:00+00:00,48.0,48283
2026-07-31,hanoi,accepted,595308a5-73a6-48e8-b5e1-02180f7bfd40,43.9,2026-07-30T19:00:00+00:00,43.9,48284
2026-07-31,hanoi,accepted,595308a5-73a6-48e8-b5e1-02180f7bfd40,37.4,2026-07-30T20:00:00+00:00,37.4,48285
2026-07-31,hanoi,accepted,595308a5-73a6-48e8-b5e1-02180f7bfd40,35.2,2026-07-30T21:00:00+00:00,35.2,48286
2026-07-31,hanoi,accepted,595308a5-73a6-48e8-b5e1-02180f7bfd40,33.8,2026-07-30T22:00:00+00:00,33.8,48287
2026-07-31,hanoi,accepted,595308a5-73a6-48e8-b5e1-02180f7bfd40,31.7,2026-07-30T23:00:00+00:00,31.7,48288
2026-07-31,hanoi,accepted,595308a5-73a6-48e8-b5e1-02180f7bfd40,38.6,2026-07-31T00:00:00+00:00,38.6,48289
2026-07-31,hanoi,accepted,595308a5-73a6-48e8-b5e1-02180f7bfd40,36.2,2026-07-31T01:00:00+00:00,36.2,48290
2026-07-31,hanoi,accepted,595308a5-73a6-48e8-b5e1-02180f7bfd40,35.2,2026-07-31T02:00:00+00:00,35.2,48291
2026-07-31,hanoi,accepted,595308a5-73a6-48e8-b5e1-02180f7bfd40,29.5,2026-07-31T03:00:00+00:00,29.5,48292
2026-07-31,hanoi,accepted,595308a5-73a6-48e8-b5e1-02180f7bfd40,27.8,2026-07-31T04:00:00+00:00,27.8,48293
2026-07-31,hanoi,accepted,595308a5-73a6-48e8-b5e1-02180f7bfd40,28.3,2026-07-31T05:00:00+00:00,28.3,48294
2026-07-31,hanoi,accepted,595308a5-73a6-48e8-b5e1-02180f7bfd40,28.6,2026-07-31T06:00:00+00:00,28.6,48295
2026-07-31,hanoi,accepted,595308a5-73a6-48e8-b5e1-02180f7bfd40,30.0,2026-07-31T07:00:00+00:00,30.0,48296
2026-07-31,hanoi,accepted,595308a5-73a6-48e8-b5e1-02180f7bfd40,29.9,2026-07-31T08:00:00+00:00,29.9,48297
2026-07-31,hanoi,accepted,595308a5-73a6-48e8-b5e1-02180f7bfd40,31.3,2026-07-31T09:00:00+00:00,31.3,48298
2026-07-31,hanoi,accepted,595308a5-73a6-48e8-b5e1-02180f7bfd40,32.8,2026-07-31T10:00:00+00:00,32.8,48299
2026-07-31,hanoi,accepted,595308a5-73a6-48e8-b5e1-02180f7bfd40,39.0,2026-07-31T11:00:00+00:00,39.0,48300
2026-07-31,hanoi,accepted,595308a5-73a6-48e8-b5e1-02180f7bfd40,39.1,2026-07-31T12:00:00+00:00,39.1,48301
2026-07-31,hanoi,accepted,595308a5-73a6-48e8-b5e1-02180f7bfd40,37.3,2026-07-31T13:00:00+00:00,37.3,48302
2026-07-31,hanoi,accepted,595308a5-73a6-48e8-b5e1-02180f7bfd40,38.2,2026-07-31T14:00:00+00:00,38.2,48303
2026-07-31,hanoi,accepted,595308a5-73a6-48e8-b5e1-02180f7bfd40,44.4,2026-07-31T15:00:00+00:00,44.4,48304
2026-07-31,hanoi,accepted,595308a5-73a6-48e8-b5e1-02180f7bfd40,55.5,2026-07-31T16:00:00+00:00,55.5,48305
2026-08-01,hanoi,accepted,595308a5-73a6-48e8-b5e1-02180f7bfd40,67.3,2026-07-31T17:00:00+00:00,67.3,48306
2026-08-01,hanoi,accepted,595308a5-73a6-48e8-b5e1-02180f7bfd40,76.4,2026-07-31T18:00:00+00:00,76.4,48307
2026-08-01,hanoi,accepted,595308a5-73a6-48e8-b5e1-02180f7bfd40,83.1,2026-07-31T19:00:00+00:00,83.1,48308
2026-08-01,hanoi,accepted,595308a5-73a6-48e8-b5e1-02180f7bfd40,91.7,2026-07-31T20:00:00+00:00,91.7,48309
2026-08-01,hanoi,accepted,595308a5-73a6-48e8-b5e1-02180f7bfd40,91.7,2026-07-31T21:00:00+00:00,91.7,48310
2026-08-01,hanoi,accepted,595308a5-73a6-48e8-b5e1-02180f7bfd40,85.0,2026-07-31T22:00:00+00:00,85.0,48311
2026-08-01,hanoi,accepted,595308a5-73a6-48e8-b5e1-02180f7bfd40,70.1,2026-07-31T23:00:00+00:00,70.1,48312
2026-08-01,hanoi,accepted,595308a5-73a6-48e8-b5e1-02180f7bfd40,52.6,2026-08-01T00:00:00+00:00,52.6,48313
2026-08-01,hanoi,accepted,595308a5-73a6-48e8-b5e1-02180f7bfd40,34.3,2026-08-01T01:00:00+00:00,34.3,48314
2026-08-01,hanoi,accepted,595308a5-73a6-48e8-b5e1-02180f7bfd40,27.2,2026-08-01T02:00:00+00:00,27.2,48315
2026-08-01,hanoi,accepted,595308a5-73a6-48e8-b5e1-02180f7bfd40,28.1,2026-08-01T03:00:00+00:00,28.1,48316
2026-08-01,hanoi,accepted,595308a5-73a6-48e8-b5e1-02180f7bfd40,27.6,2026-08-01T04:00:00+00:00,27.6,48317
2026-08-01,hanoi,accepted,595308a5-73a6-48e8-b5e1-02180f7bfd40,27.8,2026-08-01T05:00:00+00:00,27.8,48318
2026-08-01,hanoi,accepted,595308a5-73a6-48e8-b5e1-02180f7bfd40,30.7,2026-08-01T06:00:00+00:00,30.7,48319
2026-08-01,hanoi,accepted,595308a5-73a6-48e8-b5e1-02180f7bfd40,33.6,2026-08-01T07:00:00+00:00,33.6,48320
2026-08-01,hanoi,accepted,595308a5-73a6-48e8-b5e1-02180f7bfd40,34.3,2026-08-01T08:00:00+00:00,34.3,48321
2026-08-01,hanoi,accepted,595308a5-73a6-48e8-b5e1-02180f7bfd40,34.6,2026-08-01T09:00:00+00:00,34.6,48322
2026-08-01,hanoi,accepted,595308a5-73a6-48e8-b5e1-02180f7bfd40,37.8,2026-08-01T10:00:00+00:00,37.8,48323
2026-08-01,hanoi,accepted,595308a5-73a6-48e8-b5e1-02180f7bfd40,38.0,2026-08-01T11:00:00+00:00,38.0,48324
2026-08-01,hanoi,accepted,595308a5-73a6-48e8-b5e1-02180f7bfd40,41.1,2026-08-01T12:00:00+00:00,41.1,48325
2026-08-01,hanoi,accepted,595308a5-73a6-48e8-b5e1-02180f7bfd40,42.4,2026-08-01T13:00:00+00:00,42.4,48326
2026-08-01,hanoi,accepted,595308a5-73a6-48e8-b5e1-02180f7bfd40,45.3,2026-08-01T14:00:00+00:00,45.3,48327
2026-08-01,hanoi,accepted,595308a5-73a6-48e8-b5e1-02180f7bfd40,49.5,2026-08-01T15:00:00+00:00,49.5,48328
2026-08-01,hanoi,accepted,595308a5-73a6-48e8-b5e1-02180f7bfd40,52.2,2026-08-01T16:00:00+00:00,52.2,48329
2026-08-02,hanoi,accepted,595308a5-73a6-48e8-b5e1-02180f7bfd40,47.1,2026-08-01T17:00:00+00:00,47.1,48330
2026-08-02,hanoi,accepted,595308a5-73a6-48e8-b5e1-02180f7bfd40,52.0,2026-08-01T18:00:00+00:00,52.0,48331
2026-08-02,hanoi,accepted,595308a5-73a6-48e8-b5e1-02180f7bfd40,56.8,2026-08-01T19:00:00+00:00,56.8,48332
2026-08-02,hanoi,accepted,595308a5-73a6-48e8-b5e1-02180f7bfd40,58.3,2026-08-01T20:00:00+00:00,58.3,48333
2026-08-02,hanoi,accepted,595308a5-73a6-48e8-b5e1-02180f7bfd40,59.0,2026-08-01T21:00:00+00:00,59.0,48334
2026-08-02,hanoi,accepted,595308a5-73a6-48e8-b5e1-02180f7bfd40,56.5,2026-08-01T22:00:00+00:00,56.5,48335
2026-08-02,hanoi,accepted,595308a5-73a6-48e8-b5e1-02180f7bfd40,56.6,2026-08-01T23:00:00+00:00,56.6,48336
2026-08-02,hanoi,accepted,595308a5-73a6-48e8-b5e1-02180f7bfd40,49.0,2026-08-02T00:00:00+00:00,49.0,48337
2026-08-02,hanoi,accepted,595308a5-73a6-48e8-b5e1-02180f7bfd40,35.3,2026-08-02T01:00:00+00:00,35.3,48338
2026-08-02,hanoi,accepted,595308a5-73a6-48e8-b5e1-02180f7bfd40,29.9,2026-08-02T02:00:00+00:00,29.9,48339
2026-08-02,hanoi,accepted,595308a5-73a6-48e8-b5e1-02180f7bfd40,25.8,2026-08-02T03:00:00+00:00,25.8,48340
2026-08-02,hanoi,accepted,595308a5-73a6-48e8-b5e1-02180f7bfd40,26.8,2026-08-02T04:00:00+00:00,26.8,48341
2026-08-02,hanoi,accepted,595308a5-73a6-48e8-b5e1-02180f7bfd40,29.6,2026-08-02T05:00:00+00:00,29.6,48342
2026-08-02,hanoi,accepted,595308a5-73a6-48e8-b5e1-02180f7bfd40,32.0,2026-08-02T06:00:00+00:00,32.0,48343
2026-08-02,hanoi,accepted,595308a5-73a6-48e8-b5e1-02180f7bfd40,37.5,2026-08-02T07:00:00+00:00,37.5,48344
2026-08-02,hanoi,accepted,595308a5-73a6-48e8-b5e1-02180f7bfd40,30.0,2026-08-02T08:00:00+00:00,30.0,48345
2026-08-02,hanoi,accepted,595308a5-73a6-48e8-b5e1-02180f7bfd40,27.6,2026-08-02T09:00:00+00:00,27.6,48346
2026-08-02,hanoi,accepted,595308a5-73a6-48e8-b5e1-02180f7bfd40,26.8,2026-08-02T10:00:00+00:00,26.8,48347
2026-08-02,hanoi,accepted,595308a5-73a6-48e8-b5e1-02180f7bfd40,30.5,2026-08-02T11:00:00+00:00,30.5,48348
2026-08-02,hanoi,accepted,595308a5-73a6-48e8-b5e1-02180f7bfd40,34.0,2026-08-02T12:00:00+00:00,34.0,48349
2026-08-02,hanoi,accepted,595308a5-73a6-48e8-b5e1-02180f7bfd40,37.6,2026-08-02T13:00:00+00:00,37.6,48350
2026-08-02,hanoi,accepted,595308a5-73a6-48e8-b5e1-02180f7bfd40,41.7,2026-08-02T14:00:00+00:00,41.7,48351
2026-08-02,hanoi,accepted,595308a5-73a6-48e8-b5e1-02180f7bfd40,41.0,2026-08-02T15:00:00+00:00,41.0,48352
2026-08-02,hanoi,accepted,595308a5-73a6-48e8-b5e1-02180f7bfd40,41.7,2026-08-02T16:00:00+00:00,41.7,48353
2026-08-03,hanoi,accepted,595308a5-73a6-48e8-b5e1-02180f7bfd40,39.6,2026-08-02T17:00:00+00:00,39.6,48354
2026-08-03,hanoi,accepted,595308a5-73a6-48e8-b5e1-02180f7bfd40,37.7,2026-08-02T18:00:00+00:00,37.7,48355
2026-08-03,hanoi,accepted,595308a5-73a6-48e8-b5e1-02180f7bfd40,36.2,2026-08-02T19:00:00+00:00,36.2,48356
2026-08-03,hanoi,accepted,595308a5-73a6-48e8-b5e1-02180f7bfd40,35.4,2026-08-02T20:00:00+00:00,35.4,48357
2026-08-03,hanoi,accepted,595308a5-73a6-48e8-b5e1-02180f7bfd40,30.3,2026-08-02T21:00:00+00:00,30.3,48358
2026-08-03,hanoi,accepted,595308a5-73a6-48e8-b5e1-02180f7bfd40,29.3,2026-08-02T22:00:00+00:00,29.3,48359
2026-08-03,hanoi,accepted,595308a5-73a6-48e8-b5e1-02180f7bfd40,30.7,2026-08-02T23:00:00+00:00,30.7,48360
2026-08-03,hanoi,accepted,03a6ea0b-be40-4dcd-a3c3-44a8939478bc,25.2,2026-08-03T00:00:00+00:00,25.2,49369
2026-08-03,hanoi,accepted,03a6ea0b-be40-4dcd-a3c3-44a8939478bc,25.6,2026-08-03T01:00:00+00:00,25.6,49370
2026-08-03,hanoi,accepted,03a6ea0b-be40-4dcd-a3c3-44a8939478bc,24.0,2026-08-03T02:00:00+00:00,24.0,49371
2026-08-03,hanoi,accepted,03a6ea0b-be40-4dcd-a3c3-44a8939478bc,26.1,2026-08-03T03:00:00+00:00,26.1,49372
2026-08-03,hanoi,accepted,03a6ea0b-be40-4dcd-a3c3-44a8939478bc,30.5,2026-08-03T04:00:00+00:00,30.5,49373
2026-08-03,hanoi,accepted,03a6ea0b-be40-4dcd-a3c3-44a8939478bc,35.7,2026-08-03T05:00:00+00:00,35.7,49374
2026-08-03,hanoi,accepted,03a6ea0b-be40-4dcd-a3c3-44a8939478bc,40.2,2026-08-03T06:00:00+00:00,40.2,49375
2026-08-03,hanoi,accepted,03a6ea0b-be40-4dcd-a3c3-44a8939478bc,45.3,2026-08-03T07:00:00+00:00,45.3,49376
2026-08-03,hanoi,accepted,03a6ea0b-be40-4dcd-a3c3-44a8939478bc,46.2,2026-08-03T08:00:00+00:00,46.2,49377
2026-08-03,hanoi,accepted,03a6ea0b-be40-4dcd-a3c3-44a8939478bc,47.3,2026-08-03T09:00:00+00:00,47.3,49378
2026-08-03,hanoi,accepted,03a6ea0b-be40-4dcd-a3c3-44a8939478bc,45.6,2026-08-03T10:00:00+00:00,45.6,49379
2026-08-03,hanoi,accepted,03a6ea0b-be40-4dcd-a3c3-44a8939478bc,50.6,2026-08-03T11:00:00+00:00,50.6,49380
2026-08-03,hanoi,accepted,03a6ea0b-be40-4dcd-a3c3-44a8939478bc,48.0,2026-08-03T12:00:00+00:00,48.0,49381
2026-08-03,hanoi,accepted,03a6ea0b-be40-4dcd-a3c3-44a8939478bc,56.7,2026-08-03T13:00:00+00:00,56.7,49382
2026-08-03,hanoi,accepted,03a6ea0b-be40-4dcd-a3c3-44a8939478bc,60.1,2026-08-03T14:00:00+00:00,60.1,49383
2026-08-03,hanoi,accepted,03a6ea0b-be40-4dcd-a3c3-44a8939478bc,65.4,2026-08-03T15:00:00+00:00,65.4,49384
2026-08-03,hanoi,accepted,03a6ea0b-be40-4dcd-a3c3-44a8939478bc,71.2,2026-08-03T16:00:00+00:00,71.2,49385
2026-08-04,hanoi,accepted,03a6ea0b-be40-4dcd-a3c3-44a8939478bc,68.2,2026-08-03T17:00:00+00:00,68.2,49386
2026-08-04,hanoi,accepted,03a6ea0b-be40-4dcd-a3c3-44a8939478bc,60.1,2026-08-03T18:00:00+00:00,60.1,49387
2026-08-04,hanoi,accepted,03a6ea0b-be40-4dcd-a3c3-44a8939478bc,56.3,2026-08-03T19:00:00+00:00,56.3,49388
2026-08-04,hanoi,accepted,03a6ea0b-be40-4dcd-a3c3-44a8939478bc,57.2,2026-08-03T20:00:00+00:00,57.2,49389
2026-08-04,hanoi,accepted,03a6ea0b-be40-4dcd-a3c3-44a8939478bc,58.6,2026-08-03T21:00:00+00:00,58.6,49390
2026-08-04,hanoi,accepted,03a6ea0b-be40-4dcd-a3c3-44a8939478bc,59.6,2026-08-03T22:00:00+00:00,59.6,49391
2026-08-04,hanoi,accepted,03a6ea0b-be40-4dcd-a3c3-44a8939478bc,64.5,2026-08-03T23:00:00+00:00,64.5,49392
2026-08-04,hanoi,accepted,03a6ea0b-be40-4dcd-a3c3-44a8939478bc,51.7,2026-08-04T00:00:00+00:00,51.7,49393
2026-08-04,hanoi,accepted,03a6ea0b-be40-4dcd-a3c3-44a8939478bc,49.2,2026-08-04T01:00:00+00:00,49.2,49394
2026-08-04,hanoi,accepted,03a6ea0b-be40-4dcd-a3c3-44a8939478bc,41.1,2026-08-04T02:00:00+00:00,41.1,49395
2026-08-04,hanoi,accepted,03a6ea0b-be40-4dcd-a3c3-44a8939478bc,36.7,2026-08-04T03:00:00+00:00,36.7,49396
2026-08-04,hanoi,accepted,03a6ea0b-be40-4dcd-a3c3-44a8939478bc,39.2,2026-08-04T04:00:00+00:00,39.2,49397
2026-08-04,hanoi,accepted,03a6ea0b-be40-4dcd-a3c3-44a8939478bc,44.2,2026-08-04T05:00:00+00:00,44.2,49398
2026-08-04,hanoi,accepted,03a6ea0b-be40-4dcd-a3c3-44a8939478bc,47.6,2026-08-04T06:00:00+00:00,47.6,49399
2026-08-04,hanoi,accepted,03a6ea0b-be40-4dcd-a3c3-44a8939478bc,52.2,2026-08-04T07:00:00+00:00,52.2,49400
2026-08-04,hanoi,accepted,03a6ea0b-be40-4dcd-a3c3-44a8939478bc,56.5,2026-08-04T08:00:00+00:00,56.5,49401
2026-08-04,hanoi,accepted,03a6ea0b-be40-4dcd-a3c3-44a8939478bc,58.9,2026-08-04T09:00:00+00:00,58.9,49402
2026-08-04,hanoi,accepted,03a6ea0b-be40-4dcd-a3c3-44a8939478bc,59.0,2026-08-04T10:00:00+00:00,59.0,49403
2026-08-04,hanoi,accepted,03a6ea0b-be40-4dcd-a3c3-44a8939478bc,63.1,2026-08-04T11:00:00+00:00,63.1,49404
2026-08-04,hanoi,accepted,03a6ea0b-be40-4dcd-a3c3-44a8939478bc,75.9,2026-08-04T12:00:00+00:00,75.9,49405
2026-08-04,hanoi,accepted,03a6ea0b-be40-4dcd-a3c3-44a8939478bc,75.7,2026-08-04T13:00:00+00:00,75.7,49406
2026-08-04,hanoi,accepted,03a6ea0b-be40-4dcd-a3c3-44a8939478bc,63.6,2026-08-04T14:00:00+00:00,63.6,49407
2026-08-04,hanoi,accepted,03a6ea0b-be40-4dcd-a3c3-44a8939478bc,56.0,2026-08-04T15:00:00+00:00,56.0,49408
2026-08-04,hanoi,accepted,03a6ea0b-be40-4dcd-a3c3-44a8939478bc,55.6,2026-08-04T16:00:00+00:00,55.6,49409
2026-08-05,hanoi,accepted,03a6ea0b-be40-4dcd-a3c3-44a8939478bc,53.2,2026-08-04T17:00:00+00:00,53.2,49410
2026-08-05,hanoi,accepted,03a6ea0b-be40-4dcd-a3c3-44a8939478bc,55.4,2026-08-04T18:00:00+00:00,55.4,49411
2026-08-05,hanoi,accepted,03a6ea0b-be40-4dcd-a3c3-44a8939478bc,57.0,2026-08-04T19:00:00+00:00,57.0,49412
2026-08-05,hanoi,accepted,03a6ea0b-be40-4dcd-a3c3-44a8939478bc,57.3,2026-08-04T20:00:00+00:00,57.3,49413
2026-08-05,hanoi,accepted,03a6ea0b-be40-4dcd-a3c3-44a8939478bc,56.1,2026-08-04T21:00:00+00:00,56.1,49414
2026-08-05,hanoi,accepted,03a6ea0b-be40-4dcd-a3c3-44a8939478bc,55.8,2026-08-04T22:00:00+00:00,55.8,49415
2026-08-05,hanoi,accepted,03a6ea0b-be40-4dcd-a3c3-44a8939478bc,54.5,2026-08-04T23:00:00+00:00,54.5,49416
2026-08-05,hanoi,accepted,03a6ea0b-be40-4dcd-a3c3-44a8939478bc,39.6,2026-08-05T00:00:00+00:00,39.6,49417
2026-08-05,hanoi,accepted,03a6ea0b-be40-4dcd-a3c3-44a8939478bc,36.1,2026-08-05T01:00:00+00:00,36.1,49418
2026-08-05,hanoi,accepted,03a6ea0b-be40-4dcd-a3c3-44a8939478bc,35.5,2026-08-05T02:00:00+00:00,35.5,49419
2026-08-05,hanoi,accepted,03a6ea0b-be40-4dcd-a3c3-44a8939478bc,36.1,2026-08-05T03:00:00+00:00,36.1,49420
2026-08-05,hanoi,accepted,03a6ea0b-be40-4dcd-a3c3-44a8939478bc,39.2,2026-08-05T04:00:00+00:00,39.2,49421
2026-08-05,hanoi,accepted,03a6ea0b-be40-4dcd-a3c3-44a8939478bc,37.8,2026-08-05T05:00:00+00:00,37.8,49422
2026-08-05,hanoi,accepted,03a6ea0b-be40-4dcd-a3c3-44a8939478bc,36.0,2026-08-05T06:00:00+00:00,36.0,49423
2026-08-05,hanoi,accepted,03a6ea0b-be40-4dcd-a3c3-44a8939478bc,36.0,2026-08-05T07:00:00+00:00,36.0,49424
2026-08-05,hanoi,accepted,03a6ea0b-be40-4dcd-a3c3-44a8939478bc,34.7,2026-08-05T08:00:00+00:00,34.7,49425
2026-08-05,hanoi,accepted,03a6ea0b-be40-4dcd-a3c3-44a8939478bc,31.5,2026-08-05T09:00:00+00:00,31.5,49426
2026-08-05,hanoi,accepted,03a6ea0b-be40-4dcd-a3c3-44a8939478bc,33.3,2026-08-05T10:00:00+00:00,33.3,49427
2026-08-05,hanoi,accepted,03a6ea0b-be40-4dcd-a3c3-44a8939478bc,31.0,2026-08-05T11:00:00+00:00,31.0,49428
2026-08-05,hanoi,accepted,03a6ea0b-be40-4dcd-a3c3-44a8939478bc,34.1,2026-08-05T12:00:00+00:00,34.1,49429
2026-08-05,hanoi,accepted,03a6ea0b-be40-4dcd-a3c3-44a8939478bc,37.8,2026-08-05T13:00:00+00:00,37.8,49430
2026-08-05,hanoi,accepted,03a6ea0b-be40-4dcd-a3c3-44a8939478bc,39.3,2026-08-05T14:00:00+00:00,39.3,49431
2026-08-05,hanoi,accepted,03a6ea0b-be40-4dcd-a3c3-44a8939478bc,42.0,2026-08-05T15:00:00+00:00,42.0,49432
2026-08-05,hanoi,accepted,03a6ea0b-be40-4dcd-a3c3-44a8939478bc,44.4,2026-08-05T16:00:00+00:00,44.4,49433
2026-08-06,hanoi,accepted,03a6ea0b-be40-4dcd-a3c3-44a8939478bc,42.3,2026-08-05T17:00:00+00:00,42.3,49434
2026-08-06,hanoi,accepted,03a6ea0b-be40-4dcd-a3c3-44a8939478bc,41.7,2026-08-05T18:00:00+00:00,41.7,49435
2026-08-06,hanoi,accepted,03a6ea0b-be40-4dcd-a3c3-44a8939478bc,38.5,2026-08-05T19:00:00+00:00,38.5,49436
2026-08-06,hanoi,accepted,03a6ea0b-be40-4dcd-a3c3-44a8939478bc,35.6,2026-08-05T20:00:00+00:00,35.6,49437
2026-08-06,hanoi,accepted,03a6ea0b-be40-4dcd-a3c3-44a8939478bc,32.0,2026-08-05T21:00:00+00:00,32.0,49438
2026-08-06,hanoi,accepted,03a6ea0b-be40-4dcd-a3c3-44a8939478bc,32.8,2026-08-05T22:00:00+00:00,32.8,49439
2026-08-06,hanoi,accepted,03a6ea0b-be40-4dcd-a3c3-44a8939478bc,32.0,2026-08-05T23:00:00+00:00,32.0,49440
2026-08-06,hanoi,accepted,03a6ea0b-be40-4dcd-a3c3-44a8939478bc,31.8,2026-08-06T00:00:00+00:00,31.8,49441
2026-08-06,hanoi,accepted,03a6ea0b-be40-4dcd-a3c3-44a8939478bc,25.5,2026-08-06T01:00:00+00:00,25.5,49442
2026-08-06,hanoi,accepted,03a6ea0b-be40-4dcd-a3c3-44a8939478bc,21.7,2026-08-06T02:00:00+00:00,21.7,49443
2026-08-06,hanoi,accepted,03a6ea0b-be40-4dcd-a3c3-44a8939478bc,19.7,2026-08-06T03:00:00+00:00,19.7,49444
2026-08-06,hanoi,accepted,03a6ea0b-be40-4dcd-a3c3-44a8939478bc,17.9,2026-08-06T04:00:00+00:00,17.9,49445
2026-08-06,hanoi,accepted,03a6ea0b-be40-4dcd-a3c3-44a8939478bc,18.2,2026-08-06T05:00:00+00:00,18.2,49446
2026-08-06,hanoi,accepted,03a6ea0b-be40-4dcd-a3c3-44a8939478bc,18.3,2026-08-06T06:00:00+00:00,18.3,49447
2026-08-06,hanoi,accepted,03a6ea0b-be40-4dcd-a3c3-44a8939478bc,16.9,2026-08-06T07:00:00+00:00,16.9,49448
2026-08-06,hanoi,accepted,03a6ea0b-be40-4dcd-a3c3-44a8939478bc,17.4,2026-08-06T08:00:00+00:00,17.4,49449
2026-08-06,hanoi,accepted,03a6ea0b-be40-4dcd-a3c3-44a8939478bc,18.8,2026-08-06T09:00:00+00:00,18.8,49450
2026-08-06,hanoi,accepted,03a6ea0b-be40-4dcd-a3c3-44a8939478bc,21.5,2026-08-06T10:00:00+00:00,21.5,49451
2026-08-06,hanoi,accepted,03a6ea0b-be40-4dcd-a3c3-44a8939478bc,30.7,2026-08-06T11:00:00+00:00,30.7,49452
2026-08-06,hanoi,accepted,03a6ea0b-be40-4dcd-a3c3-44a8939478bc,40.9,2026-08-06T12:00:00+00:00,40.9,49453
2026-08-06,hanoi,accepted,03a6ea0b-be40-4dcd-a3c3-44a8939478bc,43.3,2026-08-06T13:00:00+00:00,43.3,49454
2026-08-06,hanoi,accepted,03a6ea0b-be40-4dcd-a3c3-44a8939478bc,47.1,2026-08-06T14:00:00+00:00,47.1,49455
2026-08-06,hanoi,accepted,03a6ea0b-be40-4dcd-a3c3-44a8939478bc,47.1,2026-08-06T15:00:00+00:00,47.1,49456
2026-08-06,hanoi,accepted,03a6ea0b-be40-4dcd-a3c3-44a8939478bc,47.8,2026-08-06T16:00:00+00:00,47.8,49457
2026-08-07,hanoi,accepted,03a6ea0b-be40-4dcd-a3c3-44a8939478bc,45.5,2026-08-06T17:00:00+00:00,45.5,49458
2026-08-07,hanoi,accepted,03a6ea0b-be40-4dcd-a3c3-44a8939478bc,43.0,2026-08-06T18:00:00+00:00,43.0,49459
2026-08-07,hanoi,accepted,03a6ea0b-be40-4dcd-a3c3-44a8939478bc,38.4,2026-08-06T19:00:00+00:00,38.4,49460
2026-08-07,hanoi,accepted,03a6ea0b-be40-4dcd-a3c3-44a8939478bc,34.7,2026-08-06T20:00:00+00:00,34.7,49461
2026-08-07,hanoi,accepted,03a6ea0b-be40-4dcd-a3c3-44a8939478bc,32.2,2026-08-06T21:00:00+00:00,32.2,49462
2026-08-07,hanoi,accepted,03a6ea0b-be40-4dcd-a3c3-44a8939478bc,30.5,2026-08-06T22:00:00+00:00,30.5,49463
2026-08-07,hanoi,accepted,03a6ea0b-be40-4dcd-a3c3-44a8939478bc,29.7,2026-08-06T23:00:00+00:00,29.7,49464
2026-08-07,hanoi,accepted,03a6ea0b-be40-4dcd-a3c3-44a8939478bc,38.0,2026-08-07T00:00:00+00:00,38.0,49465
2026-08-07,hanoi,accepted,03a6ea0b-be40-4dcd-a3c3-44a8939478bc,36.2,2026-08-07T01:00:00+00:00,36.2,49466
2026-08-07,hanoi,accepted,03a6ea0b-be40-4dcd-a3c3-44a8939478bc,35.3,2026-08-07T02:00:00+00:00,35.3,49467
2026-08-07,hanoi,accepted,03a6ea0b-be40-4dcd-a3c3-44a8939478bc,33.6,2026-08-07T03:00:00+00:00,33.6,49468
2026-08-07,hanoi,accepted,03a6ea0b-be40-4dcd-a3c3-44a8939478bc,30.6,2026-08-07T04:00:00+00:00,30.6,49469
2026-08-07,hanoi,accepted,03a6ea0b-be40-4dcd-a3c3-44a8939478bc,32.0,2026-08-07T05:00:00+00:00,32.0,49470
2026-08-07,hanoi,accepted,03a6ea0b-be40-4dcd-a3c3-44a8939478bc,33.5,2026-08-07T06:00:00+00:00,33.5,49471
2026-08-07,hanoi,accepted,03a6ea0b-be40-4dcd-a3c3-44a8939478bc,35.5,2026-08-07T07:00:00+00:00,35.5,49472
2026-08-07,hanoi,accepted,03a6ea0b-be40-4dcd-a3c3-44a8939478bc,37.7,2026-08-07T08:00:00+00:00,37.7,49473
2026-08-07,hanoi,accepted,03a6ea0b-be40-4dcd-a3c3-44a8939478bc,41.0,2026-08-07T09:00:00+00:00,41.0,49474
2026-08-07,hanoi,accepted,03a6ea0b-be40-4dcd-a3c3-44a8939478bc,49.2,2026-08-07T10:00:00+00:00,49.2,49475
2026-08-07,hanoi,accepted,03a6ea0b-be40-4dcd-a3c3-44a8939478bc,53.3,2026-08-07T11:00:00+00:00,53.3,49476
2026-08-07,hanoi,accepted,03a6ea0b-be40-4dcd-a3c3-44a8939478bc,58.9,2026-08-07T12:00:00+00:00,58.9,49477
2026-08-07,hanoi,accepted,03a6ea0b-be40-4dcd-a3c3-44a8939478bc,68.7,2026-08-07T13:00:00+00:00,68.7,49478
2026-08-07,hanoi,accepted,03a6ea0b-be40-4dcd-a3c3-44a8939478bc,76.8,2026-08-07T14:00:00+00:00,76.8,49479
2026-08-07,hanoi,accepted,03a6ea0b-be40-4dcd-a3c3-44a8939478bc,91.0,2026-08-07T15:00:00+00:00,91.0,49480
2026-08-07,hanoi,accepted,03a6ea0b-be40-4dcd-a3c3-44a8939478bc,99.9,2026-08-07T16:00:00+00:00,99.9,49481
2026-08-08,hanoi,accepted,03a6ea0b-be40-4dcd-a3c3-44a8939478bc,107.3,2026-08-07T17:00:00+00:00,107.3,49482
2026-08-08,hanoi,accepted,03a6ea0b-be40-4dcd-a3c3-44a8939478bc,109.0,2026-08-07T18:00:00+00:00,109.0,49483
2026-08-08,hanoi,accepted,03a6ea0b-be40-4dcd-a3c3-44a8939478bc,114.1,2026-08-07T19:00:00+00:00,114.1,49484
2026-08-08,hanoi,accepted,03a6ea0b-be40-4dcd-a3c3-44a8939478bc,120.1,2026-08-07T20:00:00+00:00,120.1,49485
2026-08-08,hanoi,accepted,03a6ea0b-be40-4dcd-a3c3-44a8939478bc,124.8,2026-08-07T21:00:00+00:00,124.8,49486
2026-08-08,hanoi,accepted,03a6ea0b-be40-4dcd-a3c3-44a8939478bc,125.7,2026-08-07T22:00:00+00:00,125.7,49487
2026-08-08,hanoi,accepted,03a6ea0b-be40-4dcd-a3c3-44a8939478bc,135.0,2026-08-07T23:00:00+00:00,135.0,49488
2026-08-08,hanoi,accepted,03a6ea0b-be40-4dcd-a3c3-44a8939478bc,101.3,2026-08-08T00:00:00+00:00,101.3,49489
2026-08-08,hanoi,accepted,03a6ea0b-be40-4dcd-a3c3-44a8939478bc,86.1,2026-08-08T01:00:00+00:00,86.1,49490
2026-08-08,hanoi,accepted,03a6ea0b-be40-4dcd-a3c3-44a8939478bc,65.7,2026-08-08T02:00:00+00:00,65.7,49491
2026-08-08,hanoi,accepted,03a6ea0b-be40-4dcd-a3c3-44a8939478bc,53.0,2026-08-08T03:00:00+00:00,53.0,49492
2026-08-08,hanoi,accepted,03a6ea0b-be40-4dcd-a3c3-44a8939478bc,44.7,2026-08-08T04:00:00+00:00,44.7,49493
2026-08-08,hanoi,accepted,03a6ea0b-be40-4dcd-a3c3-44a8939478bc,36.7,2026-08-08T05:00:00+00:00,36.7,49494
2026-08-08,hanoi,accepted,03a6ea0b-be40-4dcd-a3c3-44a8939478bc,31.8,2026-08-08T06:00:00+00:00,31.8,49495
2026-08-08,hanoi,accepted,03a6ea0b-be40-4dcd-a3c3-44a8939478bc,29.8,2026-08-08T07:00:00+00:00,29.8,49496
2026-08-08,hanoi,accepted,03a6ea0b-be40-4dcd-a3c3-44a8939478bc,28.8,2026-08-08T08:00:00+00:00,28.8,49497
2026-08-08,hanoi,accepted,03a6ea0b-be40-4dcd-a3c3-44a8939478bc,29.3,2026-08-08T09:00:00+00:00,29.3,49498
2026-08-08,hanoi,accepted,03a6ea0b-be40-4dcd-a3c3-44a8939478bc,33.1,2026-08-08T10:00:00+00:00,33.1,49499
2026-08-08,hanoi,accepted,03a6ea0b-be40-4dcd-a3c3-44a8939478bc,48.1,2026-08-08T11:00:00+00:00,48.1,49500
2026-08-08,hanoi,accepted,03a6ea0b-be40-4dcd-a3c3-44a8939478bc,56.1,2026-08-08T12:00:00+00:00,56.1,49501
2026-08-08,hanoi,accepted,03a6ea0b-be40-4dcd-a3c3-44a8939478bc,80.6,2026-08-08T13:00:00+00:00,80.6,49502
2026-08-08,hanoi,accepted,03a6ea0b-be40-4dcd-a3c3-44a8939478bc,99.4,2026-08-08T14:00:00+00:00,99.4,49503
2026-08-08,hanoi,accepted,03a6ea0b-be40-4dcd-a3c3-44a8939478bc,119.7,2026-08-08T15:00:00+00:00,119.7,49504
2026-08-08,hanoi,accepted,03a6ea0b-be40-4dcd-a3c3-44a8939478bc,132.7,2026-08-08T16:00:00+00:00,132.7,49505
2026-08-09,hanoi,accepted,03a6ea0b-be40-4dcd-a3c3-44a8939478bc,138.3,2026-08-08T17:00:00+00:00,138.3,49506
2026-08-09,hanoi,accepted,03a6ea0b-be40-4dcd-a3c3-44a8939478bc,138.3,2026-08-08T18:00:00+00:00,138.3,49507
2026-08-09,hanoi,accepted,03a6ea0b-be40-4dcd-a3c3-44a8939478bc,142.0,2026-08-08T19:00:00+00:00,142.0,49508
2026-08-09,hanoi,accepted,03a6ea0b-be40-4dcd-a3c3-44a8939478bc,138.8,2026-08-08T20:00:00+00:00,138.8,49509
2026-08-09,hanoi,accepted,03a6ea0b-be40-4dcd-a3c3-44a8939478bc,134.1,2026-08-08T21:00:00+00:00,134.1,49510
2026-08-09,hanoi,accepted,03a6ea0b-be40-4dcd-a3c3-44a8939478bc,125.7,2026-08-08T22:00:00+00:00,125.7,49511
2026-08-09,hanoi,accepted,03a6ea0b-be40-4dcd-a3c3-44a8939478bc,109.7,2026-08-08T23:00:00+00:00,109.7,49512
2026-08-09,hanoi,accepted,03a6ea0b-be40-4dcd-a3c3-44a8939478bc,91.5,2026-08-09T00:00:00+00:00,91.5,49513
2026-08-09,hanoi,accepted,03a6ea0b-be40-4dcd-a3c3-44a8939478bc,65.9,2026-08-09T01:00:00+00:00,65.9,49514
2026-08-09,hanoi,accepted,03a6ea0b-be40-4dcd-a3c3-44a8939478bc,42.6,2026-08-09T02:00:00+00:00,42.6,49515
2026-08-09,hanoi,accepted,03a6ea0b-be40-4dcd-a3c3-44a8939478bc,31.0,2026-08-09T03:00:00+00:00,31.0,49516
2026-08-09,hanoi,accepted,03a6ea0b-be40-4dcd-a3c3-44a8939478bc,24.6,2026-08-09T04:00:00+00:00,24.6,49517
2026-08-09,hanoi,accepted,03a6ea0b-be40-4dcd-a3c3-44a8939478bc,20.0,2026-08-09T05:00:00+00:00,20.0,49518
2026-08-09,hanoi,accepted,03a6ea0b-be40-4dcd-a3c3-44a8939478bc,17.1,2026-08-09T06:00:00+00:00,17.1,49519
2026-08-09,hanoi,accepted,03a6ea0b-be40-4dcd-a3c3-44a8939478bc,16.4,2026-08-09T07:00:00+00:00,16.4,49520
2026-08-09,hanoi,accepted,03a6ea0b-be40-4dcd-a3c3-44a8939478bc,16.3,2026-08-09T08:00:00+00:00,16.3,49521
2026-08-09,hanoi,accepted,03a6ea0b-be40-4dcd-a3c3-44a8939478bc,17.2,2026-08-09T09:00:00+00:00,17.2,49522
2026-08-09,hanoi,accepted,03a6ea0b-be40-4dcd-a3c3-44a8939478bc,21.2,2026-08-09T10:00:00+00:00,21.2,49523
2026-08-09,hanoi,accepted,03a6ea0b-be40-4dcd-a3c3-44a8939478bc,38.1,2026-08-09T11:00:00+00:00,38.1,49524
2026-08-09,hanoi,accepted,03a6ea0b-be40-4dcd-a3c3-44a8939478bc,72.4,2026-08-09T12:00:00+00:00,72.4,49525
2026-08-09,hanoi,accepted,03a6ea0b-be40-4dcd-a3c3-44a8939478bc,97.6,2026-08-09T13:00:00+00:00,97.6,49526
2026-08-09,hanoi,accepted,03a6ea0b-be40-4dcd-a3c3-44a8939478bc,123.9,2026-08-09T14:00:00+00:00,123.9,49527
2026-08-09,hanoi,accepted,03a6ea0b-be40-4dcd-a3c3-44a8939478bc,142.0,2026-08-09T15:00:00+00:00,142.0,49528
2026-08-09,hanoi,accepted,03a6ea0b-be40-4dcd-a3c3-44a8939478bc,133.6,2026-08-09T16:00:00+00:00,133.6,49529
2026-08-10,hanoi,accepted,03a6ea0b-be40-4dcd-a3c3-44a8939478bc,107.3,2026-08-09T17:00:00+00:00,107.3,49530
2026-08-10,hanoi,accepted,03a6ea0b-be40-4dcd-a3c3-44a8939478bc,82.9,2026-08-09T18:00:00+00:00,82.9,49531
2026-08-10,hanoi,accepted,03a6ea0b-be40-4dcd-a3c3-44a8939478bc,65.9,2026-08-09T19:00:00+00:00,65.9,49532
2026-08-10,hanoi,accepted,03a6ea0b-be40-4dcd-a3c3-44a8939478bc,50.1,2026-08-09T20:00:00+00:00,50.1,49533
2026-08-10,hanoi,accepted,03a6ea0b-be40-4dcd-a3c3-44a8939478bc,37.3,2026-08-09T21:00:00+00:00,37.3,49534
2026-08-10,hanoi,accepted,03a6ea0b-be40-4dcd-a3c3-44a8939478bc,29.5,2026-08-09T22:00:00+00:00,29.5,49535
2026-08-10,hanoi,accepted,03a6ea0b-be40-4dcd-a3c3-44a8939478bc,28.1,2026-08-09T23:00:00+00:00,28.1,49536
2026-08-10,hanoi,accepted,946cb494-a335-4536-8813-3129d7a202b3,33.5,2026-08-10T00:00:00+00:00,33.5,50545
2026-08-10,hanoi,accepted,946cb494-a335-4536-8813-3129d7a202b3,31.1,2026-08-10T01:00:00+00:00,31.1,50546
2026-08-10,hanoi,accepted,946cb494-a335-4536-8813-3129d7a202b3,27.4,2026-08-10T02:00:00+00:00,27.4,50547
2026-08-10,hanoi,accepted,946cb494-a335-4536-8813-3129d7a202b3,25.4,2026-08-10T03:00:00+00:00,25.4,50548
2026-08-10,hanoi,accepted,946cb494-a335-4536-8813-3129d7a202b3,22.5,2026-08-10T04:00:00+00:00,22.5,50549
2026-08-10,hanoi,accepted,946cb494-a335-4536-8813-3129d7a202b3,19.6,2026-08-10T05:00:00+00:00,19.6,50550
2026-08-10,hanoi,accepted,946cb494-a335-4536-8813-3129d7a202b3,18.1,2026-08-10T06:00:00+00:00,18.1,50551
2026-08-10,hanoi,accepted,946cb494-a335-4536-8813-3129d7a202b3,18.7,2026-08-10T07:00:00+00:00,18.7,50552
2026-08-10,hanoi,accepted,946cb494-a335-4536-8813-3129d7a202b3,19.7,2026-08-10T08:00:00+00:00,19.7,50553
2026-08-10,hanoi,accepted,946cb494-a335-4536-8813-3129d7a202b3,20.3,2026-08-10T09:00:00+00:00,20.3,50554
2026-08-10,hanoi,accepted,946cb494-a335-4536-8813-3129d7a202b3,23.3,2026-08-10T10:00:00+00:00,23.3,50555
2026-08-10,hanoi,accepted,946cb494-a335-4536-8813-3129d7a202b3,40.3,2026-08-10T11:00:00+00:00,40.3,50556
2026-08-10,hanoi,accepted,946cb494-a335-4536-8813-3129d7a202b3,85.4,2026-08-10T12:00:00+00:00,85.4,50557
2026-08-10,hanoi,accepted,946cb494-a335-4536-8813-3129d7a202b3,112.0,2026-08-10T13:00:00+00:00,112.0,50558
2026-08-10,hanoi,accepted,946cb494-a335-4536-8813-3129d7a202b3,116.4,2026-08-10T14:00:00+00:00,116.4,50559
2026-08-10,hanoi,accepted,946cb494-a335-4536-8813-3129d7a202b3,110.8,2026-08-10T15:00:00+00:00,110.8,50560
2026-08-10,hanoi,accepted,946cb494-a335-4536-8813-3129d7a202b3,109.7,2026-08-10T16:00:00+00:00,109.7,50561
2026-08-11,hanoi,accepted,946cb494-a335-4536-8813-3129d7a202b3,104.5,2026-08-10T17:00:00+00:00,104.5,50562
2026-08-11,hanoi,accepted,946cb494-a335-4536-8813-3129d7a202b3,103.6,2026-08-10T18:00:00+00:00,103.6,50563
2026-08-11,hanoi,accepted,946cb494-a335-4536-8813-3129d7a202b3,109.2,2026-08-10T19:00:00+00:00,109.2,50564
2026-08-11,hanoi,accepted,946cb494-a335-4536-8813-3129d7a202b3,109.2,2026-08-10T20:00:00+00:00,109.2,50565
2026-08-11,hanoi,accepted,946cb494-a335-4536-8813-3129d7a202b3,113.4,2026-08-10T21:00:00+00:00,113.4,50566
2026-08-11,hanoi,accepted,946cb494-a335-4536-8813-3129d7a202b3,116.2,2026-08-10T22:00:00+00:00,116.2,50567
2026-08-11,hanoi,accepted,946cb494-a335-4536-8813-3129d7a202b3,121.5,2026-08-10T23:00:00+00:00,121.5,50568
2026-08-11,hanoi,accepted,946cb494-a335-4536-8813-3129d7a202b3,99.0,2026-08-11T00:00:00+00:00,99.0,50569
2026-08-11,hanoi,accepted,946cb494-a335-4536-8813-3129d7a202b3,72.6,2026-08-11T01:00:00+00:00,72.6,50570
2026-08-11,hanoi,accepted,946cb494-a335-4536-8813-3129d7a202b3,50.1,2026-08-11T02:00:00+00:00,50.1,50571
2026-08-11,hanoi,accepted,946cb494-a335-4536-8813-3129d7a202b3,38.0,2026-08-11T03:00:00+00:00,38.0,50572
2026-08-11,hanoi,accepted,946cb494-a335-4536-8813-3129d7a202b3,30.9,2026-08-11T04:00:00+00:00,30.9,50573
2026-08-11,hanoi,accepted,946cb494-a335-4536-8813-3129d7a202b3,26.1,2026-08-11T05:00:00+00:00,26.1,50574
2026-08-11,hanoi,accepted,946cb494-a335-4536-8813-3129d7a202b3,25.2,2026-08-11T06:00:00+00:00,25.2,50575
2026-08-11,hanoi,accepted,946cb494-a335-4536-8813-3129d7a202b3,25.9,2026-08-11T07:00:00+00:00,25.9,50576
2026-08-11,hanoi,accepted,946cb494-a335-4536-8813-3129d7a202b3,27.1,2026-08-11T08:00:00+00:00,27.1,50577
2026-08-11,hanoi,accepted,946cb494-a335-4536-8813-3129d7a202b3,29.3,2026-08-11T09:00:00+00:00,29.3,50578
2026-08-11,hanoi,accepted,946cb494-a335-4536-8813-3129d7a202b3,36.4,2026-08-11T10:00:00+00:00,36.4,50579
2026-08-11,hanoi,accepted,946cb494-a335-4536-8813-3129d7a202b3,53.4,2026-08-11T11:00:00+00:00,53.4,50580
2026-08-11,hanoi,accepted,946cb494-a335-4536-8813-3129d7a202b3,65.9,2026-08-11T12:00:00+00:00,65.9,50581
2026-08-11,hanoi,accepted,946cb494-a335-4536-8813-3129d7a202b3,81.5,2026-08-11T13:00:00+00:00,81.5,50582
2026-08-11,hanoi,accepted,946cb494-a335-4536-8813-3129d7a202b3,94.5,2026-08-11T14:00:00+00:00,94.5,50583
2026-08-11,hanoi,accepted,946cb494-a335-4536-8813-3129d7a202b3,102.2,2026-08-11T15:00:00+00:00,102.2,50584
2026-08-11,hanoi,accepted,946cb494-a335-4536-8813-3129d7a202b3,102.4,2026-08-11T16:00:00+00:00,102.4,50585
2026-08-12,hanoi,accepted,946cb494-a335-4536-8813-3129d7a202b3,100.6,2026-08-11T17:00:00+00:00,100.6,50586
2026-08-12,hanoi,accepted,946cb494-a335-4536-8813-3129d7a202b3,106.4,2026-08-11T18:00:00+00:00,106.4,50587
2026-08-12,hanoi,accepted,946cb494-a335-4536-8813-3129d7a202b3,115.9,2026-08-11T19:00:00+00:00,115.9,50588
2026-08-12,hanoi,accepted,946cb494-a335-4536-8813-3129d7a202b3,124.3,2026-08-11T20:00:00+00:00,124.3,50589
2026-08-12,hanoi,accepted,946cb494-a335-4536-8813-3129d7a202b3,123.9,2026-08-11T21:00:00+00:00,123.9,50590
2026-08-12,hanoi,accepted,946cb494-a335-4536-8813-3129d7a202b3,129.9,2026-08-11T22:00:00+00:00,129.9,50591
2026-08-12,hanoi,accepted,946cb494-a335-4536-8813-3129d7a202b3,134.1,2026-08-11T23:00:00+00:00,134.1,50592
2026-08-12,hanoi,accepted,946cb494-a335-4536-8813-3129d7a202b3,135.0,2026-08-12T00:00:00+00:00,135.0,50593
2026-08-12,hanoi,accepted,946cb494-a335-4536-8813-3129d7a202b3,113.9,2026-08-12T01:00:00+00:00,113.9,50594
2026-08-12,hanoi,accepted,946cb494-a335-4536-8813-3129d7a202b3,93.1,2026-08-12T02:00:00+00:00,93.1,50595
2026-08-12,hanoi,accepted,946cb494-a335-4536-8813-3129d7a202b3,65.9,2026-08-12T03:00:00+00:00,65.9,50596
2026-08-12,hanoi,accepted,946cb494-a335-4536-8813-3129d7a202b3,53.2,2026-08-12T04:00:00+00:00,53.2,50597
2026-08-12,hanoi,accepted,946cb494-a335-4536-8813-3129d7a202b3,45.3,2026-08-12T05:00:00+00:00,45.3,50598
2026-08-12,hanoi,accepted,946cb494-a335-4536-8813-3129d7a202b3,41.0,2026-08-12T06:00:00+00:00,41.0,50599
2026-08-12,hanoi,accepted,946cb494-a335-4536-8813-3129d7a202b3,36.6,2026-08-12T07:00:00+00:00,36.6,50600
2026-08-12,hanoi,accepted,946cb494-a335-4536-8813-3129d7a202b3,34.2,2026-08-12T08:00:00+00:00,34.2,50601
2026-08-12,hanoi,accepted,946cb494-a335-4536-8813-3129d7a202b3,33.6,2026-08-12T09:00:00+00:00,33.6,50602
2026-08-12,hanoi,accepted,946cb494-a335-4536-8813-3129d7a202b3,35.3,2026-08-12T10:00:00+00:00,35.3,50603
2026-08-12,hanoi,accepted,946cb494-a335-4536-8813-3129d7a202b3,49.4,2026-08-12T11:00:00+00:00,49.4,50604
2026-08-12,hanoi,accepted,946cb494-a335-4536-8813-3129d7a202b3,74.0,2026-08-12T12:00:00+00:00,74.0,50605
2026-08-12,hanoi,accepted,946cb494-a335-4536-8813-3129d7a202b3,119.7,2026-08-12T13:00:00+00:00,119.7,50606
2026-08-12,hanoi,accepted,946cb494-a335-4536-8813-3129d7a202b3,133.6,2026-08-12T14:00:00+00:00,133.6,50607
2026-08-12,hanoi,accepted,946cb494-a335-4536-8813-3129d7a202b3,129.9,2026-08-12T15:00:00+00:00,129.9,50608
2026-08-12,hanoi,accepted,946cb494-a335-4536-8813-3129d7a202b3,119.2,2026-08-12T16:00:00+00:00,119.2,50609
2026-08-13,hanoi,accepted,946cb494-a335-4536-8813-3129d7a202b3,113.6,2026-08-12T17:00:00+00:00,113.6,50610
2026-08-13,hanoi,accepted,946cb494-a335-4536-8813-3129d7a202b3,112.5,2026-08-12T18:00:00+00:00,112.5,50611
2026-08-13,hanoi,accepted,946cb494-a335-4536-8813-3129d7a202b3,119.2,2026-08-12T19:00:00+00:00,119.2,50612
2026-08-13,hanoi,accepted,946cb494-a335-4536-8813-3129d7a202b3,130.4,2026-08-12T20:00:00+00:00,130.4,50613
2026-08-13,hanoi,accepted,946cb494-a335-4536-8813-3129d7a202b3,137.4,2026-08-12T21:00:00+00:00,137.4,50614
2026-08-13,hanoi,accepted,946cb494-a335-4536-8813-3129d7a202b3,139.7,2026-08-12T22:00:00+00:00,139.7,50615
2026-08-13,hanoi,accepted,946cb494-a335-4536-8813-3129d7a202b3,124.8,2026-08-12T23:00:00+00:00,124.8,50616
2026-08-13,hanoi,accepted,946cb494-a335-4536-8813-3129d7a202b3,142.0,2026-08-13T00:00:00+00:00,142.0,50617
2026-08-13,hanoi,accepted,946cb494-a335-4536-8813-3129d7a202b3,93.4,2026-08-13T01:00:00+00:00,93.4,50618
2026-08-13,hanoi,accepted,946cb494-a335-4536-8813-3129d7a202b3,60.5,2026-08-13T02:00:00+00:00,60.5,50619
2026-08-13,hanoi,accepted,946cb494-a335-4536-8813-3129d7a202b3,46.0,2026-08-13T03:00:00+00:00,46.0,50620
2026-08-13,hanoi,accepted,946cb494-a335-4536-8813-3129d7a202b3,34.0,2026-08-13T04:00:00+00:00,34.0,50621
2026-08-13,hanoi,accepted,946cb494-a335-4536-8813-3129d7a202b3,27.8,2026-08-13T05:00:00+00:00,27.8,50622
2026-08-13,hanoi,accepted,946cb494-a335-4536-8813-3129d7a202b3,25.9,2026-08-13T06:00:00+00:00,25.9,50623
2026-08-13,hanoi,accepted,946cb494-a335-4536-8813-3129d7a202b3,25.3,2026-08-13T07:00:00+00:00,25.3,50624
2026-08-13,hanoi,accepted,946cb494-a335-4536-8813-3129d7a202b3,25.1,2026-08-13T08:00:00+00:00,25.1,50625
2026-08-13,hanoi,accepted,946cb494-a335-4536-8813-3129d7a202b3,26.0,2026-08-13T09:00:00+00:00,26.0,50626
2026-08-13,hanoi,accepted,946cb494-a335-4536-8813-3129d7a202b3,29.7,2026-08-13T10:00:00+00:00,29.7,50627
2026-08-13,hanoi,accepted,946cb494-a335-4536-8813-3129d7a202b3,56.0,2026-08-13T11:00:00+00:00,56.0,50628
2026-08-13,hanoi,accepted,946cb494-a335-4536-8813-3129d7a202b3,40.9,2026-08-13T12:00:00+00:00,40.9,50629
2026-08-13,hanoi,accepted,946cb494-a335-4536-8813-3129d7a202b3,56.1,2026-08-13T13:00:00+00:00,56.1,50630
2026-08-13,hanoi,accepted,946cb494-a335-4536-8813-3129d7a202b3,73.1,2026-08-13T14:00:00+00:00,73.1,50631
2026-08-13,hanoi,accepted,946cb494-a335-4536-8813-3129d7a202b3,94.1,2026-08-13T15:00:00+00:00,94.1,50632
2026-08-13,hanoi,accepted,946cb494-a335-4536-8813-3129d7a202b3,106.9,2026-08-13T16:00:00+00:00,106.9,50633
2026-08-14,hanoi,accepted,946cb494-a335-4536-8813-3129d7a202b3,109.7,2026-08-13T17:00:00+00:00,109.7,50634
2026-08-14,hanoi,accepted,946cb494-a335-4536-8813-3129d7a202b3,112.5,2026-08-13T18:00:00+00:00,112.5,50635
2026-08-14,hanoi,accepted,946cb494-a335-4536-8813-3129d7a202b3,115.7,2026-08-13T19:00:00+00:00,115.7,50636
2026-08-14,hanoi,accepted,946cb494-a335-4536-8813-3129d7a202b3,122.5,2026-08-13T20:00:00+00:00,122.5,50637
2026-08-14,hanoi,accepted,946cb494-a335-4536-8813-3129d7a202b3,127.6,2026-08-13T21:00:00+00:00,127.6,50638
2026-08-14,hanoi,accepted,946cb494-a335-4536-8813-3129d7a202b3,132.7,2026-08-13T22:00:00+00:00,132.7,50639
2026-08-14,hanoi,accepted,946cb494-a335-4536-8813-3129d7a202b3,140.6,2026-08-13T23:00:00+00:00,140.6,50640
2026-08-14,hanoi,accepted,946cb494-a335-4536-8813-3129d7a202b3,76.8,2026-08-14T00:00:00+00:00,76.8,50641
2026-08-14,hanoi,accepted,946cb494-a335-4536-8813-3129d7a202b3,48.3,2026-08-14T01:00:00+00:00,48.3,50642
2026-08-14,hanoi,accepted,946cb494-a335-4536-8813-3129d7a202b3,32.4,2026-08-14T02:00:00+00:00,32.4,50643
2026-08-14,hanoi,accepted,946cb494-a335-4536-8813-3129d7a202b3,24.9,2026-08-14T03:00:00+00:00,24.9,50644
2026-08-14,hanoi,accepted,946cb494-a335-4536-8813-3129d7a202b3,23.9,2026-08-14T04:00:00+00:00,23.9,50645
2026-08-14,hanoi,accepted,946cb494-a335-4536-8813-3129d7a202b3,24.0,2026-08-14T05:00:00+00:00,24.0,50646
2026-08-14,hanoi,accepted,946cb494-a335-4536-8813-3129d7a202b3,20.8,2026-08-14T06:00:00+00:00,20.8,50647
2026-08-14,hanoi,accepted,946cb494-a335-4536-8813-3129d7a202b3,19.0,2026-08-14T07:00:00+00:00,19.0,50648
2026-08-14,hanoi,accepted,946cb494-a335-4536-8813-3129d7a202b3,20.2,2026-08-14T08:00:00+00:00,20.2,50649
2026-08-14,hanoi,accepted,946cb494-a335-4536-8813-3129d7a202b3,26.4,2026-08-14T09:00:00+00:00,26.4,50650
2026-08-14,hanoi,accepted,946cb494-a335-4536-8813-3129d7a202b3,29.1,2026-08-14T10:00:00+00:00,29.1,50651
2026-08-14,hanoi,accepted,946cb494-a335-4536-8813-3129d7a202b3,34.6,2026-08-14T11:00:00+00:00,34.6,50652
2026-08-14,hanoi,accepted,946cb494-a335-4536-8813-3129d7a202b3,87.3,2026-08-14T12:00:00+00:00,87.3,50653
2026-08-14,hanoi,accepted,946cb494-a335-4536-8813-3129d7a202b3,114.8,2026-08-14T13:00:00+00:00,114.8,50654
2026-08-14,hanoi,accepted,946cb494-a335-4536-8813-3129d7a202b3,102.2,2026-08-14T14:00:00+00:00,102.2,50655
2026-08-14,hanoi,accepted,946cb494-a335-4536-8813-3129d7a202b3,108.3,2026-08-14T15:00:00+00:00,108.3,50656
2026-08-14,hanoi,accepted,946cb494-a335-4536-8813-3129d7a202b3,122.9,2026-08-14T16:00:00+00:00,122.9,50657
2026-08-15,hanoi,accepted,946cb494-a335-4536-8813-3129d7a202b3,134.6,2026-08-14T17:00:00+00:00,134.6,50658
2026-08-15,hanoi,accepted,946cb494-a335-4536-8813-3129d7a202b3,142.0,2026-08-14T18:00:00+00:00,142.0,50659
2026-08-15,hanoi,accepted,946cb494-a335-4536-8813-3129d7a202b3,145.3,2026-08-14T19:00:00+00:00,145.3,50660
2026-08-15,hanoi,accepted,946cb494-a335-4536-8813-3129d7a202b3,130.9,2026-08-14T20:00:00+00:00,130.9,50661
2026-08-15,hanoi,accepted,946cb494-a335-4536-8813-3129d7a202b3,93.1,2026-08-14T21:00:00+00:00,93.1,50662
2026-08-15,hanoi,accepted,946cb494-a335-4536-8813-3129d7a202b3,73.1,2026-08-14T22:00:00+00:00,73.1,50663
2026-08-15,hanoi,accepted,946cb494-a335-4536-8813-3129d7a202b3,65.2,2026-08-14T23:00:00+00:00,65.2,50664
2026-08-15,hanoi,accepted,946cb494-a335-4536-8813-3129d7a202b3,49.6,2026-08-15T00:00:00+00:00,49.6,50665
2026-08-15,hanoi,accepted,946cb494-a335-4536-8813-3129d7a202b3,40.7,2026-08-15T01:00:00+00:00,40.7,50666
2026-08-15,hanoi,accepted,946cb494-a335-4536-8813-3129d7a202b3,38.3,2026-08-15T02:00:00+00:00,38.3,50667
2026-08-15,hanoi,accepted,946cb494-a335-4536-8813-3129d7a202b3,37.0,2026-08-15T03:00:00+00:00,37.0,50668
2026-08-15,hanoi,accepted,946cb494-a335-4536-8813-3129d7a202b3,36.1,2026-08-15T04:00:00+00:00,36.1,50669
2026-08-15,hanoi,accepted,946cb494-a335-4536-8813-3129d7a202b3,34.8,2026-08-15T05:00:00+00:00,34.8,50670
2026-08-15,hanoi,accepted,946cb494-a335-4536-8813-3129d7a202b3,33.3,2026-08-15T06:00:00+00:00,33.3,50671
2026-08-15,hanoi,accepted,946cb494-a335-4536-8813-3129d7a202b3,34.1,2026-08-15T07:00:00+00:00,34.1,50672
2026-08-15,hanoi,accepted,946cb494-a335-4536-8813-3129d7a202b3,35.6,2026-08-15T08:00:00+00:00,35.6,50673
2026-08-15,hanoi,accepted,946cb494-a335-4536-8813-3129d7a202b3,37.4,2026-08-15T09:00:00+00:00,37.4,50674
2026-08-15,hanoi,accepted,946cb494-a335-4536-8813-3129d7a202b3,41.4,2026-08-15T10:00:00+00:00,41.4,50675
2026-08-15,hanoi,accepted,946cb494-a335-4536-8813-3129d7a202b3,59.3,2026-08-15T11:00:00+00:00,59.3,50676
2026-08-15,hanoi,accepted,946cb494-a335-4536-8813-3129d7a202b3,58.8,2026-08-15T12:00:00+00:00,58.8,50677
2026-08-15,hanoi,accepted,946cb494-a335-4536-8813-3129d7a202b3,68.9,2026-08-15T13:00:00+00:00,68.9,50678
2026-08-15,hanoi,accepted,946cb494-a335-4536-8813-3129d7a202b3,75.7,2026-08-15T14:00:00+00:00,75.7,50679
2026-08-15,hanoi,accepted,946cb494-a335-4536-8813-3129d7a202b3,79.4,2026-08-15T15:00:00+00:00,79.4,50680
2026-08-15,hanoi,accepted,946cb494-a335-4536-8813-3129d7a202b3,89.6,2026-08-15T16:00:00+00:00,89.6,50681
2026-08-16,hanoi,accepted,946cb494-a335-4536-8813-3129d7a202b3,109.4,2026-08-15T17:00:00+00:00,109.4,50682
2026-08-16,hanoi,accepted,946cb494-a335-4536-8813-3129d7a202b3,122.5,2026-08-15T18:00:00+00:00,122.5,50683
2026-08-16,hanoi,accepted,946cb494-a335-4536-8813-3129d7a202b3,124.3,2026-08-15T19:00:00+00:00,124.3,50684
2026-08-16,hanoi,accepted,946cb494-a335-4536-8813-3129d7a202b3,123.4,2026-08-15T20:00:00+00:00,123.4,50685
2026-08-16,hanoi,accepted,946cb494-a335-4536-8813-3129d7a202b3,126.7,2026-08-15T21:00:00+00:00,126.7,50686
2026-08-16,hanoi,accepted,946cb494-a335-4536-8813-3129d7a202b3,141.6,2026-08-15T22:00:00+00:00,141.6,50687
2026-08-16,hanoi,accepted,946cb494-a335-4536-8813-3129d7a202b3,157.9,2026-08-15T23:00:00+00:00,157.9,50688
2026-08-16,hanoi,accepted,946cb494-a335-4536-8813-3129d7a202b3,86.1,2026-08-16T00:00:00+00:00,86.1,50689
2026-08-16,hanoi,accepted,946cb494-a335-4536-8813-3129d7a202b3,67.5,2026-08-16T01:00:00+00:00,67.5,50690
2026-08-16,hanoi,accepted,946cb494-a335-4536-8813-3129d7a202b3,49.7,2026-08-16T02:00:00+00:00,49.7,50691
2026-08-16,hanoi,accepted,946cb494-a335-4536-8813-3129d7a202b3,44.5,2026-08-16T03:00:00+00:00,44.5,50692
2026-08-16,hanoi,accepted,946cb494-a335-4536-8813-3129d7a202b3,44.7,2026-08-16T04:00:00+00:00,44.7,50693
2026-08-16,hanoi,accepted,946cb494-a335-4536-8813-3129d7a202b3,45.2,2026-08-16T05:00:00+00:00,45.2,50694
2026-08-16,hanoi,accepted,946cb494-a335-4536-8813-3129d7a202b3,43.3,2026-08-16T06:00:00+00:00,43.3,50695
2026-08-16,hanoi,accepted,946cb494-a335-4536-8813-3129d7a202b3,42.0,2026-08-16T07:00:00+00:00,42.0,50696
2026-08-16,hanoi,accepted,946cb494-a335-4536-8813-3129d7a202b3,40.6,2026-08-16T08:00:00+00:00,40.6,50697
2026-08-16,hanoi,accepted,946cb494-a335-4536-8813-3129d7a202b3,41.1,2026-08-16T09:00:00+00:00,41.1,50698
2026-08-16,hanoi,accepted,946cb494-a335-4536-8813-3129d7a202b3,44.5,2026-08-16T10:00:00+00:00,44.5,50699
2026-08-16,hanoi,accepted,946cb494-a335-4536-8813-3129d7a202b3,51.1,2026-08-16T11:00:00+00:00,51.1,50700
2026-08-16,hanoi,accepted,946cb494-a335-4536-8813-3129d7a202b3,56.7,2026-08-16T12:00:00+00:00,56.7,50701
2026-08-16,hanoi,accepted,946cb494-a335-4536-8813-3129d7a202b3,60.5,2026-08-16T13:00:00+00:00,60.5,50702
2026-08-16,hanoi,accepted,946cb494-a335-4536-8813-3129d7a202b3,70.3,2026-08-16T14:00:00+00:00,70.3,50703
2026-08-16,hanoi,accepted,946cb494-a335-4536-8813-3129d7a202b3,83.6,2026-08-16T15:00:00+00:00,83.6,50704
2026-08-16,hanoi,accepted,946cb494-a335-4536-8813-3129d7a202b3,88.0,2026-08-16T16:00:00+00:00,88.0,50705
2026-08-17,hanoi,accepted,946cb494-a335-4536-8813-3129d7a202b3,91.5,2026-08-16T17:00:00+00:00,91.5,50706
2026-08-17,hanoi,accepted,946cb494-a335-4536-8813-3129d7a202b3,94.8,2026-08-16T18:00:00+00:00,94.8,50707
2026-08-17,hanoi,accepted,946cb494-a335-4536-8813-3129d7a202b3,97.3,2026-08-16T19:00:00+00:00,97.3,50708
2026-08-17,hanoi,accepted,946cb494-a335-4536-8813-3129d7a202b3,102.7,2026-08-16T20:00:00+00:00,102.7,50709
2026-08-17,hanoi,accepted,946cb494-a335-4536-8813-3129d7a202b3,102.4,2026-08-16T21:00:00+00:00,102.4,50710
2026-08-17,hanoi,accepted,946cb494-a335-4536-8813-3129d7a202b3,103.6,2026-08-16T22:00:00+00:00,103.6,50711
2026-08-17,hanoi,accepted,946cb494-a335-4536-8813-3129d7a202b3,103.8,2026-08-16T23:00:00+00:00,103.8,50712
2026-08-17,hanoi,accepted,35e36a6a-c6a3-49f7-b16d-056f31bbdf77,48.3,2026-08-17T00:00:00+00:00,48.3,51721
2026-08-17,hanoi,accepted,35e36a6a-c6a3-49f7-b16d-056f31bbdf77,45.1,2026-08-17T01:00:00+00:00,45.1,51722
2026-08-17,hanoi,accepted,35e36a6a-c6a3-49f7-b16d-056f31bbdf77,29.2,2026-08-17T02:00:00+00:00,29.2,51723
2026-08-17,hanoi,accepted,35e36a6a-c6a3-49f7-b16d-056f31bbdf77,28.4,2026-08-17T03:00:00+00:00,28.4,51724
2026-08-17,hanoi,accepted,35e36a6a-c6a3-49f7-b16d-056f31bbdf77,31.5,2026-08-17T04:00:00+00:00,31.5,51725
2026-08-17,hanoi,accepted,35e36a6a-c6a3-49f7-b16d-056f31bbdf77,34.0,2026-08-17T05:00:00+00:00,34.0,51726
2026-08-17,hanoi,accepted,35e36a6a-c6a3-49f7-b16d-056f31bbdf77,34.6,2026-08-17T06:00:00+00:00,34.6,51727
2026-08-17,hanoi,accepted,35e36a6a-c6a3-49f7-b16d-056f31bbdf77,34.9,2026-08-17T07:00:00+00:00,34.9,51728
2026-08-17,hanoi,accepted,35e36a6a-c6a3-49f7-b16d-056f31bbdf77,35.3,2026-08-17T08:00:00+00:00,35.3,51729
2026-08-17,hanoi,accepted,35e36a6a-c6a3-49f7-b16d-056f31bbdf77,35.4,2026-08-17T09:00:00+00:00,35.4,51730
2026-08-17,hanoi,accepted,35e36a6a-c6a3-49f7-b16d-056f31bbdf77,37.1,2026-08-17T10:00:00+00:00,37.1,51731
2026-08-17,hanoi,accepted,35e36a6a-c6a3-49f7-b16d-056f31bbdf77,40.7,2026-08-17T11:00:00+00:00,40.7,51732
2026-08-17,hanoi,accepted,35e36a6a-c6a3-49f7-b16d-056f31bbdf77,46.8,2026-08-17T12:00:00+00:00,46.8,51733
2026-08-17,hanoi,accepted,35e36a6a-c6a3-49f7-b16d-056f31bbdf77,50.6,2026-08-17T13:00:00+00:00,50.6,51734
2026-08-17,hanoi,accepted,35e36a6a-c6a3-49f7-b16d-056f31bbdf77,52.7,2026-08-17T14:00:00+00:00,52.7,51735
2026-08-17,hanoi,accepted,35e36a6a-c6a3-49f7-b16d-056f31bbdf77,61.0,2026-08-17T15:00:00+00:00,61.0,51736
2026-08-17,hanoi,accepted,35e36a6a-c6a3-49f7-b16d-056f31bbdf77,61.9,2026-08-17T16:00:00+00:00,61.9,51737
2026-08-18,hanoi,accepted,35e36a6a-c6a3-49f7-b16d-056f31bbdf77,56.6,2026-08-17T17:00:00+00:00,56.6,51738
2026-08-18,hanoi,accepted,35e36a6a-c6a3-49f7-b16d-056f31bbdf77,52.3,2026-08-17T18:00:00+00:00,52.3,51739
2026-08-18,hanoi,accepted,35e36a6a-c6a3-49f7-b16d-056f31bbdf77,47.6,2026-08-17T19:00:00+00:00,47.6,51740
2026-08-18,hanoi,accepted,35e36a6a-c6a3-49f7-b16d-056f31bbdf77,41.3,2026-08-17T20:00:00+00:00,41.3,51741
2026-08-18,hanoi,accepted,35e36a6a-c6a3-49f7-b16d-056f31bbdf77,33.6,2026-08-17T21:00:00+00:00,33.6,51742
2026-08-18,hanoi,accepted,35e36a6a-c6a3-49f7-b16d-056f31bbdf77,31.1,2026-08-17T22:00:00+00:00,31.1,51743
2026-08-18,hanoi,accepted,35e36a6a-c6a3-49f7-b16d-056f31bbdf77,33.1,2026-08-17T23:00:00+00:00,33.1,51744
2026-08-18,hanoi,accepted,35e36a6a-c6a3-49f7-b16d-056f31bbdf77,27.2,2026-08-18T00:00:00+00:00,27.2,51745
2026-08-18,hanoi,accepted,35e36a6a-c6a3-49f7-b16d-056f31bbdf77,26.0,2026-08-18T01:00:00+00:00,26.0,51746
2026-08-18,hanoi,accepted,35e36a6a-c6a3-49f7-b16d-056f31bbdf77,22.9,2026-08-18T02:00:00+00:00,22.9,51747
2026-08-18,hanoi,accepted,35e36a6a-c6a3-49f7-b16d-056f31bbdf77,21.4,2026-08-18T03:00:00+00:00,21.4,51748
2026-08-18,hanoi,accepted,35e36a6a-c6a3-49f7-b16d-056f31bbdf77,23.2,2026-08-18T04:00:00+00:00,23.2,51749
2026-08-18,hanoi,accepted,35e36a6a-c6a3-49f7-b16d-056f31bbdf77,25.7,2026-08-18T05:00:00+00:00,25.7,51750
2026-08-18,hanoi,accepted,35e36a6a-c6a3-49f7-b16d-056f31bbdf77,28.7,2026-08-18T06:00:00+00:00,28.7,51751
2026-08-18,hanoi,accepted,35e36a6a-c6a3-49f7-b16d-056f31bbdf77,33.2,2026-08-18T07:00:00+00:00,33.2,51752
2026-08-18,hanoi,accepted,35e36a6a-c6a3-49f7-b16d-056f31bbdf77,33.9,2026-08-18T08:00:00+00:00,33.9,51753
2026-08-18,hanoi,accepted,35e36a6a-c6a3-49f7-b16d-056f31bbdf77,36.4,2026-08-18T09:00:00+00:00,36.4,51754
2026-08-18,hanoi,accepted,35e36a6a-c6a3-49f7-b16d-056f31bbdf77,34.6,2026-08-18T10:00:00+00:00,34.6,51755
2026-08-18,hanoi,accepted,35e36a6a-c6a3-49f7-b16d-056f31bbdf77,36.1,2026-08-18T11:00:00+00:00,36.1,51756
2026-08-18,hanoi,accepted,35e36a6a-c6a3-49f7-b16d-056f31bbdf77,47.3,2026-08-18T12:00:00+00:00,47.3,51757
2026-08-18,hanoi,accepted,35e36a6a-c6a3-49f7-b16d-056f31bbdf77,55.4,2026-08-18T13:00:00+00:00,55.4,51758
2026-08-18,hanoi,accepted,35e36a6a-c6a3-49f7-b16d-056f31bbdf77,61.2,2026-08-18T14:00:00+00:00,61.2,51759
2026-08-18,hanoi,accepted,35e36a6a-c6a3-49f7-b16d-056f31bbdf77,67.5,2026-08-18T15:00:00+00:00,67.5,51760
2026-08-18,hanoi,accepted,35e36a6a-c6a3-49f7-b16d-056f31bbdf77,66.1,2026-08-18T16:00:00+00:00,66.1,51761
2026-08-19,hanoi,accepted,35e36a6a-c6a3-49f7-b16d-056f31bbdf77,64.0,2026-08-18T17:00:00+00:00,64.0,51762
2026-08-19,hanoi,accepted,35e36a6a-c6a3-49f7-b16d-056f31bbdf77,56.9,2026-08-18T18:00:00+00:00,56.9,51763
2026-08-19,hanoi,accepted,35e36a6a-c6a3-49f7-b16d-056f31bbdf77,49.9,2026-08-18T19:00:00+00:00,49.9,51764
2026-08-19,hanoi,accepted,35e36a6a-c6a3-49f7-b16d-056f31bbdf77,43.2,2026-08-18T20:00:00+00:00,43.2,51765
2026-08-19,hanoi,accepted,35e36a6a-c6a3-49f7-b16d-056f31bbdf77,39.3,2026-08-18T21:00:00+00:00,39.3,51766
2026-08-19,hanoi,accepted,35e36a6a-c6a3-49f7-b16d-056f31bbdf77,34.1,2026-08-18T22:00:00+00:00,34.1,51767
2026-08-19,hanoi,accepted,35e36a6a-c6a3-49f7-b16d-056f31bbdf77,28.3,2026-08-18T23:00:00+00:00,28.3,51768
2026-08-19,hanoi,accepted,35e36a6a-c6a3-49f7-b16d-056f31bbdf77,23.4,2026-08-19T00:00:00+00:00,23.4,51769
2026-08-19,hanoi,accepted,35e36a6a-c6a3-49f7-b16d-056f31bbdf77,21.0,2026-08-19T01:00:00+00:00,21.0,51770
2026-08-19,hanoi,accepted,35e36a6a-c6a3-49f7-b16d-056f31bbdf77,23.1,2026-08-19T02:00:00+00:00,23.1,51771
2026-08-19,hanoi,accepted,35e36a6a-c6a3-49f7-b16d-056f31bbdf77,21.9,2026-08-19T03:00:00+00:00,21.9,51772
2026-08-19,hanoi,accepted,35e36a6a-c6a3-49f7-b16d-056f31bbdf77,18.9,2026-08-19T04:00:00+00:00,18.9,51773
2026-08-19,hanoi,accepted,35e36a6a-c6a3-49f7-b16d-056f31bbdf77,17.5,2026-08-19T05:00:00+00:00,17.5,51774
2026-08-19,hanoi,accepted,35e36a6a-c6a3-49f7-b16d-056f31bbdf77,18.2,2026-08-19T06:00:00+00:00,18.2,51775
2026-08-19,hanoi,accepted,35e36a6a-c6a3-49f7-b16d-056f31bbdf77,18.1,2026-08-19T07:00:00+00:00,18.1,51776
2026-08-19,hanoi,accepted,35e36a6a-c6a3-49f7-b16d-056f31bbdf77,18.9,2026-08-19T08:00:00+00:00,18.9,51777
2026-08-19,hanoi,accepted,35e36a6a-c6a3-49f7-b16d-056f31bbdf77,19.9,2026-08-19T09:00:00+00:00,19.9,51778
2026-08-19,hanoi,accepted,35e36a6a-c6a3-49f7-b16d-056f31bbdf77,23.9,2026-08-19T10:00:00+00:00,23.9,51779
2026-08-19,hanoi,accepted,35e36a6a-c6a3-49f7-b16d-056f31bbdf77,35.3,2026-08-19T11:00:00+00:00,35.3,51780
2026-08-19,hanoi,accepted,35e36a6a-c6a3-49f7-b16d-056f31bbdf77,33.6,2026-08-19T12:00:00+00:00,33.6,51781
2026-08-19,hanoi,accepted,35e36a6a-c6a3-49f7-b16d-056f31bbdf77,43.1,2026-08-19T13:00:00+00:00,43.1,51782
2026-08-19,hanoi,accepted,35e36a6a-c6a3-49f7-b16d-056f31bbdf77,43.5,2026-08-19T14:00:00+00:00,43.5,51783
2026-08-19,hanoi,accepted,35e36a6a-c6a3-49f7-b16d-056f31bbdf77,44.0,2026-08-19T15:00:00+00:00,44.0,51784
2026-08-19,hanoi,accepted,35e36a6a-c6a3-49f7-b16d-056f31bbdf77,41.1,2026-08-19T16:00:00+00:00,41.1,51785
2026-08-20,hanoi,accepted,35e36a6a-c6a3-49f7-b16d-056f31bbdf77,34.8,2026-08-19T17:00:00+00:00,34.8,51786
2026-08-20,hanoi,accepted,35e36a6a-c6a3-49f7-b16d-056f31bbdf77,30.4,2026-08-19T18:00:00+00:00,30.4,51787
2026-08-20,hanoi,accepted,35e36a6a-c6a3-49f7-b16d-056f31bbdf77,27.2,2026-08-19T19:00:00+00:00,27.2,51788
2026-08-20,hanoi,accepted,35e36a6a-c6a3-49f7-b16d-056f31bbdf77,26.8,2026-08-19T20:00:00+00:00,26.8,51789
2026-08-20,hanoi,accepted,35e36a6a-c6a3-49f7-b16d-056f31bbdf77,25.7,2026-08-19T21:00:00+00:00,25.7,51790
2026-08-20,hanoi,accepted,35e36a6a-c6a3-49f7-b16d-056f31bbdf77,23.6,2026-08-19T22:00:00+00:00,23.6,51791
2026-08-20,hanoi,accepted,35e36a6a-c6a3-49f7-b16d-056f31bbdf77,23.0,2026-08-19T23:00:00+00:00,23.0,51792
2026-08-20,hanoi,accepted,35e36a6a-c6a3-49f7-b16d-056f31bbdf77,26.6,2026-08-20T00:00:00+00:00,26.6,51793
2026-08-20,hanoi,accepted,35e36a6a-c6a3-49f7-b16d-056f31bbdf77,26.5,2026-08-20T01:00:00+00:00,26.5,51794
2026-08-20,hanoi,accepted,35e36a6a-c6a3-49f7-b16d-056f31bbdf77,23.3,2026-08-20T02:00:00+00:00,23.3,51795
2026-08-20,hanoi,accepted,35e36a6a-c6a3-49f7-b16d-056f31bbdf77,20.8,2026-08-20T03:00:00+00:00,20.8,51796
2026-08-20,hanoi,accepted,35e36a6a-c6a3-49f7-b16d-056f31bbdf77,18.7,2026-08-20T04:00:00+00:00,18.7,51797
2026-08-20,hanoi,accepted,35e36a6a-c6a3-49f7-b16d-056f31bbdf77,17.9,2026-08-20T05:00:00+00:00,17.9,51798
2026-08-20,hanoi,accepted,35e36a6a-c6a3-49f7-b16d-056f31bbdf77,17.5,2026-08-20T06:00:00+00:00,17.5,51799
2026-08-20,hanoi,accepted,35e36a6a-c6a3-49f7-b16d-056f31bbdf77,16.8,2026-08-20T07:00:00+00:00,16.8,51800
2026-08-20,hanoi,accepted,35e36a6a-c6a3-49f7-b16d-056f31bbdf77,16.8,2026-08-20T08:00:00+00:00,16.8,51801
2026-08-20,hanoi,accepted,35e36a6a-c6a3-49f7-b16d-056f31bbdf77,16.9,2026-08-20T09:00:00+00:00,16.9,51802
2026-08-20,hanoi,accepted,35e36a6a-c6a3-49f7-b16d-056f31bbdf77,21.6,2026-08-20T10:00:00+00:00,21.6,51803
2026-08-20,hanoi,accepted,35e36a6a-c6a3-49f7-b16d-056f31bbdf77,39.2,2026-08-20T11:00:00+00:00,39.2,51804
2026-08-20,hanoi,accepted,35e36a6a-c6a3-49f7-b16d-056f31bbdf77,56.9,2026-08-20T12:00:00+00:00,56.9,51805
2026-08-20,hanoi,accepted,35e36a6a-c6a3-49f7-b16d-056f31bbdf77,69.2,2026-08-20T13:00:00+00:00,69.2,51806
2026-08-20,hanoi,accepted,35e36a6a-c6a3-49f7-b16d-056f31bbdf77,66.8,2026-08-20T14:00:00+00:00,66.8,51807
2026-08-20,hanoi,accepted,35e36a6a-c6a3-49f7-b16d-056f31bbdf77,62.6,2026-08-20T15:00:00+00:00,62.6,51808
2026-08-20,hanoi,accepted,35e36a6a-c6a3-49f7-b16d-056f31bbdf77,58.8,2026-08-20T16:00:00+00:00,58.8,51809
2026-08-21,hanoi,accepted,35e36a6a-c6a3-49f7-b16d-056f31bbdf77,58.8,2026-08-20T17:00:00+00:00,58.8,51810
2026-08-21,hanoi,accepted,35e36a6a-c6a3-49f7-b16d-056f31bbdf77,55.9,2026-08-20T18:00:00+00:00,55.9,51811
2026-08-21,hanoi,accepted,35e36a6a-c6a3-49f7-b16d-056f31bbdf77,44.4,2026-08-20T19:00:00+00:00,44.4,51812
2026-08-21,hanoi,accepted,35e36a6a-c6a3-49f7-b16d-056f31bbdf77,37.3,2026-08-20T20:00:00+00:00,37.3,51813
2026-08-21,hanoi,accepted,35e36a6a-c6a3-49f7-b16d-056f31bbdf77,33.6,2026-08-20T21:00:00+00:00,33.6,51814
2026-08-21,hanoi,accepted,35e36a6a-c6a3-49f7-b16d-056f31bbdf77,30.4,2026-08-20T22:00:00+00:00,30.4,51815
2026-08-21,hanoi,accepted,35e36a6a-c6a3-49f7-b16d-056f31bbdf77,28.9,2026-08-20T23:00:00+00:00,28.9,51816
2026-08-21,hanoi,accepted,35e36a6a-c6a3-49f7-b16d-056f31bbdf77,26.8,2026-08-21T00:00:00+00:00,26.8,51817
2026-08-21,hanoi,accepted,35e36a6a-c6a3-49f7-b16d-056f31bbdf77,27.6,2026-08-21T01:00:00+00:00,27.6,51818
2026-08-21,hanoi,accepted,35e36a6a-c6a3-49f7-b16d-056f31bbdf77,23.7,2026-08-21T02:00:00+00:00,23.7,51819
2026-08-21,hanoi,accepted,35e36a6a-c6a3-49f7-b16d-056f31bbdf77,20.4,2026-08-21T03:00:00+00:00,20.4,51820
2026-08-21,hanoi,accepted,35e36a6a-c6a3-49f7-b16d-056f31bbdf77,19.3,2026-08-21T04:00:00+00:00,19.3,51821
2026-08-21,hanoi,accepted,35e36a6a-c6a3-49f7-b16d-056f31bbdf77,22.2,2026-08-21T05:00:00+00:00,22.2,51822
2026-08-21,hanoi,accepted,35e36a6a-c6a3-49f7-b16d-056f31bbdf77,25.5,2026-08-21T06:00:00+00:00,25.5,51823
2026-08-21,hanoi,accepted,35e36a6a-c6a3-49f7-b16d-056f31bbdf77,24.3,2026-08-21T07:00:00+00:00,24.3,51824
2026-08-21,hanoi,accepted,35e36a6a-c6a3-49f7-b16d-056f31bbdf77,26.7,2026-08-21T08:00:00+00:00,26.7,51825
2026-08-21,hanoi,accepted,35e36a6a-c6a3-49f7-b16d-056f31bbdf77,28.1,2026-08-21T09:00:00+00:00,28.1,51826
2026-08-21,hanoi,accepted,35e36a6a-c6a3-49f7-b16d-056f31bbdf77,28.4,2026-08-21T10:00:00+00:00,28.4,51827
2026-08-21,hanoi,accepted,35e36a6a-c6a3-49f7-b16d-056f31bbdf77,28.2,2026-08-21T11:00:00+00:00,28.2,51828
2026-08-21,hanoi,accepted,35e36a6a-c6a3-49f7-b16d-056f31bbdf77,56.1,2026-08-21T12:00:00+00:00,56.1,51829
2026-08-21,hanoi,accepted,35e36a6a-c6a3-49f7-b16d-056f31bbdf77,55.4,2026-08-21T13:00:00+00:00,55.4,51830
2026-08-21,hanoi,accepted,35e36a6a-c6a3-49f7-b16d-056f31bbdf77,52.0,2026-08-21T14:00:00+00:00,52.0,51831
2026-08-21,hanoi,accepted,35e36a6a-c6a3-49f7-b16d-056f31bbdf77,46.1,2026-08-21T15:00:00+00:00,46.1,51832
2026-08-21,hanoi,accepted,35e36a6a-c6a3-49f7-b16d-056f31bbdf77,41.2,2026-08-21T16:00:00+00:00,41.2,51833
2026-08-22,hanoi,accepted,35e36a6a-c6a3-49f7-b16d-056f31bbdf77,34.6,2026-08-21T17:00:00+00:00,34.6,51834
2026-08-22,hanoi,accepted,35e36a6a-c6a3-49f7-b16d-056f31bbdf77,28.9,2026-08-21T18:00:00+00:00,28.9,51835
2026-08-22,hanoi,accepted,35e36a6a-c6a3-49f7-b16d-056f31bbdf77,24.9,2026-08-21T19:00:00+00:00,24.9,51836
2026-08-22,hanoi,accepted,35e36a6a-c6a3-49f7-b16d-056f31bbdf77,22.4,2026-08-21T20:00:00+00:00,22.4,51837
2026-08-22,hanoi,accepted,35e36a6a-c6a3-49f7-b16d-056f31bbdf77,20.8,2026-08-21T21:00:00+00:00,20.8,51838
2026-08-22,hanoi,accepted,35e36a6a-c6a3-49f7-b16d-056f31bbdf77,22.5,2026-08-21T22:00:00+00:00,22.5,51839
2026-08-22,hanoi,accepted,35e36a6a-c6a3-49f7-b16d-056f31bbdf77,25.4,2026-08-21T23:00:00+00:00,25.4,51840
2026-08-22,hanoi,accepted,35e36a6a-c6a3-49f7-b16d-056f31bbdf77,29.2,2026-08-22T00:00:00+00:00,29.2,51841
2026-08-22,hanoi,accepted,35e36a6a-c6a3-49f7-b16d-056f31bbdf77,29.3,2026-08-22T01:00:00+00:00,29.3,51842
2026-08-22,hanoi,accepted,35e36a6a-c6a3-49f7-b16d-056f31bbdf77,27.2,2026-08-22T02:00:00+00:00,27.2,51843
2026-08-22,hanoi,accepted,35e36a6a-c6a3-49f7-b16d-056f31bbdf77,25.0,2026-08-22T03:00:00+00:00,25.0,51844
2026-08-22,hanoi,accepted,35e36a6a-c6a3-49f7-b16d-056f31bbdf77,24.6,2026-08-22T04:00:00+00:00,24.6,51845
2026-08-22,hanoi,accepted,35e36a6a-c6a3-49f7-b16d-056f31bbdf77,25.3,2026-08-22T05:00:00+00:00,25.3,51846
2026-08-22,hanoi,accepted,35e36a6a-c6a3-49f7-b16d-056f31bbdf77,24.7,2026-08-22T06:00:00+00:00,24.7,51847
2026-08-22,hanoi,accepted,35e36a6a-c6a3-49f7-b16d-056f31bbdf77,26.2,2026-08-22T07:00:00+00:00,26.2,51848
2026-08-22,hanoi,accepted,35e36a6a-c6a3-49f7-b16d-056f31bbdf77,28.7,2026-08-22T08:00:00+00:00,28.7,51849
2026-08-22,hanoi,accepted,35e36a6a-c6a3-49f7-b16d-056f31bbdf77,30.7,2026-08-22T09:00:00+00:00,30.7,51850
2026-08-22,hanoi,accepted,35e36a6a-c6a3-49f7-b16d-056f31bbdf77,33.9,2026-08-22T10:00:00+00:00,33.9,51851
2026-08-22,hanoi,accepted,35e36a6a-c6a3-49f7-b16d-056f31bbdf77,36.4,2026-08-22T11:00:00+00:00,36.4,51852
2026-08-22,hanoi,accepted,35e36a6a-c6a3-49f7-b16d-056f31bbdf77,30.9,2026-08-22T12:00:00+00:00,30.9,51853
2026-08-22,hanoi,accepted,35e36a6a-c6a3-49f7-b16d-056f31bbdf77,33.9,2026-08-22T13:00:00+00:00,33.9,51854
2026-08-22,hanoi,accepted,35e36a6a-c6a3-49f7-b16d-056f31bbdf77,34.8,2026-08-22T14:00:00+00:00,34.8,51855
2026-08-22,hanoi,accepted,35e36a6a-c6a3-49f7-b16d-056f31bbdf77,33.8,2026-08-22T15:00:00+00:00,33.8,51856
2026-08-22,hanoi,accepted,35e36a6a-c6a3-49f7-b16d-056f31bbdf77,32.2,2026-08-22T16:00:00+00:00,32.2,51857
2026-08-23,hanoi,accepted,35e36a6a-c6a3-49f7-b16d-056f31bbdf77,29.0,2026-08-22T17:00:00+00:00,29.0,51858
2026-08-23,hanoi,accepted,35e36a6a-c6a3-49f7-b16d-056f31bbdf77,27.4,2026-08-22T18:00:00+00:00,27.4,51859
2026-08-23,hanoi,accepted,35e36a6a-c6a3-49f7-b16d-056f31bbdf77,26.4,2026-08-22T19:00:00+00:00,26.4,51860
2026-08-23,hanoi,accepted,35e36a6a-c6a3-49f7-b16d-056f31bbdf77,25.6,2026-08-22T20:00:00+00:00,25.6,51861
2026-08-23,hanoi,accepted,35e36a6a-c6a3-49f7-b16d-056f31bbdf77,25.8,2026-08-22T21:00:00+00:00,25.8,51862
2026-08-23,hanoi,accepted,35e36a6a-c6a3-49f7-b16d-056f31bbdf77,25.4,2026-08-22T22:00:00+00:00,25.4,51863
2026-08-23,hanoi,accepted,35e36a6a-c6a3-49f7-b16d-056f31bbdf77,26.6,2026-08-22T23:00:00+00:00,26.6,51864
2026-08-23,hanoi,accepted,35e36a6a-c6a3-49f7-b16d-056f31bbdf77,22.9,2026-08-23T00:00:00+00:00,22.9,51865
2026-08-23,hanoi,accepted,35e36a6a-c6a3-49f7-b16d-056f31bbdf77,25.4,2026-08-23T01:00:00+00:00,25.4,51866
2026-08-23,hanoi,accepted,35e36a6a-c6a3-49f7-b16d-056f31bbdf77,26.8,2026-08-23T02:00:00+00:00,26.8,51867
2026-08-23,hanoi,accepted,35e36a6a-c6a3-49f7-b16d-056f31bbdf77,29.7,2026-08-23T03:00:00+00:00,29.7,51868
2026-08-23,hanoi,accepted,35e36a6a-c6a3-49f7-b16d-056f31bbdf77,32.0,2026-08-23T04:00:00+00:00,32.0,51869
2026-08-23,hanoi,accepted,35e36a6a-c6a3-49f7-b16d-056f31bbdf77,31.9,2026-08-23T05:00:00+00:00,31.9,51870
2026-08-23,hanoi,accepted,35e36a6a-c6a3-49f7-b16d-056f31bbdf77,29.2,2026-08-23T06:00:00+00:00,29.2,51871
2026-08-23,hanoi,accepted,35e36a6a-c6a3-49f7-b16d-056f31bbdf77,32.7,2026-08-23T07:00:00+00:00,32.7,51872
2026-08-23,hanoi,accepted,35e36a6a-c6a3-49f7-b16d-056f31bbdf77,30.2,2026-08-23T08:00:00+00:00,30.2,51873
2026-08-23,hanoi,accepted,35e36a6a-c6a3-49f7-b16d-056f31bbdf77,33.2,2026-08-23T09:00:00+00:00,33.2,51874
2026-08-23,hanoi,accepted,35e36a6a-c6a3-49f7-b16d-056f31bbdf77,35.9,2026-08-23T10:00:00+00:00,35.9,51875
2026-08-23,hanoi,accepted,35e36a6a-c6a3-49f7-b16d-056f31bbdf77,37.1,2026-08-23T11:00:00+00:00,37.1,51876
2026-08-23,hanoi,accepted,35e36a6a-c6a3-49f7-b16d-056f31bbdf77,30.6,2026-08-23T12:00:00+00:00,30.6,51877
2026-08-23,hanoi,accepted,35e36a6a-c6a3-49f7-b16d-056f31bbdf77,32.2,2026-08-23T13:00:00+00:00,32.2,51878
2026-08-23,hanoi,accepted,35e36a6a-c6a3-49f7-b16d-056f31bbdf77,32.0,2026-08-23T14:00:00+00:00,32.0,51879
2026-08-23,hanoi,accepted,35e36a6a-c6a3-49f7-b16d-056f31bbdf77,30.9,2026-08-23T15:00:00+00:00,30.9,51880
2026-08-23,hanoi,accepted,35e36a6a-c6a3-49f7-b16d-056f31bbdf77,32.0,2026-08-23T16:00:00+00:00,32.0,51881
2026-08-24,hanoi,accepted,35e36a6a-c6a3-49f7-b16d-056f31bbdf77,30.5,2026-08-23T17:00:00+00:00,30.5,51882
2026-08-24,hanoi,accepted,35e36a6a-c6a3-49f7-b16d-056f31bbdf77,29.9,2026-08-23T18:00:00+00:00,29.9,51883
2026-08-24,hanoi,accepted,35e36a6a-c6a3-49f7-b16d-056f31bbdf77,29.3,2026-08-23T19:00:00+00:00,29.3,51884
2026-08-24,hanoi,accepted,35e36a6a-c6a3-49f7-b16d-056f31bbdf77,27.4,2026-08-23T20:00:00+00:00,27.4,51885
2026-08-24,hanoi,accepted,35e36a6a-c6a3-49f7-b16d-056f31bbdf77,25.8,2026-08-23T21:00:00+00:00,25.8,51886
2026-08-24,hanoi,accepted,35e36a6a-c6a3-49f7-b16d-056f31bbdf77,24.5,2026-08-23T22:00:00+00:00,24.5,51887
2026-08-24,hanoi,accepted,35e36a6a-c6a3-49f7-b16d-056f31bbdf77,24.0,2026-08-23T23:00:00+00:00,24.0,51888
2026-08-24,hanoi,accepted,82518cb5-590a-444f-a2b5-3f043f5e8297,16.1,2026-08-24T00:00:00+00:00,16.1,52897
2026-08-24,hanoi,accepted,82518cb5-590a-444f-a2b5-3f043f5e8297,17.6,2026-08-24T01:00:00+00:00,17.6,52898
2026-08-24,hanoi,accepted,82518cb5-590a-444f-a2b5-3f043f5e8297,18.4,2026-08-24T02:00:00+00:00,18.4,52899
2026-08-24,hanoi,accepted,82518cb5-590a-444f-a2b5-3f043f5e8297,18.0,2026-08-24T03:00:00+00:00,18.0,52900
2026-08-24,hanoi,accepted,82518cb5-590a-444f-a2b5-3f043f5e8297,14.8,2026-08-24T04:00:00+00:00,14.8,52901
2026-08-24,hanoi,accepted,82518cb5-590a-444f-a2b5-3f043f5e8297,13.4,2026-08-24T05:00:00+00:00,13.4,52902
2026-08-24,hanoi,accepted,82518cb5-590a-444f-a2b5-3f043f5e8297,13.4,2026-08-24T06:00:00+00:00,13.4,52903
2026-08-24,hanoi,accepted,82518cb5-590a-444f-a2b5-3f043f5e8297,15.8,2026-08-24T07:00:00+00:00,15.8,52904
2026-08-24,hanoi,accepted,82518cb5-590a-444f-a2b5-3f043f5e8297,17.4,2026-08-24T08:00:00+00:00,17.4,52905
2026-08-24,hanoi,accepted,82518cb5-590a-444f-a2b5-3f043f5e8297,21.4,2026-08-24T09:00:00+00:00,21.4,52906
2026-08-24,hanoi,accepted,82518cb5-590a-444f-a2b5-3f043f5e8297,25.5,2026-08-24T10:00:00+00:00,25.5,52907
2026-08-24,hanoi,accepted,82518cb5-590a-444f-a2b5-3f043f5e8297,27.7,2026-08-24T11:00:00+00:00,27.7,52908
2026-08-24,hanoi,accepted,82518cb5-590a-444f-a2b5-3f043f5e8297,27.5,2026-08-24T12:00:00+00:00,27.5,52909
2026-08-24,hanoi,accepted,82518cb5-590a-444f-a2b5-3f043f5e8297,33.3,2026-08-24T13:00:00+00:00,33.3,52910
2026-08-24,hanoi,accepted,82518cb5-590a-444f-a2b5-3f043f5e8297,34.2,2026-08-24T14:00:00+00:00,34.2,52911
2026-08-24,hanoi,accepted,82518cb5-590a-444f-a2b5-3f043f5e8297,34.0,2026-08-24T15:00:00+00:00,34.0,52912
2026-08-24,hanoi,accepted,82518cb5-590a-444f-a2b5-3f043f5e8297,35.7,2026-08-24T16:00:00+00:00,35.7,52913
2026-08-25,hanoi,accepted,82518cb5-590a-444f-a2b5-3f043f5e8297,34.9,2026-08-24T17:00:00+00:00,34.9,52914
2026-08-25,hanoi,accepted,82518cb5-590a-444f-a2b5-3f043f5e8297,32.4,2026-08-24T18:00:00+00:00,32.4,52915
2026-08-25,hanoi,accepted,82518cb5-590a-444f-a2b5-3f043f5e8297,31.4,2026-08-24T19:00:00+00:00,31.4,52916
2026-08-25,hanoi,accepted,82518cb5-590a-444f-a2b5-3f043f5e8297,29.2,2026-08-24T20:00:00+00:00,29.2,52917
2026-08-25,hanoi,accepted,82518cb5-590a-444f-a2b5-3f043f5e8297,26.5,2026-08-24T21:00:00+00:00,26.5,52918
2026-08-25,hanoi,accepted,82518cb5-590a-444f-a2b5-3f043f5e8297,26.1,2026-08-24T22:00:00+00:00,26.1,52919
2026-08-25,hanoi,accepted,82518cb5-590a-444f-a2b5-3f043f5e8297,28.2,2026-08-24T23:00:00+00:00,28.2,52920
2026-08-25,hanoi,accepted,82518cb5-590a-444f-a2b5-3f043f5e8297,26.0,2026-08-25T00:00:00+00:00,26.0,52921
2026-08-25,hanoi,accepted,82518cb5-590a-444f-a2b5-3f043f5e8297,25.7,2026-08-25T01:00:00+00:00,25.7,52922
2026-08-25,hanoi,accepted,82518cb5-590a-444f-a2b5-3f043f5e8297,23.4,2026-08-25T02:00:00+00:00,23.4,52923
2026-08-25,hanoi,accepted,82518cb5-590a-444f-a2b5-3f043f5e8297,20.1,2026-08-25T03:00:00+00:00,20.1,52924
2026-08-25,hanoi,accepted,82518cb5-590a-444f-a2b5-3f043f5e8297,19.0,2026-08-25T04:00:00+00:00,19.0,52925
2026-08-25,hanoi,accepted,82518cb5-590a-444f-a2b5-3f043f5e8297,18.9,2026-08-25T05:00:00+00:00,18.9,52926
2026-08-25,hanoi,accepted,82518cb5-590a-444f-a2b5-3f043f5e8297,19.3,2026-08-25T06:00:00+00:00,19.3,52927
2026-08-25,hanoi,accepted,82518cb5-590a-444f-a2b5-3f043f5e8297,20.9,2026-08-25T07:00:00+00:00,20.9,52928
2026-08-25,hanoi,accepted,82518cb5-590a-444f-a2b5-3f043f5e8297,23.1,2026-08-25T08:00:00+00:00,23.1,52929
2026-08-25,hanoi,accepted,82518cb5-590a-444f-a2b5-3f043f5e8297,26.1,2026-08-25T09:00:00+00:00,26.1,52930
2026-08-25,hanoi,accepted,82518cb5-590a-444f-a2b5-3f043f5e8297,35.2,2026-08-25T10:00:00+00:00,35.2,52931
2026-08-25,hanoi,accepted,82518cb5-590a-444f-a2b5-3f043f5e8297,47.7,2026-08-25T11:00:00+00:00,47.7,52932
2026-08-25,hanoi,accepted,82518cb5-590a-444f-a2b5-3f043f5e8297,90.8,2026-08-25T12:00:00+00:00,90.8,52933
2026-08-25,hanoi,accepted,82518cb5-590a-444f-a2b5-3f043f5e8297,84.8,2026-08-25T13:00:00+00:00,84.8,52934
2026-08-25,hanoi,accepted,82518cb5-590a-444f-a2b5-3f043f5e8297,82.0,2026-08-25T14:00:00+00:00,82.0,52935
2026-08-25,hanoi,accepted,82518cb5-590a-444f-a2b5-3f043f5e8297,72.6,2026-08-25T15:00:00+00:00,72.6,52936
2026-08-25,hanoi,accepted,82518cb5-590a-444f-a2b5-3f043f5e8297,64.0,2026-08-25T16:00:00+00:00,64.0,52937
2026-08-26,hanoi,accepted,82518cb5-590a-444f-a2b5-3f043f5e8297,53.1,2026-08-25T17:00:00+00:00,53.1,52938
2026-08-26,hanoi,accepted,82518cb5-590a-444f-a2b5-3f043f5e8297,52.5,2026-08-25T18:00:00+00:00,52.5,52939
2026-08-26,hanoi,accepted,82518cb5-590a-444f-a2b5-3f043f5e8297,46.6,2026-08-25T19:00:00+00:00,46.6,52940
2026-08-26,hanoi,accepted,82518cb5-590a-444f-a2b5-3f043f5e8297,43.0,2026-08-25T20:00:00+00:00,43.0,52941
2026-08-26,hanoi,accepted,82518cb5-590a-444f-a2b5-3f043f5e8297,44.9,2026-08-25T21:00:00+00:00,44.9,52942
2026-08-26,hanoi,accepted,82518cb5-590a-444f-a2b5-3f043f5e8297,51.2,2026-08-25T22:00:00+00:00,51.2,52943
2026-08-26,hanoi,accepted,82518cb5-590a-444f-a2b5-3f043f5e8297,54.9,2026-08-25T23:00:00+00:00,54.9,52944
2026-08-26,hanoi,accepted,82518cb5-590a-444f-a2b5-3f043f5e8297,40.2,2026-08-26T00:00:00+00:00,40.2,52945
2026-08-26,hanoi,accepted,82518cb5-590a-444f-a2b5-3f043f5e8297,42.6,2026-08-26T01:00:00+00:00,42.6,52946
2026-08-26,hanoi,accepted,82518cb5-590a-444f-a2b5-3f043f5e8297,37.1,2026-08-26T02:00:00+00:00,37.1,52947
2026-08-26,hanoi,accepted,82518cb5-590a-444f-a2b5-3f043f5e8297,32.4,2026-08-26T03:00:00+00:00,32.4,52948
2026-08-26,hanoi,accepted,82518cb5-590a-444f-a2b5-3f043f5e8297,32.9,2026-08-26T04:00:00+00:00,32.9,52949
2026-08-26,hanoi,accepted,82518cb5-590a-444f-a2b5-3f043f5e8297,34.9,2026-08-26T05:00:00+00:00,34.9,52950
2026-08-26,hanoi,accepted,82518cb5-590a-444f-a2b5-3f043f5e8297,35.9,2026-08-26T06:00:00+00:00,35.9,52951
2026-08-26,hanoi,accepted,82518cb5-590a-444f-a2b5-3f043f5e8297,35.5,2026-08-26T07:00:00+00:00,35.5,52952
2026-08-26,hanoi,accepted,82518cb5-590a-444f-a2b5-3f043f5e8297,36.7,2026-08-26T08:00:00+00:00,36.7,52953
2026-08-26,hanoi,accepted,82518cb5-590a-444f-a2b5-3f043f5e8297,38.2,2026-08-26T09:00:00+00:00,38.2,52954
2026-08-26,hanoi,accepted,82518cb5-590a-444f-a2b5-3f043f5e8297,49.5,2026-08-26T10:00:00+00:00,49.5,52955
2026-08-26,hanoi,accepted,82518cb5-590a-444f-a2b5-3f043f5e8297,61.7,2026-08-26T11:00:00+00:00,61.7,52956
2026-08-26,hanoi,accepted,82518cb5-590a-444f-a2b5-3f043f5e8297,58.3,2026-08-26T12:00:00+00:00,58.3,52957
2026-08-26,hanoi,accepted,82518cb5-590a-444f-a2b5-3f043f5e8297,77.3,2026-08-26T13:00:00+00:00,77.3,52958
2026-08-26,hanoi,accepted,82518cb5-590a-444f-a2b5-3f043f5e8297,90.3,2026-08-26T14:00:00+00:00,90.3,52959
2026-08-26,hanoi,accepted,82518cb5-590a-444f-a2b5-3f043f5e8297,101.7,2026-08-26T15:00:00+00:00,101.7,52960
2026-08-26,hanoi,accepted,82518cb5-590a-444f-a2b5-3f043f5e8297,93.8,2026-08-26T16:00:00+00:00,93.8,52961
2026-08-27,hanoi,accepted,82518cb5-590a-444f-a2b5-3f043f5e8297,81.0,2026-08-26T17:00:00+00:00,81.0,52962
2026-08-27,hanoi,accepted,82518cb5-590a-444f-a2b5-3f043f5e8297,66.1,2026-08-26T18:00:00+00:00,66.1,52963
2026-08-27,hanoi,accepted,82518cb5-590a-444f-a2b5-3f043f5e8297,50.6,2026-08-26T19:00:00+00:00,50.6,52964
2026-08-27,hanoi,accepted,82518cb5-590a-444f-a2b5-3f043f5e8297,37.6,2026-08-26T20:00:00+00:00,37.6,52965
2026-08-27,hanoi,accepted,82518cb5-590a-444f-a2b5-3f043f5e8297,35.2,2026-08-26T21:00:00+00:00,35.2,52966
2026-08-27,hanoi,accepted,82518cb5-590a-444f-a2b5-3f043f5e8297,30.6,2026-08-26T22:00:00+00:00,30.6,52967
2026-08-27,hanoi,accepted,82518cb5-590a-444f-a2b5-3f043f5e8297,30.6,2026-08-26T23:00:00+00:00,30.6,52968
2026-08-27,hanoi,accepted,82518cb5-590a-444f-a2b5-3f043f5e8297,39.2,2026-08-27T00:00:00+00:00,39.2,52969
2026-08-27,hanoi,accepted,82518cb5-590a-444f-a2b5-3f043f5e8297,40.4,2026-08-27T01:00:00+00:00,40.4,52970
2026-08-27,hanoi,accepted,82518cb5-590a-444f-a2b5-3f043f5e8297,37.1,2026-08-27T02:00:00+00:00,37.1,52971
2026-08-27,hanoi,accepted,82518cb5-590a-444f-a2b5-3f043f5e8297,34.3,2026-08-27T03:00:00+00:00,34.3,52972
2026-08-27,hanoi,accepted,82518cb5-590a-444f-a2b5-3f043f5e8297,26.0,2026-08-27T04:00:00+00:00,26.0,52973
2026-08-27,hanoi,accepted,82518cb5-590a-444f-a2b5-3f043f5e8297,22.5,2026-08-27T05:00:00+00:00,22.5,52974
2026-08-27,hanoi,accepted,82518cb5-590a-444f-a2b5-3f043f5e8297,20.3,2026-08-27T06:00:00+00:00,20.3,52975
2026-08-27,hanoi,accepted,82518cb5-590a-444f-a2b5-3f043f5e8297,20.4,2026-08-27T07:00:00+00:00,20.4,52976
2026-08-27,hanoi,accepted,82518cb5-590a-444f-a2b5-3f043f5e8297,21.4,2026-08-27T08:00:00+00:00,21.4,52977
2026-08-27,hanoi,accepted,82518cb5-590a-444f-a2b5-3f043f5e8297,22.6,2026-08-27T09:00:00+00:00,22.6,52978
2026-08-27,hanoi,accepted,82518cb5-590a-444f-a2b5-3f043f5e8297,24.9,2026-08-27T10:00:00+00:00,24.9,52979
2026-08-27,hanoi,accepted,82518cb5-590a-444f-a2b5-3f043f5e8297,43.5,2026-08-27T11:00:00+00:00,43.5,52980
2026-08-27,hanoi,accepted,82518cb5-590a-444f-a2b5-3f043f5e8297,59.3,2026-08-27T12:00:00+00:00,59.3,52981
2026-08-27,hanoi,accepted,82518cb5-590a-444f-a2b5-3f043f5e8297,63.1,2026-08-27T13:00:00+00:00,63.1,52982
2026-08-27,hanoi,accepted,82518cb5-590a-444f-a2b5-3f043f5e8297,69.2,2026-08-27T14:00:00+00:00,69.2,52983
2026-08-27,hanoi,accepted,82518cb5-590a-444f-a2b5-3f043f5e8297,63.8,2026-08-27T15:00:00+00:00,63.8,52984
2026-08-27,hanoi,accepted,82518cb5-590a-444f-a2b5-3f043f5e8297,54.0,2026-08-27T16:00:00+00:00,54.0,52985
2026-08-28,hanoi,accepted,82518cb5-590a-444f-a2b5-3f043f5e8297,47.8,2026-08-27T17:00:00+00:00,47.8,52986
2026-08-28,hanoi,accepted,82518cb5-590a-444f-a2b5-3f043f5e8297,45.5,2026-08-27T18:00:00+00:00,45.5,52987
2026-08-28,hanoi,accepted,82518cb5-590a-444f-a2b5-3f043f5e8297,41.1,2026-08-27T19:00:00+00:00,41.1,52988
2026-08-28,hanoi,accepted,82518cb5-590a-444f-a2b5-3f043f5e8297,36.6,2026-08-27T20:00:00+00:00,36.6,52989
2026-08-28,hanoi,accepted,82518cb5-590a-444f-a2b5-3f043f5e8297,36.1,2026-08-27T21:00:00+00:00,36.1,52990
2026-08-28,hanoi,accepted,82518cb5-590a-444f-a2b5-3f043f5e8297,42.8,2026-08-27T22:00:00+00:00,42.8,52991
2026-08-28,hanoi,accepted,82518cb5-590a-444f-a2b5-3f043f5e8297,54.9,2026-08-27T23:00:00+00:00,54.9,52992
2026-08-28,hanoi,accepted,82518cb5-590a-444f-a2b5-3f043f5e8297,114.1,2026-08-28T00:00:00+00:00,114.1,52993
2026-08-28,hanoi,accepted,82518cb5-590a-444f-a2b5-3f043f5e8297,105.2,2026-08-28T01:00:00+00:00,105.2,52994
2026-08-28,hanoi,accepted,82518cb5-590a-444f-a2b5-3f043f5e8297,94.8,2026-08-28T02:00:00+00:00,94.8,52995
2026-08-28,hanoi,accepted,82518cb5-590a-444f-a2b5-3f043f5e8297,80.1,2026-08-28T03:00:00+00:00,80.1,52996
2026-08-28,hanoi,accepted,82518cb5-590a-444f-a2b5-3f043f5e8297,56.1,2026-08-28T04:00:00+00:00,56.1,52997
2026-08-28,hanoi,accepted,82518cb5-590a-444f-a2b5-3f043f5e8297,39.0,2026-08-28T05:00:00+00:00,39.0,52998
2026-08-28,hanoi,accepted,82518cb5-590a-444f-a2b5-3f043f5e8297,33.2,2026-08-28T06:00:00+00:00,33.2,52999
2026-08-28,hanoi,accepted,82518cb5-590a-444f-a2b5-3f043f5e8297,28.9,2026-08-28T07:00:00+00:00,28.9,53000
2026-08-28,hanoi,accepted,82518cb5-590a-444f-a2b5-3f043f5e8297,26.7,2026-08-28T08:00:00+00:00,26.7,53001
2026-08-28,hanoi,accepted,82518cb5-590a-444f-a2b5-3f043f5e8297,25.8,2026-08-28T09:00:00+00:00,25.8,53002
2026-08-28,hanoi,accepted,82518cb5-590a-444f-a2b5-3f043f5e8297,27.6,2026-08-28T10:00:00+00:00,27.6,53003
2026-08-28,hanoi,accepted,82518cb5-590a-444f-a2b5-3f043f5e8297,56.0,2026-08-28T11:00:00+00:00,56.0,53004
2026-08-28,hanoi,accepted,82518cb5-590a-444f-a2b5-3f043f5e8297,70.1,2026-08-28T12:00:00+00:00,70.1,53005
2026-08-28,hanoi,accepted,82518cb5-590a-444f-a2b5-3f043f5e8297,78.0,2026-08-28T13:00:00+00:00,78.0,53006
2026-08-28,hanoi,accepted,82518cb5-590a-444f-a2b5-3f043f5e8297,87.1,2026-08-28T14:00:00+00:00,87.1,53007
2026-08-28,hanoi,accepted,82518cb5-590a-444f-a2b5-3f043f5e8297,99.9,2026-08-28T15:00:00+00:00,99.9,53008
2026-08-28,hanoi,accepted,82518cb5-590a-444f-a2b5-3f043f5e8297,102.7,2026-08-28T16:00:00+00:00,102.7,53009
2026-08-29,hanoi,accepted,82518cb5-590a-444f-a2b5-3f043f5e8297,100.6,2026-08-28T17:00:00+00:00,100.6,53010
2026-08-29,hanoi,accepted,82518cb5-590a-444f-a2b5-3f043f5e8297,96.2,2026-08-28T18:00:00+00:00,96.2,53011
2026-08-29,hanoi,accepted,82518cb5-590a-444f-a2b5-3f043f5e8297,82.9,2026-08-28T19:00:00+00:00,82.9,53012
2026-08-29,hanoi,accepted,82518cb5-590a-444f-a2b5-3f043f5e8297,62.4,2026-08-28T20:00:00+00:00,62.4,53013
2026-08-29,hanoi,accepted,82518cb5-590a-444f-a2b5-3f043f5e8297,48.1,2026-08-28T21:00:00+00:00,48.1,53014
2026-08-29,hanoi,accepted,82518cb5-590a-444f-a2b5-3f043f5e8297,39.3,2026-08-28T22:00:00+00:00,39.3,53015
2026-08-29,hanoi,accepted,82518cb5-590a-444f-a2b5-3f043f5e8297,31.8,2026-08-28T23:00:00+00:00,31.8,53016
2026-08-29,hanoi,accepted,82518cb5-590a-444f-a2b5-3f043f5e8297,24.7,2026-08-29T00:00:00+00:00,24.7,53017
2026-08-29,hanoi,accepted,82518cb5-590a-444f-a2b5-3f043f5e8297,20.4,2026-08-29T01:00:00+00:00,20.4,53018
2026-08-29,hanoi,accepted,82518cb5-590a-444f-a2b5-3f043f5e8297,17.5,2026-08-29T02:00:00+00:00,17.5,53019
2026-08-29,hanoi,accepted,82518cb5-590a-444f-a2b5-3f043f5e8297,16.4,2026-08-29T03:00:00+00:00,16.4,53020
2026-08-29,hanoi,accepted,82518cb5-590a-444f-a2b5-3f043f5e8297,15.6,2026-08-29T04:00:00+00:00,15.6,53021
2026-08-29,hanoi,accepted,82518cb5-590a-444f-a2b5-3f043f5e8297,14.1,2026-08-29T05:00:00+00:00,14.1,53022
2026-08-29,hanoi,accepted,82518cb5-590a-444f-a2b5-3f043f5e8297,15.7,2026-08-29T06:00:00+00:00,15.7,53023
2026-08-29,hanoi,accepted,82518cb5-590a-444f-a2b5-3f043f5e8297,17.8,2026-08-29T07:00:00+00:00,17.8,53024
2026-08-29,hanoi,accepted,82518cb5-590a-444f-a2b5-3f043f5e8297,20.6,2026-08-29T08:00:00+00:00,20.6,53025
2026-08-29,hanoi,accepted,82518cb5-590a-444f-a2b5-3f043f5e8297,23.1,2026-08-29T09:00:00+00:00,23.1,53026
2026-08-29,hanoi,accepted,82518cb5-590a-444f-a2b5-3f043f5e8297,27.7,2026-08-29T10:00:00+00:00,27.7,53027
2026-08-29,hanoi,accepted,82518cb5-590a-444f-a2b5-3f043f5e8297,39.0,2026-08-29T11:00:00+00:00,39.0,53028
2026-08-29,hanoi,accepted,82518cb5-590a-444f-a2b5-3f043f5e8297,63.1,2026-08-29T12:00:00+00:00,63.1,53029
2026-08-29,hanoi,accepted,82518cb5-590a-444f-a2b5-3f043f5e8297,58.0,2026-08-29T13:00:00+00:00,58.0,53030
2026-08-29,hanoi,accepted,82518cb5-590a-444f-a2b5-3f043f5e8297,45.5,2026-08-29T14:00:00+00:00,45.5,53031
2026-08-29,hanoi,accepted,82518cb5-590a-444f-a2b5-3f043f5e8297,44.2,2026-08-29T15:00:00+00:00,44.2,53032
2026-08-29,hanoi,accepted,82518cb5-590a-444f-a2b5-3f043f5e8297,42.1,2026-08-29T16:00:00+00:00,42.1,53033
2026-08-30,hanoi,accepted,82518cb5-590a-444f-a2b5-3f043f5e8297,40.5,2026-08-29T17:00:00+00:00,40.5,53034
2026-08-30,hanoi,accepted,82518cb5-590a-444f-a2b5-3f043f5e8297,40.6,2026-08-29T18:00:00+00:00,40.6,53035
2026-08-30,hanoi,accepted,82518cb5-590a-444f-a2b5-3f043f5e8297,41.2,2026-08-29T19:00:00+00:00,41.2,53036
2026-08-30,hanoi,accepted,82518cb5-590a-444f-a2b5-3f043f5e8297,43.3,2026-08-29T20:00:00+00:00,43.3,53037
2026-08-30,hanoi,accepted,82518cb5-590a-444f-a2b5-3f043f5e8297,48.1,2026-08-29T21:00:00+00:00,48.1,53038
2026-08-30,hanoi,accepted,82518cb5-590a-444f-a2b5-3f043f5e8297,52.4,2026-08-29T22:00:00+00:00,52.4,53039
2026-08-30,hanoi,accepted,82518cb5-590a-444f-a2b5-3f043f5e8297,54.7,2026-08-29T23:00:00+00:00,54.7,53040
2026-08-30,hanoi,accepted,82518cb5-590a-444f-a2b5-3f043f5e8297,41.0,2026-08-30T00:00:00+00:00,41.0,53041
2026-08-30,hanoi,accepted,82518cb5-590a-444f-a2b5-3f043f5e8297,34.7,2026-08-30T01:00:00+00:00,34.7,53042
2026-08-30,hanoi,accepted,82518cb5-590a-444f-a2b5-3f043f5e8297,30.6,2026-08-30T02:00:00+00:00,30.6,53043
2026-08-30,hanoi,accepted,82518cb5-590a-444f-a2b5-3f043f5e8297,26.7,2026-08-30T03:00:00+00:00,26.7,53044
2026-08-30,hanoi,accepted,82518cb5-590a-444f-a2b5-3f043f5e8297,20.7,2026-08-30T04:00:00+00:00,20.7,53045
2026-08-30,hanoi,accepted,82518cb5-590a-444f-a2b5-3f043f5e8297,16.6,2026-08-30T05:00:00+00:00,16.6,53046
2026-08-30,hanoi,accepted,82518cb5-590a-444f-a2b5-3f043f5e8297,15.4,2026-08-30T06:00:00+00:00,15.4,53047
2026-08-30,hanoi,accepted,82518cb5-590a-444f-a2b5-3f043f5e8297,15.8,2026-08-30T07:00:00+00:00,15.8,53048
2026-08-30,hanoi,accepted,82518cb5-590a-444f-a2b5-3f043f5e8297,17.3,2026-08-30T08:00:00+00:00,17.3,53049
2026-08-30,hanoi,accepted,82518cb5-590a-444f-a2b5-3f043f5e8297,19.5,2026-08-30T09:00:00+00:00,19.5,53050
2026-08-30,hanoi,accepted,82518cb5-590a-444f-a2b5-3f043f5e8297,28.5,2026-08-30T10:00:00+00:00,28.5,53051
2026-08-30,hanoi,accepted,82518cb5-590a-444f-a2b5-3f043f5e8297,33.5,2026-08-30T11:00:00+00:00,33.5,53052
2026-08-30,hanoi,accepted,82518cb5-590a-444f-a2b5-3f043f5e8297,42.4,2026-08-30T12:00:00+00:00,42.4,53053
2026-08-30,hanoi,accepted,82518cb5-590a-444f-a2b5-3f043f5e8297,45.2,2026-08-30T13:00:00+00:00,45.2,53054
2026-08-30,hanoi,accepted,82518cb5-590a-444f-a2b5-3f043f5e8297,49.6,2026-08-30T14:00:00+00:00,49.6,53055
2026-08-30,hanoi,accepted,82518cb5-590a-444f-a2b5-3f043f5e8297,50.9,2026-08-30T15:00:00+00:00,50.9,53056
2026-08-30,hanoi,accepted,82518cb5-590a-444f-a2b5-3f043f5e8297,52.4,2026-08-30T16:00:00+00:00,52.4,53057
2026-08-31,hanoi,accepted,82518cb5-590a-444f-a2b5-3f043f5e8297,52.9,2026-08-30T17:00:00+00:00,52.9,53058
2026-08-31,hanoi,accepted,82518cb5-590a-444f-a2b5-3f043f5e8297,60.8,2026-08-30T18:00:00+00:00,60.8,53059
2026-08-31,hanoi,accepted,82518cb5-590a-444f-a2b5-3f043f5e8297,56.3,2026-08-30T19:00:00+00:00,56.3,53060
2026-08-31,hanoi,accepted,82518cb5-590a-444f-a2b5-3f043f5e8297,50.2,2026-08-30T20:00:00+00:00,50.2,53061
2026-08-31,hanoi,accepted,82518cb5-590a-444f-a2b5-3f043f5e8297,46.6,2026-08-30T21:00:00+00:00,46.6,53062
2026-08-31,hanoi,accepted,82518cb5-590a-444f-a2b5-3f043f5e8297,43.5,2026-08-30T22:00:00+00:00,43.5,53063
2026-08-31,hanoi,accepted,82518cb5-590a-444f-a2b5-3f043f5e8297,42.1,2026-08-30T23:00:00+00:00,42.1,53064
2026-08-31,hanoi,accepted,bd9481af-37f1-4231-9f71-e132a7cb6a7d,42.3,2026-08-31T00:00:00+00:00,42.3,54073
2026-08-31,hanoi,accepted,bd9481af-37f1-4231-9f71-e132a7cb6a7d,46.8,2026-08-31T01:00:00+00:00,46.8,54074
2026-08-31,hanoi,accepted,bd9481af-37f1-4231-9f71-e132a7cb6a7d,39.2,2026-08-31T02:00:00+00:00,39.2,54075
2026-08-31,hanoi,accepted,bd9481af-37f1-4231-9f71-e132a7cb6a7d,26.4,2026-08-31T03:00:00+00:00,26.4,54076
2026-08-31,hanoi,accepted,bd9481af-37f1-4231-9f71-e132a7cb6a7d,20.5,2026-08-31T04:00:00+00:00,20.5,54077
2026-08-31,hanoi,accepted,bd9481af-37f1-4231-9f71-e132a7cb6a7d,18.5,2026-08-31T05:00:00+00:00,18.5,54078
2026-08-31,hanoi,accepted,bd9481af-37f1-4231-9f71-e132a7cb6a7d,16.8,2026-08-31T06:00:00+00:00,16.8,54079
2026-08-31,hanoi,accepted,bd9481af-37f1-4231-9f71-e132a7cb6a7d,16.1,2026-08-31T07:00:00+00:00,16.1,54080
2026-08-31,hanoi,accepted,bd9481af-37f1-4231-9f71-e132a7cb6a7d,17.8,2026-08-31T08:00:00+00:00,17.8,54081
2026-08-31,hanoi,accepted,bd9481af-37f1-4231-9f71-e132a7cb6a7d,22.7,2026-08-31T09:00:00+00:00,22.7,54082
2026-08-31,hanoi,accepted,bd9481af-37f1-4231-9f71-e132a7cb6a7d,31.9,2026-08-31T10:00:00+00:00,31.9,54083
2026-08-31,hanoi,accepted,bd9481af-37f1-4231-9f71-e132a7cb6a7d,52.7,2026-08-31T11:00:00+00:00,52.7,54084
2026-08-31,hanoi,accepted,bd9481af-37f1-4231-9f71-e132a7cb6a7d,75.9,2026-08-31T12:00:00+00:00,75.9,54085
2026-08-31,hanoi,accepted,bd9481af-37f1-4231-9f71-e132a7cb6a7d,113.2,2026-08-31T13:00:00+00:00,113.2,54086
2026-08-31,hanoi,accepted,bd9481af-37f1-4231-9f71-e132a7cb6a7d,152.7,2026-08-31T14:00:00+00:00,152.7,54087
2026-08-31,hanoi,accepted,bd9481af-37f1-4231-9f71-e132a7cb6a7d,178.3,2026-08-31T15:00:00+00:00,178.3,54088
2026-08-31,hanoi,accepted,bd9481af-37f1-4231-9f71-e132a7cb6a7d,159.3,2026-08-31T16:00:00+00:00,159.3,54089
2026-09-01,hanoi,accepted,bd9481af-37f1-4231-9f71-e132a7cb6a7d,125.3,2026-08-31T17:00:00+00:00,125.3,54090
2026-09-01,hanoi,accepted,bd9481af-37f1-4231-9f71-e132a7cb6a7d,92.0,2026-08-31T18:00:00+00:00,92.0,54091
2026-09-01,hanoi,accepted,bd9481af-37f1-4231-9f71-e132a7cb6a7d,65.7,2026-08-31T19:00:00+00:00,65.7,54092
2026-09-01,hanoi,accepted,bd9481af-37f1-4231-9f71-e132a7cb6a7d,49.5,2026-08-31T20:00:00+00:00,49.5,54093
2026-09-01,hanoi,accepted,bd9481af-37f1-4231-9f71-e132a7cb6a7d,42.5,2026-08-31T21:00:00+00:00,42.5,54094
2026-09-01,hanoi,accepted,bd9481af-37f1-4231-9f71-e132a7cb6a7d,41.0,2026-08-31T22:00:00+00:00,41.0,54095
2026-09-01,hanoi,accepted,bd9481af-37f1-4231-9f71-e132a7cb6a7d,43.0,2026-08-31T23:00:00+00:00,43.0,54096
2026-09-01,hanoi,accepted,bd9481af-37f1-4231-9f71-e132a7cb6a7d,37.8,2026-09-01T00:00:00+00:00,37.8,54097
2026-09-01,hanoi,accepted,bd9481af-37f1-4231-9f71-e132a7cb6a7d,39.5,2026-09-01T01:00:00+00:00,39.5,54098
2026-09-01,hanoi,accepted,bd9481af-37f1-4231-9f71-e132a7cb6a7d,31.0,2026-09-01T02:00:00+00:00,31.0,54099
2026-09-01,hanoi,accepted,bd9481af-37f1-4231-9f71-e132a7cb6a7d,14.7,2026-09-01T03:00:00+00:00,14.7,54100
2026-09-01,hanoi,accepted,bd9481af-37f1-4231-9f71-e132a7cb6a7d,10.5,2026-09-01T04:00:00+00:00,10.5,54101
2026-09-01,hanoi,accepted,bd9481af-37f1-4231-9f71-e132a7cb6a7d,9.3,2026-09-01T05:00:00+00:00,9.3,54102
2026-09-01,hanoi,accepted,bd9481af-37f1-4231-9f71-e132a7cb6a7d,8.9,2026-09-01T06:00:00+00:00,8.9,54103
2026-09-01,hanoi,accepted,bd9481af-37f1-4231-9f71-e132a7cb6a7d,9.6,2026-09-01T07:00:00+00:00,9.6,54104
2026-09-01,hanoi,accepted,bd9481af-37f1-4231-9f71-e132a7cb6a7d,10.4,2026-09-01T08:00:00+00:00,10.4,54105
2026-09-01,hanoi,accepted,bd9481af-37f1-4231-9f71-e132a7cb6a7d,15.8,2026-09-01T09:00:00+00:00,15.8,54106
2026-09-01,hanoi,accepted,bd9481af-37f1-4231-9f71-e132a7cb6a7d,28.3,2026-09-01T10:00:00+00:00,28.3,54107
2026-09-01,hanoi,accepted,bd9481af-37f1-4231-9f71-e132a7cb6a7d,56.0,2026-09-01T11:00:00+00:00,56.0,54108
2026-09-01,hanoi,accepted,bd9481af-37f1-4231-9f71-e132a7cb6a7d,82.0,2026-09-01T12:00:00+00:00,82.0,54109
2026-09-01,hanoi,accepted,bd9481af-37f1-4231-9f71-e132a7cb6a7d,112.7,2026-09-01T13:00:00+00:00,112.7,54110
2026-09-01,hanoi,accepted,bd9481af-37f1-4231-9f71-e132a7cb6a7d,136.0,2026-09-01T14:00:00+00:00,136.0,54111
2026-09-01,hanoi,accepted,bd9481af-37f1-4231-9f71-e132a7cb6a7d,149.5,2026-09-01T15:00:00+00:00,149.5,54112
2026-09-01,hanoi,accepted,bd9481af-37f1-4231-9f71-e132a7cb6a7d,119.2,2026-09-01T16:00:00+00:00,119.2,54113
2026-09-02,hanoi,accepted,bd9481af-37f1-4231-9f71-e132a7cb6a7d,67.5,2026-09-01T17:00:00+00:00,67.5,54114
2026-09-02,hanoi,accepted,bd9481af-37f1-4231-9f71-e132a7cb6a7d,41.2,2026-09-01T18:00:00+00:00,41.2,54115
2026-09-02,hanoi,accepted,bd9481af-37f1-4231-9f71-e132a7cb6a7d,30.6,2026-09-01T19:00:00+00:00,30.6,54116
2026-09-02,hanoi,accepted,bd9481af-37f1-4231-9f71-e132a7cb6a7d,30.2,2026-09-01T20:00:00+00:00,30.2,54117
2026-09-02,hanoi,accepted,bd9481af-37f1-4231-9f71-e132a7cb6a7d,34.3,2026-09-01T21:00:00+00:00,34.3,54118
2026-09-02,hanoi,accepted,bd9481af-37f1-4231-9f71-e132a7cb6a7d,39.8,2026-09-01T22:00:00+00:00,39.8,54119
2026-09-02,hanoi,accepted,bd9481af-37f1-4231-9f71-e132a7cb6a7d,45.1,2026-09-01T23:00:00+00:00,45.1,54120
2026-09-02,hanoi,accepted,bd9481af-37f1-4231-9f71-e132a7cb6a7d,43.8,2026-09-02T00:00:00+00:00,43.8,54121
2026-09-02,hanoi,accepted,bd9481af-37f1-4231-9f71-e132a7cb6a7d,39.9,2026-09-02T01:00:00+00:00,39.9,54122
2026-09-02,hanoi,accepted,bd9481af-37f1-4231-9f71-e132a7cb6a7d,31.2,2026-09-02T02:00:00+00:00,31.2,54123
2026-09-02,hanoi,accepted,bd9481af-37f1-4231-9f71-e132a7cb6a7d,27.6,2026-09-02T03:00:00+00:00,27.6,54124
2026-09-02,hanoi,accepted,bd9481af-37f1-4231-9f71-e132a7cb6a7d,24.5,2026-09-02T04:00:00+00:00,24.5,54125
2026-09-02,hanoi,accepted,bd9481af-37f1-4231-9f71-e132a7cb6a7d,19.7,2026-09-02T05:00:00+00:00,19.7,54126
2026-09-02,hanoi,accepted,bd9481af-37f1-4231-9f71-e132a7cb6a7d,16.8,2026-09-02T06:00:00+00:00,16.8,54127
2026-09-02,hanoi,accepted,bd9481af-37f1-4231-9f71-e132a7cb6a7d,15.1,2026-09-02T07:00:00+00:00,15.1,54128
2026-09-02,hanoi,accepted,bd9481af-37f1-4231-9f71-e132a7cb6a7d,14.2,2026-09-02T08:00:00+00:00,14.2,54129
2026-09-02,hanoi,accepted,bd9481af-37f1-4231-9f71-e132a7cb6a7d,16.1,2026-09-02T09:00:00+00:00,16.1,54130
2026-09-02,hanoi,accepted,bd9481af-37f1-4231-9f71-e132a7cb6a7d,29.4,2026-09-02T10:00:00+00:00,29.4,54131
2026-09-02,hanoi,accepted,bd9481af-37f1-4231-9f71-e132a7cb6a7d,60.3,2026-09-02T11:00:00+00:00,60.3,54132
2026-09-02,hanoi,accepted,bd9481af-37f1-4231-9f71-e132a7cb6a7d,104.1,2026-09-02T12:00:00+00:00,104.1,54133
2026-09-02,hanoi,accepted,bd9481af-37f1-4231-9f71-e132a7cb6a7d,139.2,2026-09-02T13:00:00+00:00,139.2,54134
2026-09-02,hanoi,accepted,bd9481af-37f1-4231-9f71-e132a7cb6a7d,155.1,2026-09-02T14:00:00+00:00,155.1,54135
2026-09-02,hanoi,accepted,bd9481af-37f1-4231-9f71-e132a7cb6a7d,158.8,2026-09-02T15:00:00+00:00,158.8,54136
2026-09-02,hanoi,accepted,bd9481af-37f1-4231-9f71-e132a7cb6a7d,162.1,2026-09-02T16:00:00+00:00,162.1,54137
2026-09-03,hanoi,accepted,bd9481af-37f1-4231-9f71-e132a7cb6a7d,167.6,2026-09-02T17:00:00+00:00,167.6,54138
2026-09-03,hanoi,accepted,bd9481af-37f1-4231-9f71-e132a7cb6a7d,180.2,2026-09-02T18:00:00+00:00,180.2,54139
2026-09-03,hanoi,accepted,bd9481af-37f1-4231-9f71-e132a7cb6a7d,175.1,2026-09-02T19:00:00+00:00,175.1,54140
2026-09-03,hanoi,accepted,bd9481af-37f1-4231-9f71-e132a7cb6a7d,137.8,2026-09-02T20:00:00+00:00,137.8,54141
2026-09-03,hanoi,accepted,bd9481af-37f1-4231-9f71-e132a7cb6a7d,105.2,2026-09-02T21:00:00+00:00,105.2,54142
2026-09-03,hanoi,accepted,bd9481af-37f1-4231-9f71-e132a7cb6a7d,78.7,2026-09-02T22:00:00+00:00,78.7,54143
2026-09-03,hanoi,accepted,bd9481af-37f1-4231-9f71-e132a7cb6a7d,58.4,2026-09-02T23:00:00+00:00,58.4,54144
2026-09-03,hanoi,accepted,bd9481af-37f1-4231-9f71-e132a7cb6a7d,34.2,2026-09-03T00:00:00+00:00,34.2,54145
2026-09-03,hanoi,accepted,bd9481af-37f1-4231-9f71-e132a7cb6a7d,19.8,2026-09-03T01:00:00+00:00,19.8,54146
2026-09-03,hanoi,accepted,bd9481af-37f1-4231-9f71-e132a7cb6a7d,12.8,2026-09-03T02:00:00+00:00,12.8,54147
2026-09-03,hanoi,accepted,bd9481af-37f1-4231-9f71-e132a7cb6a7d,11.5,2026-09-03T03:00:00+00:00,11.5,54148
2026-09-03,hanoi,accepted,bd9481af-37f1-4231-9f71-e132a7cb6a7d,10.3,2026-09-03T04:00:00+00:00,10.3,54149
2026-09-03,hanoi,accepted,bd9481af-37f1-4231-9f71-e132a7cb6a7d,10.4,2026-09-03T05:00:00+00:00,10.4,54150
2026-09-03,hanoi,accepted,bd9481af-37f1-4231-9f71-e132a7cb6a7d,11.0,2026-09-03T06:00:00+00:00,11.0,54151
2026-09-03,hanoi,accepted,bd9481af-37f1-4231-9f71-e132a7cb6a7d,12.0,2026-09-03T07:00:00+00:00,12.0,54152
2026-09-03,hanoi,accepted,bd9481af-37f1-4231-9f71-e132a7cb6a7d,12.2,2026-09-03T08:00:00+00:00,12.2,54153
2026-09-03,hanoi,accepted,bd9481af-37f1-4231-9f71-e132a7cb6a7d,13.0,2026-09-03T09:00:00+00:00,13.0,54154
2026-09-03,hanoi,accepted,bd9481af-37f1-4231-9f71-e132a7cb6a7d,24.5,2026-09-03T10:00:00+00:00,24.5,54155
2026-09-03,hanoi,accepted,bd9481af-37f1-4231-9f71-e132a7cb6a7d,55.2,2026-09-03T11:00:00+00:00,55.2,54156
2026-09-03,hanoi,accepted,bd9481af-37f1-4231-9f71-e132a7cb6a7d,111.3,2026-09-03T12:00:00+00:00,111.3,54157
2026-09-03,hanoi,accepted,bd9481af-37f1-4231-9f71-e132a7cb6a7d,152.3,2026-09-03T13:00:00+00:00,152.3,54158
2026-09-03,hanoi,accepted,bd9481af-37f1-4231-9f71-e132a7cb6a7d,186.7,2026-09-03T14:00:00+00:00,186.7,54159
2026-09-03,hanoi,accepted,bd9481af-37f1-4231-9f71-e132a7cb6a7d,212.8,2026-09-03T15:00:00+00:00,212.8,54160
2026-09-03,hanoi,accepted,bd9481af-37f1-4231-9f71-e132a7cb6a7d,215.1,2026-09-03T16:00:00+00:00,215.1,54161
2026-09-04,hanoi,accepted,bd9481af-37f1-4231-9f71-e132a7cb6a7d,204.0,2026-09-03T17:00:00+00:00,204.0,54162
2026-09-04,hanoi,accepted,bd9481af-37f1-4231-9f71-e132a7cb6a7d,147.6,2026-09-03T18:00:00+00:00,147.6,54163
2026-09-04,hanoi,accepted,bd9481af-37f1-4231-9f71-e132a7cb6a7d,73.1,2026-09-03T19:00:00+00:00,73.1,54164
2026-09-04,hanoi,accepted,bd9481af-37f1-4231-9f71-e132a7cb6a7d,27.2,2026-09-03T20:00:00+00:00,27.2,54165
2026-09-04,hanoi,accepted,bd9481af-37f1-4231-9f71-e132a7cb6a7d,15.9,2026-09-03T21:00:00+00:00,15.9,54166
2026-09-04,hanoi,accepted,bd9481af-37f1-4231-9f71-e132a7cb6a7d,16.6,2026-09-03T22:00:00+00:00,16.6,54167
2026-09-04,hanoi,accepted,bd9481af-37f1-4231-9f71-e132a7cb6a7d,18.3,2026-09-03T23:00:00+00:00,18.3,54168
2026-09-04,hanoi,accepted,bd9481af-37f1-4231-9f71-e132a7cb6a7d,20.9,2026-09-04T00:00:00+00:00,20.9,54169
2026-09-04,hanoi,accepted,bd9481af-37f1-4231-9f71-e132a7cb6a7d,21.0,2026-09-04T01:00:00+00:00,21.0,54170
2026-09-04,hanoi,accepted,bd9481af-37f1-4231-9f71-e132a7cb6a7d,18.3,2026-09-04T02:00:00+00:00,18.3,54171
2026-09-04,hanoi,accepted,bd9481af-37f1-4231-9f71-e132a7cb6a7d,15.9,2026-09-04T03:00:00+00:00,15.9,54172
2026-09-04,hanoi,accepted,bd9481af-37f1-4231-9f71-e132a7cb6a7d,12.8,2026-09-04T04:00:00+00:00,12.8,54173
2026-09-04,hanoi,accepted,bd9481af-37f1-4231-9f71-e132a7cb6a7d,10.6,2026-09-04T05:00:00+00:00,10.6,54174
2026-09-04,hanoi,accepted,bd9481af-37f1-4231-9f71-e132a7cb6a7d,9.2,2026-09-04T06:00:00+00:00,9.2,54175
2026-09-04,hanoi,accepted,bd9481af-37f1-4231-9f71-e132a7cb6a7d,8.1,2026-09-04T07:00:00+00:00,8.1,54176
2026-09-04,hanoi,accepted,bd9481af-37f1-4231-9f71-e132a7cb6a7d,7.9,2026-09-04T08:00:00+00:00,7.9,54177
2026-09-04,hanoi,accepted,bd9481af-37f1-4231-9f71-e132a7cb6a7d,9.3,2026-09-04T09:00:00+00:00,9.3,54178
2026-09-04,hanoi,accepted,bd9481af-37f1-4231-9f71-e132a7cb6a7d,17.0,2026-09-04T10:00:00+00:00,17.0,54179
2026-09-04,hanoi,accepted,bd9481af-37f1-4231-9f71-e132a7cb6a7d,34.3,2026-09-04T11:00:00+00:00,34.3,54180
2026-09-04,hanoi,accepted,bd9481af-37f1-4231-9f71-e132a7cb6a7d,61.7,2026-09-04T12:00:00+00:00,61.7,54181
2026-09-04,hanoi,accepted,bd9481af-37f1-4231-9f71-e132a7cb6a7d,61.2,2026-09-04T13:00:00+00:00,61.2,54182
2026-09-04,hanoi,accepted,bd9481af-37f1-4231-9f71-e132a7cb6a7d,56.6,2026-09-04T14:00:00+00:00,56.6,54183
2026-09-04,hanoi,accepted,bd9481af-37f1-4231-9f71-e132a7cb6a7d,58.1,2026-09-04T15:00:00+00:00,58.1,54184
2026-09-04,hanoi,accepted,bd9481af-37f1-4231-9f71-e132a7cb6a7d,69.6,2026-09-04T16:00:00+00:00,69.6,54185
2026-09-05,hanoi,accepted,bd9481af-37f1-4231-9f71-e132a7cb6a7d,76.4,2026-09-04T17:00:00+00:00,76.4,54186
2026-09-05,hanoi,accepted,bd9481af-37f1-4231-9f71-e132a7cb6a7d,74.7,2026-09-04T18:00:00+00:00,74.7,54187
2026-09-05,hanoi,accepted,bd9481af-37f1-4231-9f71-e132a7cb6a7d,77.3,2026-09-04T19:00:00+00:00,77.3,54188
2026-09-05,hanoi,accepted,bd9481af-37f1-4231-9f71-e132a7cb6a7d,74.7,2026-09-04T20:00:00+00:00,74.7,54189
2026-09-05,hanoi,accepted,bd9481af-37f1-4231-9f71-e132a7cb6a7d,62.9,2026-09-04T21:00:00+00:00,62.9,54190
2026-09-05,hanoi,accepted,bd9481af-37f1-4231-9f71-e132a7cb6a7d,58.2,2026-09-04T22:00:00+00:00,58.2,54191
2026-09-05,hanoi,accepted,bd9481af-37f1-4231-9f71-e132a7cb6a7d,52.4,2026-09-04T23:00:00+00:00,52.4,54192
2026-09-05,hanoi,accepted,bd9481af-37f1-4231-9f71-e132a7cb6a7d,34.9,2026-09-05T00:00:00+00:00,34.9,54193
2026-09-05,hanoi,accepted,bd9481af-37f1-4231-9f71-e132a7cb6a7d,32.0,2026-09-05T01:00:00+00:00,32.0,54194
2026-09-05,hanoi,accepted,bd9481af-37f1-4231-9f71-e132a7cb6a7d,26.2,2026-09-05T02:00:00+00:00,26.2,54195
2026-09-05,hanoi,accepted,bd9481af-37f1-4231-9f71-e132a7cb6a7d,19.0,2026-09-05T03:00:00+00:00,19.0,54196
2026-09-05,hanoi,accepted,bd9481af-37f1-4231-9f71-e132a7cb6a7d,14.2,2026-09-05T04:00:00+00:00,14.2,54197
2026-09-05,hanoi,accepted,bd9481af-37f1-4231-9f71-e132a7cb6a7d,12.2,2026-09-05T05:00:00+00:00,12.2,54198
2026-09-05,hanoi,accepted,bd9481af-37f1-4231-9f71-e132a7cb6a7d,13.2,2026-09-05T06:00:00+00:00,13.2,54199
2026-09-05,hanoi,accepted,bd9481af-37f1-4231-9f71-e132a7cb6a7d,14.9,2026-09-05T07:00:00+00:00,14.9,54200
2026-09-05,hanoi,accepted,bd9481af-37f1-4231-9f71-e132a7cb6a7d,14.9,2026-09-05T08:00:00+00:00,14.9,54201
2026-09-05,hanoi,accepted,bd9481af-37f1-4231-9f71-e132a7cb6a7d,14.3,2026-09-05T09:00:00+00:00,14.3,54202
2026-09-05,hanoi,accepted,bd9481af-37f1-4231-9f71-e132a7cb6a7d,17.3,2026-09-05T10:00:00+00:00,17.3,54203
2026-09-05,hanoi,accepted,bd9481af-37f1-4231-9f71-e132a7cb6a7d,25.8,2026-09-05T11:00:00+00:00,25.8,54204
2026-09-05,hanoi,accepted,bd9481af-37f1-4231-9f71-e132a7cb6a7d,34.2,2026-09-05T12:00:00+00:00,34.2,54205
2026-09-05,hanoi,accepted,bd9481af-37f1-4231-9f71-e132a7cb6a7d,43.7,2026-09-05T13:00:00+00:00,43.7,54206
2026-09-05,hanoi,accepted,bd9481af-37f1-4231-9f71-e132a7cb6a7d,47.5,2026-09-05T14:00:00+00:00,47.5,54207
2026-09-05,hanoi,accepted,bd9481af-37f1-4231-9f71-e132a7cb6a7d,43.4,2026-09-05T15:00:00+00:00,43.4,54208
2026-09-05,hanoi,accepted,bd9481af-37f1-4231-9f71-e132a7cb6a7d,42.6,2026-09-05T16:00:00+00:00,42.6,54209
2026-09-06,hanoi,accepted,bd9481af-37f1-4231-9f71-e132a7cb6a7d,41.8,2026-09-05T17:00:00+00:00,41.8,54210
2026-09-06,hanoi,accepted,bd9481af-37f1-4231-9f71-e132a7cb6a7d,41.6,2026-09-05T18:00:00+00:00,41.6,54211
2026-09-06,hanoi,accepted,bd9481af-37f1-4231-9f71-e132a7cb6a7d,44.5,2026-09-05T19:00:00+00:00,44.5,54212
2026-09-06,hanoi,accepted,bd9481af-37f1-4231-9f71-e132a7cb6a7d,49.9,2026-09-05T20:00:00+00:00,49.9,54213
2026-09-06,hanoi,accepted,bd9481af-37f1-4231-9f71-e132a7cb6a7d,52.6,2026-09-05T21:00:00+00:00,52.6,54214
2026-09-06,hanoi,accepted,bd9481af-37f1-4231-9f71-e132a7cb6a7d,55.2,2026-09-05T22:00:00+00:00,55.2,54215
2026-09-06,hanoi,accepted,bd9481af-37f1-4231-9f71-e132a7cb6a7d,60.1,2026-09-05T23:00:00+00:00,60.1,54216
2026-06-08,hcmc,accepted,6783c7df-2383-4f8c-8f0c-f89e243035dd,41.7,2026-06-08T00:00:00+00:00,41.7,55081
2026-06-08,hcmc,accepted,6783c7df-2383-4f8c-8f0c-f89e243035dd,39.7,2026-06-08T01:00:00+00:00,39.7,55082
2026-06-08,hcmc,accepted,6783c7df-2383-4f8c-8f0c-f89e243035dd,31.0,2026-06-08T02:00:00+00:00,31.0,55083
2026-06-08,hcmc,accepted,6783c7df-2383-4f8c-8f0c-f89e243035dd,28.4,2026-06-08T03:00:00+00:00,28.4,55084
2026-06-08,hcmc,accepted,6783c7df-2383-4f8c-8f0c-f89e243035dd,28.3,2026-06-08T04:00:00+00:00,28.3,55085
2026-06-08,hcmc,accepted,6783c7df-2383-4f8c-8f0c-f89e243035dd,28.1,2026-06-08T05:00:00+00:00,28.1,55086
2026-06-08,hcmc,accepted,6783c7df-2383-4f8c-8f0c-f89e243035dd,31.1,2026-06-08T06:00:00+00:00,31.1,55087
2026-06-08,hcmc,accepted,6783c7df-2383-4f8c-8f0c-f89e243035dd,31.4,2026-06-08T07:00:00+00:00,31.4,55088
2026-06-08,hcmc,accepted,6783c7df-2383-4f8c-8f0c-f89e243035dd,31.9,2026-06-08T08:00:00+00:00,31.9,55089
2026-06-08,hcmc,accepted,6783c7df-2383-4f8c-8f0c-f89e243035dd,31.7,2026-06-08T09:00:00+00:00,31.7,55090
2026-06-08,hcmc,accepted,6783c7df-2383-4f8c-8f0c-f89e243035dd,36.4,2026-06-08T10:00:00+00:00,36.4,55091
2026-06-08,hcmc,accepted,6783c7df-2383-4f8c-8f0c-f89e243035dd,36.1,2026-06-08T11:00:00+00:00,36.1,55092
2026-06-08,hcmc,accepted,6783c7df-2383-4f8c-8f0c-f89e243035dd,42.8,2026-06-08T12:00:00+00:00,42.8,55093
2026-06-08,hcmc,accepted,6783c7df-2383-4f8c-8f0c-f89e243035dd,43.0,2026-06-08T13:00:00+00:00,43.0,55094
2026-06-08,hcmc,accepted,6783c7df-2383-4f8c-8f0c-f89e243035dd,39.6,2026-06-08T14:00:00+00:00,39.6,55095
2026-06-08,hcmc,accepted,6783c7df-2383-4f8c-8f0c-f89e243035dd,37.1,2026-06-08T15:00:00+00:00,37.1,55096
2026-06-08,hcmc,accepted,6783c7df-2383-4f8c-8f0c-f89e243035dd,39.0,2026-06-08T16:00:00+00:00,39.0,55097
2026-06-09,hcmc,accepted,6783c7df-2383-4f8c-8f0c-f89e243035dd,42.7,2026-06-08T17:00:00+00:00,42.7,55098
2026-06-09,hcmc,accepted,6783c7df-2383-4f8c-8f0c-f89e243035dd,48.1,2026-06-08T18:00:00+00:00,48.1,55099
2026-06-09,hcmc,accepted,6783c7df-2383-4f8c-8f0c-f89e243035dd,51.1,2026-06-08T19:00:00+00:00,51.1,55100
2026-06-09,hcmc,accepted,6783c7df-2383-4f8c-8f0c-f89e243035dd,51.7,2026-06-08T20:00:00+00:00,51.7,55101
2026-06-09,hcmc,accepted,6783c7df-2383-4f8c-8f0c-f89e243035dd,52.4,2026-06-08T21:00:00+00:00,52.4,55102
2026-06-09,hcmc,accepted,6783c7df-2383-4f8c-8f0c-f89e243035dd,51.8,2026-06-08T22:00:00+00:00,51.8,55103
2026-06-09,hcmc,accepted,6783c7df-2383-4f8c-8f0c-f89e243035dd,48.8,2026-06-08T23:00:00+00:00,48.8,55104
2026-06-09,hcmc,accepted,6783c7df-2383-4f8c-8f0c-f89e243035dd,38.1,2026-06-09T00:00:00+00:00,38.1,55105
2026-06-09,hcmc,accepted,6783c7df-2383-4f8c-8f0c-f89e243035dd,35.3,2026-06-09T01:00:00+00:00,35.3,55106
2026-06-09,hcmc,accepted,6783c7df-2383-4f8c-8f0c-f89e243035dd,34.5,2026-06-09T02:00:00+00:00,34.5,55107
2026-06-09,hcmc,accepted,6783c7df-2383-4f8c-8f0c-f89e243035dd,34.7,2026-06-09T03:00:00+00:00,34.7,55108
2026-06-09,hcmc,accepted,6783c7df-2383-4f8c-8f0c-f89e243035dd,34.1,2026-06-09T04:00:00+00:00,34.1,55109
2026-06-09,hcmc,accepted,6783c7df-2383-4f8c-8f0c-f89e243035dd,33.9,2026-06-09T05:00:00+00:00,33.9,55110
2026-06-09,hcmc,accepted,6783c7df-2383-4f8c-8f0c-f89e243035dd,32.1,2026-06-09T06:00:00+00:00,32.1,55111
2026-06-09,hcmc,accepted,6783c7df-2383-4f8c-8f0c-f89e243035dd,28.9,2026-06-09T07:00:00+00:00,28.9,55112
2026-06-09,hcmc,accepted,6783c7df-2383-4f8c-8f0c-f89e243035dd,29.1,2026-06-09T08:00:00+00:00,29.1,55113
2026-06-09,hcmc,accepted,6783c7df-2383-4f8c-8f0c-f89e243035dd,32.0,2026-06-09T09:00:00+00:00,32.0,55114
2026-06-09,hcmc,accepted,6783c7df-2383-4f8c-8f0c-f89e243035dd,34.3,2026-06-09T10:00:00+00:00,34.3,55115
2026-06-09,hcmc,accepted,6783c7df-2383-4f8c-8f0c-f89e243035dd,43.0,2026-06-09T11:00:00+00:00,43.0,55116
2026-06-09,hcmc,accepted,6783c7df-2383-4f8c-8f0c-f89e243035dd,69.6,2026-06-09T12:00:00+00:00,69.6,55117
2026-06-09,hcmc,accepted,6783c7df-2383-4f8c-8f0c-f89e243035dd,98.7,2026-06-09T13:00:00+00:00,98.7,55118
2026-06-09,hcmc,accepted,6783c7df-2383-4f8c-8f0c-f89e243035dd,128.5,2026-06-09T14:00:00+00:00,128.5,55119
2026-06-09,hcmc,accepted,6783c7df-2383-4f8c-8f0c-f89e243035dd,154.1,2026-06-09T15:00:00+00:00,154.1,55120
2026-06-09,hcmc,accepted,6783c7df-2383-4f8c-8f0c-f89e243035dd,109.7,2026-06-09T16:00:00+00:00,109.7,55121
2026-06-10,hcmc,accepted,6783c7df-2383-4f8c-8f0c-f89e243035dd,76.4,2026-06-09T17:00:00+00:00,76.4,55122
2026-06-10,hcmc,accepted,6783c7df-2383-4f8c-8f0c-f89e243035dd,64.3,2026-06-09T18:00:00+00:00,64.3,55123
2026-06-10,hcmc,accepted,6783c7df-2383-4f8c-8f0c-f89e243035dd,63.1,2026-06-09T19:00:00+00:00,63.1,55124
2026-06-10,hcmc,accepted,6783c7df-2383-4f8c-8f0c-f89e243035dd,66.6,2026-06-09T20:00:00+00:00,66.6,55125
2026-06-10,hcmc,accepted,6783c7df-2383-4f8c-8f0c-f89e243035dd,68.2,2026-06-09T21:00:00+00:00,68.2,55126
2026-06-10,hcmc,accepted,6783c7df-2383-4f8c-8f0c-f89e243035dd,69.4,2026-06-09T22:00:00+00:00,69.4,55127
2026-06-10,hcmc,accepted,6783c7df-2383-4f8c-8f0c-f89e243035dd,75.0,2026-06-09T23:00:00+00:00,75.0,55128
2026-06-10,hcmc,accepted,6783c7df-2383-4f8c-8f0c-f89e243035dd,66.1,2026-06-10T00:00:00+00:00,66.1,55129
2026-06-10,hcmc,accepted,6783c7df-2383-4f8c-8f0c-f89e243035dd,56.2,2026-06-10T01:00:00+00:00,56.2,55130
2026-06-10,hcmc,accepted,6783c7df-2383-4f8c-8f0c-f89e243035dd,42.7,2026-06-10T02:00:00+00:00,42.7,55131
2026-06-10,hcmc,accepted,6783c7df-2383-4f8c-8f0c-f89e243035dd,36.1,2026-06-10T03:00:00+00:00,36.1,55132
2026-06-10,hcmc,accepted,6783c7df-2383-4f8c-8f0c-f89e243035dd,32.4,2026-06-10T04:00:00+00:00,32.4,55133
2026-06-10,hcmc,accepted,6783c7df-2383-4f8c-8f0c-f89e243035dd,32.9,2026-06-10T05:00:00+00:00,32.9,55134
2026-06-10,hcmc,accepted,6783c7df-2383-4f8c-8f0c-f89e243035dd,32.2,2026-06-10T06:00:00+00:00,32.2,55135
2026-06-10,hcmc,accepted,6783c7df-2383-4f8c-8f0c-f89e243035dd,29.0,2026-06-10T07:00:00+00:00,29.0,55136
2026-06-10,hcmc,accepted,6783c7df-2383-4f8c-8f0c-f89e243035dd,33.6,2026-06-10T08:00:00+00:00,33.6,55137
2026-06-10,hcmc,accepted,6783c7df-2383-4f8c-8f0c-f89e243035dd,37.6,2026-06-10T09:00:00+00:00,37.6,55138
2026-06-10,hcmc,accepted,6783c7df-2383-4f8c-8f0c-f89e243035dd,39.7,2026-06-10T10:00:00+00:00,39.7,55139
2026-06-10,hcmc,accepted,6783c7df-2383-4f8c-8f0c-f89e243035dd,42.8,2026-06-10T11:00:00+00:00,42.8,55140
2026-06-10,hcmc,accepted,6783c7df-2383-4f8c-8f0c-f89e243035dd,85.0,2026-06-10T12:00:00+00:00,85.0,55141
2026-06-10,hcmc,accepted,6783c7df-2383-4f8c-8f0c-f89e243035dd,66.1,2026-06-10T13:00:00+00:00,66.1,55142
2026-06-10,hcmc,accepted,6783c7df-2383-4f8c-8f0c-f89e243035dd,51.5,2026-06-10T14:00:00+00:00,51.5,55143
2026-06-10,hcmc,accepted,6783c7df-2383-4f8c-8f0c-f89e243035dd,55.2,2026-06-10T15:00:00+00:00,55.2,55144
2026-06-10,hcmc,accepted,6783c7df-2383-4f8c-8f0c-f89e243035dd,60.1,2026-06-10T16:00:00+00:00,60.1,55145
2026-06-11,hcmc,accepted,6783c7df-2383-4f8c-8f0c-f89e243035dd,67.8,2026-06-10T17:00:00+00:00,67.8,55146
2026-06-11,hcmc,accepted,6783c7df-2383-4f8c-8f0c-f89e243035dd,74.3,2026-06-10T18:00:00+00:00,74.3,55147
2026-06-11,hcmc,accepted,6783c7df-2383-4f8c-8f0c-f89e243035dd,79.4,2026-06-10T19:00:00+00:00,79.4,55148
2026-06-11,hcmc,accepted,6783c7df-2383-4f8c-8f0c-f89e243035dd,84.3,2026-06-10T20:00:00+00:00,84.3,55149
2026-06-11,hcmc,accepted,6783c7df-2383-4f8c-8f0c-f89e243035dd,73.1,2026-06-10T21:00:00+00:00,73.1,55150
2026-06-11,hcmc,accepted,6783c7df-2383-4f8c-8f0c-f89e243035dd,62.6,2026-06-10T22:00:00+00:00,62.6,55151
2026-06-11,hcmc,accepted,6783c7df-2383-4f8c-8f0c-f89e243035dd,60.1,2026-06-10T23:00:00+00:00,60.1,55152
2026-06-11,hcmc,accepted,6783c7df-2383-4f8c-8f0c-f89e243035dd,52.0,2026-06-11T00:00:00+00:00,52.0,55153
2026-06-11,hcmc,accepted,6783c7df-2383-4f8c-8f0c-f89e243035dd,43.3,2026-06-11T01:00:00+00:00,43.3,55154
2026-06-11,hcmc,accepted,6783c7df-2383-4f8c-8f0c-f89e243035dd,33.4,2026-06-11T02:00:00+00:00,33.4,55155
2026-06-11,hcmc,accepted,6783c7df-2383-4f8c-8f0c-f89e243035dd,30.7,2026-06-11T03:00:00+00:00,30.7,55156
2026-06-11,hcmc,accepted,6783c7df-2383-4f8c-8f0c-f89e243035dd,29.3,2026-06-11T04:00:00+00:00,29.3,55157
2026-06-11,hcmc,accepted,6783c7df-2383-4f8c-8f0c-f89e243035dd,30.3,2026-06-11T05:00:00+00:00,30.3,55158
2026-06-11,hcmc,accepted,6783c7df-2383-4f8c-8f0c-f89e243035dd,29.1,2026-06-11T06:00:00+00:00,29.1,55159
2026-06-11,hcmc,accepted,6783c7df-2383-4f8c-8f0c-f89e243035dd,30.2,2026-06-11T07:00:00+00:00,30.2,55160
2026-06-11,hcmc,accepted,6783c7df-2383-4f8c-8f0c-f89e243035dd,34.1,2026-06-11T08:00:00+00:00,34.1,55161
2026-06-11,hcmc,accepted,6783c7df-2383-4f8c-8f0c-f89e243035dd,37.3,2026-06-11T09:00:00+00:00,37.3,55162
2026-06-11,hcmc,accepted,6783c7df-2383-4f8c-8f0c-f89e243035dd,36.3,2026-06-11T10:00:00+00:00,36.3,55163
2026-06-11,hcmc,accepted,6783c7df-2383-4f8c-8f0c-f89e243035dd,45.4,2026-06-11T11:00:00+00:00,45.4,55164
2026-06-11,hcmc,accepted,6783c7df-2383-4f8c-8f0c-f89e243035dd,35.6,2026-06-11T12:00:00+00:00,35.6,55165
2026-06-11,hcmc,accepted,6783c7df-2383-4f8c-8f0c-f89e243035dd,41.6,2026-06-11T13:00:00+00:00,41.6,55166
2026-06-11,hcmc,accepted,6783c7df-2383-4f8c-8f0c-f89e243035dd,56.6,2026-06-11T14:00:00+00:00,56.6,55167
2026-06-11,hcmc,accepted,6783c7df-2383-4f8c-8f0c-f89e243035dd,69.2,2026-06-11T15:00:00+00:00,69.2,55168
2026-06-11,hcmc,accepted,6783c7df-2383-4f8c-8f0c-f89e243035dd,68.0,2026-06-11T16:00:00+00:00,68.0,55169
2026-06-12,hcmc,accepted,6783c7df-2383-4f8c-8f0c-f89e243035dd,57.3,2026-06-11T17:00:00+00:00,57.3,55170
2026-06-12,hcmc,accepted,6783c7df-2383-4f8c-8f0c-f89e243035dd,50.1,2026-06-11T18:00:00+00:00,50.1,55171
2026-06-12,hcmc,accepted,6783c7df-2383-4f8c-8f0c-f89e243035dd,49.5,2026-06-11T19:00:00+00:00,49.5,55172
2026-06-12,hcmc,accepted,6783c7df-2383-4f8c-8f0c-f89e243035dd,45.1,2026-06-11T20:00:00+00:00,45.1,55173
2026-06-12,hcmc,accepted,6783c7df-2383-4f8c-8f0c-f89e243035dd,41.9,2026-06-11T21:00:00+00:00,41.9,55174
2026-06-12,hcmc,accepted,6783c7df-2383-4f8c-8f0c-f89e243035dd,40.5,2026-06-11T22:00:00+00:00,40.5,55175
2026-06-12,hcmc,accepted,6783c7df-2383-4f8c-8f0c-f89e243035dd,42.1,2026-06-11T23:00:00+00:00,42.1,55176
2026-06-12,hcmc,accepted,6783c7df-2383-4f8c-8f0c-f89e243035dd,48.7,2026-06-12T00:00:00+00:00,48.7,55177
2026-06-12,hcmc,accepted,6783c7df-2383-4f8c-8f0c-f89e243035dd,39.7,2026-06-12T01:00:00+00:00,39.7,55178
2026-06-12,hcmc,accepted,6783c7df-2383-4f8c-8f0c-f89e243035dd,28.3,2026-06-12T02:00:00+00:00,28.3,55179
2026-06-12,hcmc,accepted,6783c7df-2383-4f8c-8f0c-f89e243035dd,24.4,2026-06-12T03:00:00+00:00,24.4,55180
2026-06-12,hcmc,accepted,6783c7df-2383-4f8c-8f0c-f89e243035dd,22.8,2026-06-12T04:00:00+00:00,22.8,55181
2026-06-12,hcmc,accepted,6783c7df-2383-4f8c-8f0c-f89e243035dd,24.6,2026-06-12T05:00:00+00:00,24.6,55182
2026-06-12,hcmc,accepted,6783c7df-2383-4f8c-8f0c-f89e243035dd,28.5,2026-06-12T06:00:00+00:00,28.5,55183
2026-06-12,hcmc,accepted,6783c7df-2383-4f8c-8f0c-f89e243035dd,33.4,2026-06-12T07:00:00+00:00,33.4,55184
2026-06-12,hcmc,accepted,6783c7df-2383-4f8c-8f0c-f89e243035dd,38.9,2026-06-12T08:00:00+00:00,38.9,55185
2026-06-12,hcmc,accepted,6783c7df-2383-4f8c-8f0c-f89e243035dd,42.3,2026-06-12T09:00:00+00:00,42.3,55186
2026-06-12,hcmc,accepted,6783c7df-2383-4f8c-8f0c-f89e243035dd,45.3,2026-06-12T10:00:00+00:00,45.3,55187
2026-06-12,hcmc,accepted,6783c7df-2383-4f8c-8f0c-f89e243035dd,56.1,2026-06-12T11:00:00+00:00,56.1,55188
2026-06-12,hcmc,accepted,6783c7df-2383-4f8c-8f0c-f89e243035dd,50.8,2026-06-12T12:00:00+00:00,50.8,55189
2026-06-12,hcmc,accepted,6783c7df-2383-4f8c-8f0c-f89e243035dd,61.5,2026-06-12T13:00:00+00:00,61.5,55190
2026-06-12,hcmc,accepted,6783c7df-2383-4f8c-8f0c-f89e243035dd,75.2,2026-06-12T14:00:00+00:00,75.2,55191
2026-06-12,hcmc,accepted,6783c7df-2383-4f8c-8f0c-f89e243035dd,86.1,2026-06-12T15:00:00+00:00,86.1,55192
2026-06-12,hcmc,accepted,6783c7df-2383-4f8c-8f0c-f89e243035dd,100.4,2026-06-12T16:00:00+00:00,100.4,55193
2026-06-13,hcmc,accepted,6783c7df-2383-4f8c-8f0c-f89e243035dd,111.8,2026-06-12T17:00:00+00:00,111.8,55194
2026-06-13,hcmc,accepted,6783c7df-2383-4f8c-8f0c-f89e243035dd,118.3,2026-06-12T18:00:00+00:00,118.3,55195
2026-06-13,hcmc,accepted,6783c7df-2383-4f8c-8f0c-f89e243035dd,105.9,2026-06-12T19:00:00+00:00,105.9,55196
2026-06-13,hcmc,accepted,6783c7df-2383-4f8c-8f0c-f89e243035dd,95.9,2026-06-12T20:00:00+00:00,95.9,55197
2026-06-13,hcmc,accepted,6783c7df-2383-4f8c-8f0c-f89e243035dd,85.4,2026-06-12T21:00:00+00:00,85.4,55198
2026-06-13,hcmc,accepted,6783c7df-2383-4f8c-8f0c-f89e243035dd,80.1,2026-06-12T22:00:00+00:00,80.1,55199
2026-06-13,hcmc,accepted,6783c7df-2383-4f8c-8f0c-f89e243035dd,82.9,2026-06-12T23:00:00+00:00,82.9,55200
2026-06-13,hcmc,accepted,6783c7df-2383-4f8c-8f0c-f89e243035dd,63.3,2026-06-13T00:00:00+00:00,63.3,55201
2026-06-13,hcmc,accepted,6783c7df-2383-4f8c-8f0c-f89e243035dd,53.7,2026-06-13T01:00:00+00:00,53.7,55202
2026-06-13,hcmc,accepted,6783c7df-2383-4f8c-8f0c-f89e243035dd,42.5,2026-06-13T02:00:00+00:00,42.5,55203
2026-06-13,hcmc,accepted,6783c7df-2383-4f8c-8f0c-f89e243035dd,38.2,2026-06-13T03:00:00+00:00,38.2,55204
2026-06-13,hcmc,accepted,6783c7df-2383-4f8c-8f0c-f89e243035dd,33.3,2026-06-13T04:00:00+00:00,33.3,55205
2026-06-13,hcmc,accepted,6783c7df-2383-4f8c-8f0c-f89e243035dd,34.9,2026-06-13T05:00:00+00:00,34.9,55206
2026-06-13,hcmc,accepted,6783c7df-2383-4f8c-8f0c-f89e243035dd,39.6,2026-06-13T06:00:00+00:00,39.6,55207
2026-06-13,hcmc,accepted,6783c7df-2383-4f8c-8f0c-f89e243035dd,45.1,2026-06-13T07:00:00+00:00,45.1,55208
2026-06-13,hcmc,accepted,6783c7df-2383-4f8c-8f0c-f89e243035dd,49.1,2026-06-13T08:00:00+00:00,49.1,55209
2026-06-13,hcmc,accepted,6783c7df-2383-4f8c-8f0c-f89e243035dd,49.9,2026-06-13T09:00:00+00:00,49.9,55210
2026-06-13,hcmc,accepted,6783c7df-2383-4f8c-8f0c-f89e243035dd,49.0,2026-06-13T10:00:00+00:00,49.0,55211
2026-06-13,hcmc,accepted,6783c7df-2383-4f8c-8f0c-f89e243035dd,44.2,2026-06-13T11:00:00+00:00,44.2,55212
2026-06-13,hcmc,accepted,6783c7df-2383-4f8c-8f0c-f89e243035dd,47.4,2026-06-13T12:00:00+00:00,47.4,55213
2026-06-13,hcmc,accepted,6783c7df-2383-4f8c-8f0c-f89e243035dd,45.5,2026-06-13T13:00:00+00:00,45.5,55214
2026-06-13,hcmc,accepted,6783c7df-2383-4f8c-8f0c-f89e243035dd,52.7,2026-06-13T14:00:00+00:00,52.7,55215
2026-06-13,hcmc,accepted,6783c7df-2383-4f8c-8f0c-f89e243035dd,64.7,2026-06-13T15:00:00+00:00,64.7,55216
2026-06-13,hcmc,accepted,6783c7df-2383-4f8c-8f0c-f89e243035dd,61.2,2026-06-13T16:00:00+00:00,61.2,55217
2026-06-14,hcmc,accepted,6783c7df-2383-4f8c-8f0c-f89e243035dd,56.6,2026-06-13T17:00:00+00:00,56.6,55218
2026-06-14,hcmc,accepted,6783c7df-2383-4f8c-8f0c-f89e243035dd,59.6,2026-06-13T18:00:00+00:00,59.6,55219
2026-06-14,hcmc,accepted,6783c7df-2383-4f8c-8f0c-f89e243035dd,66.8,2026-06-13T19:00:00+00:00,66.8,55220
2026-06-14,hcmc,accepted,6783c7df-2383-4f8c-8f0c-f89e243035dd,69.2,2026-06-13T20:00:00+00:00,69.2,55221
2026-06-14,hcmc,accepted,6783c7df-2383-4f8c-8f0c-f89e243035dd,71.7,2026-06-13T21:00:00+00:00,71.7,55222
2026-06-14,hcmc,accepted,6783c7df-2383-4f8c-8f0c-f89e243035dd,75.7,2026-06-13T22:00:00+00:00,75.7,55223
2026-06-14,hcmc,accepted,6783c7df-2383-4f8c-8f0c-f89e243035dd,80.6,2026-06-13T23:00:00+00:00,80.6,55224
2026-06-14,hcmc,accepted,6783c7df-2383-4f8c-8f0c-f89e243035dd,78.5,2026-06-14T00:00:00+00:00,78.5,55225
2026-06-14,hcmc,accepted,6783c7df-2383-4f8c-8f0c-f89e243035dd,68.9,2026-06-14T01:00:00+00:00,68.9,55226
2026-06-14,hcmc,accepted,6783c7df-2383-4f8c-8f0c-f89e243035dd,54.4,2026-06-14T02:00:00+00:00,54.4,55227
2026-06-14,hcmc,accepted,6783c7df-2383-4f8c-8f0c-f89e243035dd,45.3,2026-06-14T03:00:00+00:00,45.3,55228
2026-06-14,hcmc,accepted,6783c7df-2383-4f8c-8f0c-f89e243035dd,42.5,2026-06-14T04:00:00+00:00,42.5,55229
2026-06-14,hcmc,accepted,6783c7df-2383-4f8c-8f0c-f89e243035dd,36.4,2026-06-14T05:00:00+00:00,36.4,55230
2026-06-14,hcmc,accepted,6783c7df-2383-4f8c-8f0c-f89e243035dd,35.2,2026-06-14T06:00:00+00:00,35.2,55231
2026-06-14,hcmc,accepted,6783c7df-2383-4f8c-8f0c-f89e243035dd,32.6,2026-06-14T07:00:00+00:00,32.6,55232
2026-06-14,hcmc,accepted,6783c7df-2383-4f8c-8f0c-f89e243035dd,31.9,2026-06-14T08:00:00+00:00,31.9,55233
2026-06-14,hcmc,accepted,6783c7df-2383-4f8c-8f0c-f89e243035dd,27.9,2026-06-14T09:00:00+00:00,27.9,55234
2026-06-14,hcmc,accepted,6783c7df-2383-4f8c-8f0c-f89e243035dd,27.4,2026-06-14T10:00:00+00:00,27.4,55235
2026-06-14,hcmc,accepted,6783c7df-2383-4f8c-8f0c-f89e243035dd,31.7,2026-06-14T11:00:00+00:00,31.7,55236
2026-06-14,hcmc,accepted,6783c7df-2383-4f8c-8f0c-f89e243035dd,49.2,2026-06-14T12:00:00+00:00,49.2,55237
2026-06-14,hcmc,accepted,6783c7df-2383-4f8c-8f0c-f89e243035dd,62.4,2026-06-14T13:00:00+00:00,62.4,55238
2026-06-14,hcmc,accepted,6783c7df-2383-4f8c-8f0c-f89e243035dd,69.4,2026-06-14T14:00:00+00:00,69.4,55239
2026-06-14,hcmc,accepted,6783c7df-2383-4f8c-8f0c-f89e243035dd,75.9,2026-06-14T15:00:00+00:00,75.9,55240
2026-06-14,hcmc,accepted,6783c7df-2383-4f8c-8f0c-f89e243035dd,80.8,2026-06-14T16:00:00+00:00,80.8,55241
2026-06-15,hcmc,accepted,6783c7df-2383-4f8c-8f0c-f89e243035dd,97.6,2026-06-14T17:00:00+00:00,97.6,55242
2026-06-15,hcmc,accepted,6783c7df-2383-4f8c-8f0c-f89e243035dd,103.1,2026-06-14T18:00:00+00:00,103.1,55243
2026-06-15,hcmc,accepted,6783c7df-2383-4f8c-8f0c-f89e243035dd,89.9,2026-06-14T19:00:00+00:00,89.9,55244
2026-06-15,hcmc,accepted,6783c7df-2383-4f8c-8f0c-f89e243035dd,81.0,2026-06-14T20:00:00+00:00,81.0,55245
2026-06-15,hcmc,accepted,6783c7df-2383-4f8c-8f0c-f89e243035dd,79.2,2026-06-14T21:00:00+00:00,79.2,55246
2026-06-15,hcmc,accepted,6783c7df-2383-4f8c-8f0c-f89e243035dd,82.9,2026-06-14T22:00:00+00:00,82.9,55247
2026-06-15,hcmc,accepted,6783c7df-2383-4f8c-8f0c-f89e243035dd,90.1,2026-06-14T23:00:00+00:00,90.1,55248
2026-06-15,hcmc,accepted,bf8a6aa4-7539-4302-ba36-11c57922d0ee,67.1,2026-06-15T00:00:00+00:00,67.1,56257
2026-06-15,hcmc,accepted,bf8a6aa4-7539-4302-ba36-11c57922d0ee,51.8,2026-06-15T01:00:00+00:00,51.8,56258
2026-06-15,hcmc,accepted,bf8a6aa4-7539-4302-ba36-11c57922d0ee,42.4,2026-06-15T02:00:00+00:00,42.4,56259
2026-06-15,hcmc,accepted,bf8a6aa4-7539-4302-ba36-11c57922d0ee,36.4,2026-06-15T03:00:00+00:00,36.4,56260
2026-06-15,hcmc,accepted,bf8a6aa4-7539-4302-ba36-11c57922d0ee,35.3,2026-06-15T04:00:00+00:00,35.3,56261
2026-06-15,hcmc,accepted,bf8a6aa4-7539-4302-ba36-11c57922d0ee,34.6,2026-06-15T05:00:00+00:00,34.6,56262
2026-06-15,hcmc,accepted,bf8a6aa4-7539-4302-ba36-11c57922d0ee,35.6,2026-06-15T06:00:00+00:00,35.6,56263
2026-06-15,hcmc,accepted,bf8a6aa4-7539-4302-ba36-11c57922d0ee,36.1,2026-06-15T07:00:00+00:00,36.1,56264
2026-06-15,hcmc,accepted,bf8a6aa4-7539-4302-ba36-11c57922d0ee,37.4,2026-06-15T08:00:00+00:00,37.4,56265
2026-06-15,hcmc,accepted,bf8a6aa4-7539-4302-ba36-11c57922d0ee,35.7,2026-06-15T09:00:00+00:00,35.7,56266
2026-06-15,hcmc,accepted,bf8a6aa4-7539-4302-ba36-11c57922d0ee,34.1,2026-06-15T10:00:00+00:00,34.1,56267
2026-06-15,hcmc,accepted,bf8a6aa4-7539-4302-ba36-11c57922d0ee,33.6,2026-06-15T11:00:00+00:00,33.6,56268
2026-06-15,hcmc,accepted,bf8a6aa4-7539-4302-ba36-11c57922d0ee,38.1,2026-06-15T12:00:00+00:00,38.1,56269
2026-06-15,hcmc,accepted,bf8a6aa4-7539-4302-ba36-11c57922d0ee,48.1,2026-06-15T13:00:00+00:00,48.1,56270
2026-06-15,hcmc,accepted,bf8a6aa4-7539-4302-ba36-11c57922d0ee,51.7,2026-06-15T14:00:00+00:00,51.7,56271
2026-06-15,hcmc,accepted,bf8a6aa4-7539-4302-ba36-11c57922d0ee,58.4,2026-06-15T15:00:00+00:00,58.4,56272
2026-06-15,hcmc,accepted,bf8a6aa4-7539-4302-ba36-11c57922d0ee,66.4,2026-06-15T16:00:00+00:00,66.4,56273
2026-06-16,hcmc,accepted,bf8a6aa4-7539-4302-ba36-11c57922d0ee,69.8,2026-06-15T17:00:00+00:00,69.8,56274
2026-06-16,hcmc,accepted,bf8a6aa4-7539-4302-ba36-11c57922d0ee,73.8,2026-06-15T18:00:00+00:00,73.8,56275
2026-06-16,hcmc,accepted,bf8a6aa4-7539-4302-ba36-11c57922d0ee,65.0,2026-06-15T19:00:00+00:00,65.0,56276
2026-06-16,hcmc,accepted,bf8a6aa4-7539-4302-ba36-11c57922d0ee,63.6,2026-06-15T20:00:00+00:00,63.6,56277
2026-06-16,hcmc,accepted,bf8a6aa4-7539-4302-ba36-11c57922d0ee,67.8,2026-06-15T21:00:00+00:00,67.8,56278
2026-06-16,hcmc,accepted,bf8a6aa4-7539-4302-ba36-11c57922d0ee,75.2,2026-06-15T22:00:00+00:00,75.2,56279
2026-06-16,hcmc,accepted,bf8a6aa4-7539-4302-ba36-11c57922d0ee,77.8,2026-06-15T23:00:00+00:00,77.8,56280
2026-06-16,hcmc,accepted,bf8a6aa4-7539-4302-ba36-11c57922d0ee,62.9,2026-06-16T00:00:00+00:00,62.9,56281
2026-06-16,hcmc,accepted,bf8a6aa4-7539-4302-ba36-11c57922d0ee,59.3,2026-06-16T01:00:00+00:00,59.3,56282
2026-06-16,hcmc,accepted,bf8a6aa4-7539-4302-ba36-11c57922d0ee,46.0,2026-06-16T02:00:00+00:00,46.0,56283
2026-06-16,hcmc,accepted,bf8a6aa4-7539-4302-ba36-11c57922d0ee,37.7,2026-06-16T03:00:00+00:00,37.7,56284
2026-06-16,hcmc,accepted,bf8a6aa4-7539-4302-ba36-11c57922d0ee,36.2,2026-06-16T04:00:00+00:00,36.2,56285
2026-06-16,hcmc,accepted,bf8a6aa4-7539-4302-ba36-11c57922d0ee,36.8,2026-06-16T05:00:00+00:00,36.8,56286
2026-06-16,hcmc,accepted,bf8a6aa4-7539-4302-ba36-11c57922d0ee,38.4,2026-06-16T06:00:00+00:00,38.4,56287
2026-06-16,hcmc,accepted,bf8a6aa4-7539-4302-ba36-11c57922d0ee,36.2,2026-06-16T07:00:00+00:00,36.2,56288
2026-06-16,hcmc,accepted,bf8a6aa4-7539-4302-ba36-11c57922d0ee,36.0,2026-06-16T08:00:00+00:00,36.0,56289
2026-06-16,hcmc,accepted,bf8a6aa4-7539-4302-ba36-11c57922d0ee,35.5,2026-06-16T09:00:00+00:00,35.5,56290
2026-06-16,hcmc,accepted,bf8a6aa4-7539-4302-ba36-11c57922d0ee,34.2,2026-06-16T10:00:00+00:00,34.2,56291
2026-06-16,hcmc,accepted,bf8a6aa4-7539-4302-ba36-11c57922d0ee,33.8,2026-06-16T11:00:00+00:00,33.8,56292
2026-06-16,hcmc,accepted,bf8a6aa4-7539-4302-ba36-11c57922d0ee,36.8,2026-06-16T12:00:00+00:00,36.8,56293
2026-06-16,hcmc,accepted,bf8a6aa4-7539-4302-ba36-11c57922d0ee,48.4,2026-06-16T13:00:00+00:00,48.4,56294
2026-06-16,hcmc,accepted,bf8a6aa4-7539-4302-ba36-11c57922d0ee,50.3,2026-06-16T14:00:00+00:00,50.3,56295
2026-06-16,hcmc,accepted,bf8a6aa4-7539-4302-ba36-11c57922d0ee,58.7,2026-06-16T15:00:00+00:00,58.7,56296
2026-06-16,hcmc,accepted,bf8a6aa4-7539-4302-ba36-11c57922d0ee,69.6,2026-06-16T16:00:00+00:00,69.6,56297
2026-06-17,hcmc,accepted,bf8a6aa4-7539-4302-ba36-11c57922d0ee,83.1,2026-06-16T17:00:00+00:00,83.1,56298
2026-06-17,hcmc,accepted,bf8a6aa4-7539-4302-ba36-11c57922d0ee,93.8,2026-06-16T18:00:00+00:00,93.8,56299
2026-06-17,hcmc,accepted,bf8a6aa4-7539-4302-ba36-11c57922d0ee,105.5,2026-06-16T19:00:00+00:00,105.5,56300
2026-06-17,hcmc,accepted,bf8a6aa4-7539-4302-ba36-11c57922d0ee,108.7,2026-06-16T20:00:00+00:00,108.7,56301
2026-06-17,hcmc,accepted,bf8a6aa4-7539-4302-ba36-11c57922d0ee,93.1,2026-06-16T21:00:00+00:00,93.1,56302
2026-06-17,hcmc,accepted,bf8a6aa4-7539-4302-ba36-11c57922d0ee,96.9,2026-06-16T22:00:00+00:00,96.9,56303
2026-06-17,hcmc,accepted,bf8a6aa4-7539-4302-ba36-11c57922d0ee,102.2,2026-06-16T23:00:00+00:00,102.2,56304
2026-06-17,hcmc,accepted,bf8a6aa4-7539-4302-ba36-11c57922d0ee,58.1,2026-06-17T00:00:00+00:00,58.1,56305
2026-06-17,hcmc,accepted,bf8a6aa4-7539-4302-ba36-11c57922d0ee,45.6,2026-06-17T01:00:00+00:00,45.6,56306
2026-06-17,hcmc,accepted,bf8a6aa4-7539-4302-ba36-11c57922d0ee,32.8,2026-06-17T02:00:00+00:00,32.8,56307
2026-06-17,hcmc,accepted,bf8a6aa4-7539-4302-ba36-11c57922d0ee,31.7,2026-06-17T03:00:00+00:00,31.7,56308
2026-06-17,hcmc,accepted,bf8a6aa4-7539-4302-ba36-11c57922d0ee,32.1,2026-06-17T04:00:00+00:00,32.1,56309
2026-06-17,hcmc,accepted,bf8a6aa4-7539-4302-ba36-11c57922d0ee,33.5,2026-06-17T05:00:00+00:00,33.5,56310
2026-06-17,hcmc,accepted,bf8a6aa4-7539-4302-ba36-11c57922d0ee,36.1,2026-06-17T06:00:00+00:00,36.1,56311
2026-06-17,hcmc,accepted,bf8a6aa4-7539-4302-ba36-11c57922d0ee,36.7,2026-06-17T07:00:00+00:00,36.7,56312
2026-06-17,hcmc,accepted,bf8a6aa4-7539-4302-ba36-11c57922d0ee,35.3,2026-06-17T08:00:00+00:00,35.3,56313
2026-06-17,hcmc,accepted,bf8a6aa4-7539-4302-ba36-11c57922d0ee,35.0,2026-06-17T09:00:00+00:00,35.0,56314
2026-06-17,hcmc,accepted,bf8a6aa4-7539-4302-ba36-11c57922d0ee,38.9,2026-06-17T10:00:00+00:00,38.9,56315
2026-06-17,hcmc,accepted,bf8a6aa4-7539-4302-ba36-11c57922d0ee,38.0,2026-06-17T11:00:00+00:00,38.0,56316
2026-06-17,hcmc,accepted,bf8a6aa4-7539-4302-ba36-11c57922d0ee,45.4,2026-06-17T12:00:00+00:00,45.4,56317
2026-06-17,hcmc,accepted,bf8a6aa4-7539-4302-ba36-11c57922d0ee,46.7,2026-06-17T13:00:00+00:00,46.7,56318
2026-06-17,hcmc,accepted,bf8a6aa4-7539-4302-ba36-11c57922d0ee,49.0,2026-06-17T14:00:00+00:00,49.0,56319
2026-06-17,hcmc,accepted,bf8a6aa4-7539-4302-ba36-11c57922d0ee,56.0,2026-06-17T15:00:00+00:00,56.0,56320
2026-06-17,hcmc,accepted,bf8a6aa4-7539-4302-ba36-11c57922d0ee,57.7,2026-06-17T16:00:00+00:00,57.7,56321
2026-06-18,hcmc,accepted,bf8a6aa4-7539-4302-ba36-11c57922d0ee,63.3,2026-06-17T17:00:00+00:00,63.3,56322
2026-06-18,hcmc,accepted,bf8a6aa4-7539-4302-ba36-11c57922d0ee,70.1,2026-06-17T18:00:00+00:00,70.1,56323
2026-06-18,hcmc,accepted,bf8a6aa4-7539-4302-ba36-11c57922d0ee,70.1,2026-06-17T19:00:00+00:00,70.1,56324
2026-06-18,hcmc,accepted,bf8a6aa4-7539-4302-ba36-11c57922d0ee,55.9,2026-06-17T20:00:00+00:00,55.9,56325
2026-06-18,hcmc,accepted,bf8a6aa4-7539-4302-ba36-11c57922d0ee,52.0,2026-06-17T21:00:00+00:00,52.0,56326
2026-06-18,hcmc,accepted,bf8a6aa4-7539-4302-ba36-11c57922d0ee,50.6,2026-06-17T22:00:00+00:00,50.6,56327
2026-06-18,hcmc,accepted,bf8a6aa4-7539-4302-ba36-11c57922d0ee,56.6,2026-06-17T23:00:00+00:00,56.6,56328
2026-06-18,hcmc,accepted,bf8a6aa4-7539-4302-ba36-11c57922d0ee,62.6,2026-06-18T00:00:00+00:00,62.6,56329
2026-06-18,hcmc,accepted,bf8a6aa4-7539-4302-ba36-11c57922d0ee,53.9,2026-06-18T01:00:00+00:00,53.9,56330
2026-06-18,hcmc,accepted,bf8a6aa4-7539-4302-ba36-11c57922d0ee,43.1,2026-06-18T02:00:00+00:00,43.1,56331
2026-06-18,hcmc,accepted,bf8a6aa4-7539-4302-ba36-11c57922d0ee,39.7,2026-06-18T03:00:00+00:00,39.7,56332
2026-06-18,hcmc,accepted,bf8a6aa4-7539-4302-ba36-11c57922d0ee,37.7,2026-06-18T04:00:00+00:00,37.7,56333
2026-06-18,hcmc,accepted,bf8a6aa4-7539-4302-ba36-11c57922d0ee,34.9,2026-06-18T05:00:00+00:00,34.9,56334
2026-06-18,hcmc,accepted,bf8a6aa4-7539-4302-ba36-11c57922d0ee,32.9,2026-06-18T06:00:00+00:00,32.9,56335
2026-06-18,hcmc,accepted,bf8a6aa4-7539-4302-ba36-11c57922d0ee,32.2,2026-06-18T07:00:00+00:00,32.2,56336
2026-06-18,hcmc,accepted,bf8a6aa4-7539-4302-ba36-11c57922d0ee,31.2,2026-06-18T08:00:00+00:00,31.2,56337
2026-06-18,hcmc,accepted,bf8a6aa4-7539-4302-ba36-11c57922d0ee,24.2,2026-06-18T09:00:00+00:00,24.2,56338
2026-06-18,hcmc,accepted,bf8a6aa4-7539-4302-ba36-11c57922d0ee,24.4,2026-06-18T10:00:00+00:00,24.4,56339
2026-06-18,hcmc,accepted,bf8a6aa4-7539-4302-ba36-11c57922d0ee,27.6,2026-06-18T11:00:00+00:00,27.6,56340
2026-06-18,hcmc,accepted,bf8a6aa4-7539-4302-ba36-11c57922d0ee,29.1,2026-06-18T12:00:00+00:00,29.1,56341
2026-06-18,hcmc,accepted,bf8a6aa4-7539-4302-ba36-11c57922d0ee,32.7,2026-06-18T13:00:00+00:00,32.7,56342
2026-06-18,hcmc,accepted,bf8a6aa4-7539-4302-ba36-11c57922d0ee,38.8,2026-06-18T14:00:00+00:00,38.8,56343
2026-06-18,hcmc,accepted,bf8a6aa4-7539-4302-ba36-11c57922d0ee,48.8,2026-06-18T15:00:00+00:00,48.8,56344
2026-06-18,hcmc,accepted,bf8a6aa4-7539-4302-ba36-11c57922d0ee,57.6,2026-06-18T16:00:00+00:00,57.6,56345
2026-06-19,hcmc,accepted,bf8a6aa4-7539-4302-ba36-11c57922d0ee,61.0,2026-06-18T17:00:00+00:00,61.0,56346
2026-06-19,hcmc,accepted,bf8a6aa4-7539-4302-ba36-11c57922d0ee,66.1,2026-06-18T18:00:00+00:00,66.1,56347
2026-06-19,hcmc,accepted,bf8a6aa4-7539-4302-ba36-11c57922d0ee,71.2,2026-06-18T19:00:00+00:00,71.2,56348
2026-06-19,hcmc,accepted,bf8a6aa4-7539-4302-ba36-11c57922d0ee,76.4,2026-06-18T20:00:00+00:00,76.4,56349
2026-06-19,hcmc,accepted,bf8a6aa4-7539-4302-ba36-11c57922d0ee,81.0,2026-06-18T21:00:00+00:00,81.0,56350
2026-06-19,hcmc,accepted,bf8a6aa4-7539-4302-ba36-11c57922d0ee,82.4,2026-06-18T22:00:00+00:00,82.4,56351
2026-06-19,hcmc,accepted,bf8a6aa4-7539-4302-ba36-11c57922d0ee,84.3,2026-06-18T23:00:00+00:00,84.3,56352
2026-06-19,hcmc,accepted,bf8a6aa4-7539-4302-ba36-11c57922d0ee,34.9,2026-06-19T00:00:00+00:00,34.9,56353
2026-06-19,hcmc,accepted,bf8a6aa4-7539-4302-ba36-11c57922d0ee,31.7,2026-06-19T01:00:00+00:00,31.7,56354
2026-06-19,hcmc,accepted,bf8a6aa4-7539-4302-ba36-11c57922d0ee,30.9,2026-06-19T02:00:00+00:00,30.9,56355
2026-06-19,hcmc,accepted,bf8a6aa4-7539-4302-ba36-11c57922d0ee,28.8,2026-06-19T03:00:00+00:00,28.8,56356
2026-06-19,hcmc,accepted,bf8a6aa4-7539-4302-ba36-11c57922d0ee,29.7,2026-06-19T04:00:00+00:00,29.7,56357
2026-06-19,hcmc,accepted,bf8a6aa4-7539-4302-ba36-11c57922d0ee,31.4,2026-06-19T05:00:00+00:00,31.4,56358
2026-06-19,hcmc,accepted,bf8a6aa4-7539-4302-ba36-11c57922d0ee,33.3,2026-06-19T06:00:00+00:00,33.3,56359
2026-06-19,hcmc,accepted,bf8a6aa4-7539-4302-ba36-11c57922d0ee,34.7,2026-06-19T07:00:00+00:00,34.7,56360
2026-06-19,hcmc,accepted,bf8a6aa4-7539-4302-ba36-11c57922d0ee,35.5,2026-06-19T08:00:00+00:00,35.5,56361
2026-06-19,hcmc,accepted,bf8a6aa4-7539-4302-ba36-11c57922d0ee,35.7,2026-06-19T09:00:00+00:00,35.7,56362
2026-06-19,hcmc,accepted,bf8a6aa4-7539-4302-ba36-11c57922d0ee,34.9,2026-06-19T10:00:00+00:00,34.9,56363
2026-06-19,hcmc,accepted,bf8a6aa4-7539-4302-ba36-11c57922d0ee,36.9,2026-06-19T11:00:00+00:00,36.9,56364
2026-06-19,hcmc,accepted,bf8a6aa4-7539-4302-ba36-11c57922d0ee,38.3,2026-06-19T12:00:00+00:00,38.3,56365
2026-06-19,hcmc,accepted,bf8a6aa4-7539-4302-ba36-11c57922d0ee,32.4,2026-06-19T13:00:00+00:00,32.4,56366
2026-06-19,hcmc,accepted,bf8a6aa4-7539-4302-ba36-11c57922d0ee,29.1,2026-06-19T14:00:00+00:00,29.1,56367
2026-06-19,hcmc,accepted,bf8a6aa4-7539-4302-ba36-11c57922d0ee,34.1,2026-06-19T15:00:00+00:00,34.1,56368
2026-06-19,hcmc,accepted,bf8a6aa4-7539-4302-ba36-11c57922d0ee,43.9,2026-06-19T16:00:00+00:00,43.9,56369
2026-06-20,hcmc,accepted,bf8a6aa4-7539-4302-ba36-11c57922d0ee,51.2,2026-06-19T17:00:00+00:00,51.2,56370
2026-06-20,hcmc,accepted,bf8a6aa4-7539-4302-ba36-11c57922d0ee,57.2,2026-06-19T18:00:00+00:00,57.2,56371
2026-06-20,hcmc,accepted,bf8a6aa4-7539-4302-ba36-11c57922d0ee,62.9,2026-06-19T19:00:00+00:00,62.9,56372
2026-06-20,hcmc,accepted,bf8a6aa4-7539-4302-ba36-11c57922d0ee,69.2,2026-06-19T20:00:00+00:00,69.2,56373
2026-06-20,hcmc,accepted,bf8a6aa4-7539-4302-ba36-11c57922d0ee,73.8,2026-06-19T21:00:00+00:00,73.8,56374
2026-06-20,hcmc,accepted,bf8a6aa4-7539-4302-ba36-11c57922d0ee,76.1,2026-06-19T22:00:00+00:00,76.1,56375
2026-06-20,hcmc,accepted,bf8a6aa4-7539-4302-ba36-11c57922d0ee,78.0,2026-06-19T23:00:00+00:00,78.0,56376
2026-06-20,hcmc,accepted,bf8a6aa4-7539-4302-ba36-11c57922d0ee,66.1,2026-06-20T00:00:00+00:00,66.1,56377
2026-06-20,hcmc,accepted,bf8a6aa4-7539-4302-ba36-11c57922d0ee,51.5,2026-06-20T01:00:00+00:00,51.5,56378
2026-06-20,hcmc,accepted,bf8a6aa4-7539-4302-ba36-11c57922d0ee,39.2,2026-06-20T02:00:00+00:00,39.2,56379
2026-06-20,hcmc,accepted,bf8a6aa4-7539-4302-ba36-11c57922d0ee,34.9,2026-06-20T03:00:00+00:00,34.9,56380
2026-06-20,hcmc,accepted,bf8a6aa4-7539-4302-ba36-11c57922d0ee,32.7,2026-06-20T04:00:00+00:00,32.7,56381
2026-06-20,hcmc,accepted,bf8a6aa4-7539-4302-ba36-11c57922d0ee,32.2,2026-06-20T05:00:00+00:00,32.2,56382
2026-06-20,hcmc,accepted,bf8a6aa4-7539-4302-ba36-11c57922d0ee,32.0,2026-06-20T06:00:00+00:00,32.0,56383
2026-06-20,hcmc,accepted,bf8a6aa4-7539-4302-ba36-11c57922d0ee,33.3,2026-06-20T07:00:00+00:00,33.3,56384
2026-06-20,hcmc,accepted,bf8a6aa4-7539-4302-ba36-11c57922d0ee,31.7,2026-06-20T08:00:00+00:00,31.7,56385
2026-06-20,hcmc,accepted,bf8a6aa4-7539-4302-ba36-11c57922d0ee,29.8,2026-06-20T09:00:00+00:00,29.8,56386
2026-06-20,hcmc,accepted,bf8a6aa4-7539-4302-ba36-11c57922d0ee,30.3,2026-06-20T10:00:00+00:00,30.3,56387
2026-06-20,hcmc,accepted,bf8a6aa4-7539-4302-ba36-11c57922d0ee,29.9,2026-06-20T11:00:00+00:00,29.9,56388
2026-06-20,hcmc,accepted,bf8a6aa4-7539-4302-ba36-11c57922d0ee,33.4,2026-06-20T12:00:00+00:00,33.4,56389
2026-06-20,hcmc,accepted,bf8a6aa4-7539-4302-ba36-11c57922d0ee,39.2,2026-06-20T13:00:00+00:00,39.2,56390
2026-06-20,hcmc,accepted,bf8a6aa4-7539-4302-ba36-11c57922d0ee,46.4,2026-06-20T14:00:00+00:00,46.4,56391
2026-06-20,hcmc,accepted,bf8a6aa4-7539-4302-ba36-11c57922d0ee,55.1,2026-06-20T15:00:00+00:00,55.1,56392
2026-06-20,hcmc,accepted,bf8a6aa4-7539-4302-ba36-11c57922d0ee,60.8,2026-06-20T16:00:00+00:00,60.8,56393
2026-06-21,hcmc,accepted,bf8a6aa4-7539-4302-ba36-11c57922d0ee,62.6,2026-06-20T17:00:00+00:00,62.6,56394
2026-06-21,hcmc,accepted,bf8a6aa4-7539-4302-ba36-11c57922d0ee,70.1,2026-06-20T18:00:00+00:00,70.1,56395
2026-06-21,hcmc,accepted,bf8a6aa4-7539-4302-ba36-11c57922d0ee,73.1,2026-06-20T19:00:00+00:00,73.1,56396
2026-06-21,hcmc,accepted,bf8a6aa4-7539-4302-ba36-11c57922d0ee,75.0,2026-06-20T20:00:00+00:00,75.0,56397
2026-06-21,hcmc,accepted,bf8a6aa4-7539-4302-ba36-11c57922d0ee,70.8,2026-06-20T21:00:00+00:00,70.8,56398
2026-06-21,hcmc,accepted,bf8a6aa4-7539-4302-ba36-11c57922d0ee,74.0,2026-06-20T22:00:00+00:00,74.0,56399
2026-06-21,hcmc,accepted,bf8a6aa4-7539-4302-ba36-11c57922d0ee,76.4,2026-06-20T23:00:00+00:00,76.4,56400
2026-06-21,hcmc,accepted,bf8a6aa4-7539-4302-ba36-11c57922d0ee,51.1,2026-06-21T00:00:00+00:00,51.1,56401
2026-06-21,hcmc,accepted,bf8a6aa4-7539-4302-ba36-11c57922d0ee,36.9,2026-06-21T01:00:00+00:00,36.9,56402
2026-06-21,hcmc,accepted,bf8a6aa4-7539-4302-ba36-11c57922d0ee,30.5,2026-06-21T02:00:00+00:00,30.5,56403
2026-06-21,hcmc,accepted,bf8a6aa4-7539-4302-ba36-11c57922d0ee,26.5,2026-06-21T03:00:00+00:00,26.5,56404
2026-06-21,hcmc,accepted,bf8a6aa4-7539-4302-ba36-11c57922d0ee,23.6,2026-06-21T04:00:00+00:00,23.6,56405
2026-06-21,hcmc,accepted,bf8a6aa4-7539-4302-ba36-11c57922d0ee,24.4,2026-06-21T05:00:00+00:00,24.4,56406
2026-06-21,hcmc,accepted,bf8a6aa4-7539-4302-ba36-11c57922d0ee,25.9,2026-06-21T06:00:00+00:00,25.9,56407
2026-06-21,hcmc,accepted,bf8a6aa4-7539-4302-ba36-11c57922d0ee,26.4,2026-06-21T07:00:00+00:00,26.4,56408
2026-06-21,hcmc,accepted,bf8a6aa4-7539-4302-ba36-11c57922d0ee,26.4,2026-06-21T08:00:00+00:00,26.4,56409
2026-06-21,hcmc,accepted,bf8a6aa4-7539-4302-ba36-11c57922d0ee,25.0,2026-06-21T09:00:00+00:00,25.0,56410
2026-06-21,hcmc,accepted,bf8a6aa4-7539-4302-ba36-11c57922d0ee,25.4,2026-06-21T10:00:00+00:00,25.4,56411
2026-06-21,hcmc,accepted,bf8a6aa4-7539-4302-ba36-11c57922d0ee,32.1,2026-06-21T11:00:00+00:00,32.1,56412
2026-06-21,hcmc,accepted,bf8a6aa4-7539-4302-ba36-11c57922d0ee,50.2,2026-06-21T12:00:00+00:00,50.2,56413
2026-06-21,hcmc,accepted,bf8a6aa4-7539-4302-ba36-11c57922d0ee,71.0,2026-06-21T13:00:00+00:00,71.0,56414
2026-06-21,hcmc,accepted,bf8a6aa4-7539-4302-ba36-11c57922d0ee,85.2,2026-06-21T14:00:00+00:00,85.2,56415
2026-06-21,hcmc,accepted,bf8a6aa4-7539-4302-ba36-11c57922d0ee,100.8,2026-06-21T15:00:00+00:00,100.8,56416
2026-06-21,hcmc,accepted,bf8a6aa4-7539-4302-ba36-11c57922d0ee,107.6,2026-06-21T16:00:00+00:00,107.6,56417
2026-06-22,hcmc,accepted,bf8a6aa4-7539-4302-ba36-11c57922d0ee,113.6,2026-06-21T17:00:00+00:00,113.6,56418
2026-06-22,hcmc,accepted,bf8a6aa4-7539-4302-ba36-11c57922d0ee,116.2,2026-06-21T18:00:00+00:00,116.2,56419
2026-06-22,hcmc,accepted,bf8a6aa4-7539-4302-ba36-11c57922d0ee,116.4,2026-06-21T19:00:00+00:00,116.4,56420
2026-06-22,hcmc,accepted,bf8a6aa4-7539-4302-ba36-11c57922d0ee,110.6,2026-06-21T20:00:00+00:00,110.6,56421
2026-06-22,hcmc,accepted,bf8a6aa4-7539-4302-ba36-11c57922d0ee,112.7,2026-06-21T21:00:00+00:00,112.7,56422
2026-06-22,hcmc,accepted,bf8a6aa4-7539-4302-ba36-11c57922d0ee,113.4,2026-06-21T22:00:00+00:00,113.4,56423
2026-06-22,hcmc,accepted,bf8a6aa4-7539-4302-ba36-11c57922d0ee,107.8,2026-06-21T23:00:00+00:00,107.8,56424
2026-06-22,hcmc,accepted,e35eb720-1ada-4f74-af63-a676a1a0fe1b,61.0,2026-06-22T00:00:00+00:00,61.0,57433
2026-06-22,hcmc,accepted,e35eb720-1ada-4f74-af63-a676a1a0fe1b,44.8,2026-06-22T01:00:00+00:00,44.8,57434
2026-06-22,hcmc,accepted,e35eb720-1ada-4f74-af63-a676a1a0fe1b,32.1,2026-06-22T02:00:00+00:00,32.1,57435
2026-06-22,hcmc,accepted,e35eb720-1ada-4f74-af63-a676a1a0fe1b,26.7,2026-06-22T03:00:00+00:00,26.7,57436
2026-06-22,hcmc,accepted,e35eb720-1ada-4f74-af63-a676a1a0fe1b,24.0,2026-06-22T04:00:00+00:00,24.0,57437
2026-06-22,hcmc,accepted,e35eb720-1ada-4f74-af63-a676a1a0fe1b,26.4,2026-06-22T05:00:00+00:00,26.4,57438
2026-06-22,hcmc,accepted,e35eb720-1ada-4f74-af63-a676a1a0fe1b,29.5,2026-06-22T06:00:00+00:00,29.5,57439
2026-06-22,hcmc,accepted,e35eb720-1ada-4f74-af63-a676a1a0fe1b,32.8,2026-06-22T07:00:00+00:00,32.8,57440
2026-06-22,hcmc,accepted,e35eb720-1ada-4f74-af63-a676a1a0fe1b,34.7,2026-06-22T08:00:00+00:00,34.7,57441
2026-06-22,hcmc,accepted,e35eb720-1ada-4f74-af63-a676a1a0fe1b,36.2,2026-06-22T09:00:00+00:00,36.2,57442
2026-06-22,hcmc,accepted,e35eb720-1ada-4f74-af63-a676a1a0fe1b,38.3,2026-06-22T10:00:00+00:00,38.3,57443
2026-06-22,hcmc,accepted,e35eb720-1ada-4f74-af63-a676a1a0fe1b,33.8,2026-06-22T11:00:00+00:00,33.8,57444
2026-06-22,hcmc,accepted,e35eb720-1ada-4f74-af63-a676a1a0fe1b,90.6,2026-06-22T12:00:00+00:00,90.6,57445
2026-06-22,hcmc,accepted,e35eb720-1ada-4f74-af63-a676a1a0fe1b,86.4,2026-06-22T13:00:00+00:00,86.4,57446
2026-06-22,hcmc,accepted,e35eb720-1ada-4f74-af63-a676a1a0fe1b,86.4,2026-06-22T14:00:00+00:00,86.4,57447
2026-06-22,hcmc,accepted,e35eb720-1ada-4f74-af63-a676a1a0fe1b,76.6,2026-06-22T15:00:00+00:00,76.6,57448
2026-06-22,hcmc,accepted,e35eb720-1ada-4f74-af63-a676a1a0fe1b,62.4,2026-06-22T16:00:00+00:00,62.4,57449
2026-06-23,hcmc,accepted,e35eb720-1ada-4f74-af63-a676a1a0fe1b,61.9,2026-06-22T17:00:00+00:00,61.9,57450
2026-06-23,hcmc,accepted,e35eb720-1ada-4f74-af63-a676a1a0fe1b,63.6,2026-06-22T18:00:00+00:00,63.6,57451
2026-06-23,hcmc,accepted,e35eb720-1ada-4f74-af63-a676a1a0fe1b,56.8,2026-06-22T19:00:00+00:00,56.8,57452
2026-06-23,hcmc,accepted,e35eb720-1ada-4f74-af63-a676a1a0fe1b,58.8,2026-06-22T20:00:00+00:00,58.8,57453
2026-06-23,hcmc,accepted,e35eb720-1ada-4f74-af63-a676a1a0fe1b,62.9,2026-06-22T21:00:00+00:00,62.9,57454
2026-06-23,hcmc,accepted,e35eb720-1ada-4f74-af63-a676a1a0fe1b,66.8,2026-06-22T22:00:00+00:00,66.8,57455
2026-06-23,hcmc,accepted,e35eb720-1ada-4f74-af63-a676a1a0fe1b,70.1,2026-06-22T23:00:00+00:00,70.1,57456
2026-06-23,hcmc,accepted,e35eb720-1ada-4f74-af63-a676a1a0fe1b,42.5,2026-06-23T00:00:00+00:00,42.5,57457
2026-06-23,hcmc,accepted,e35eb720-1ada-4f74-af63-a676a1a0fe1b,41.7,2026-06-23T01:00:00+00:00,41.7,57458
2026-06-23,hcmc,accepted,e35eb720-1ada-4f74-af63-a676a1a0fe1b,36.9,2026-06-23T02:00:00+00:00,36.9,57459
2026-06-23,hcmc,accepted,e35eb720-1ada-4f74-af63-a676a1a0fe1b,36.4,2026-06-23T03:00:00+00:00,36.4,57460
2026-06-23,hcmc,accepted,e35eb720-1ada-4f74-af63-a676a1a0fe1b,36.1,2026-06-23T04:00:00+00:00,36.1,57461
2026-06-23,hcmc,accepted,e35eb720-1ada-4f74-af63-a676a1a0fe1b,33.9,2026-06-23T05:00:00+00:00,33.9,57462
2026-06-23,hcmc,accepted,e35eb720-1ada-4f74-af63-a676a1a0fe1b,32.2,2026-06-23T06:00:00+00:00,32.2,57463
2026-06-23,hcmc,accepted,e35eb720-1ada-4f74-af63-a676a1a0fe1b,33.2,2026-06-23T07:00:00+00:00,33.2,57464
2026-06-23,hcmc,accepted,e35eb720-1ada-4f74-af63-a676a1a0fe1b,33.3,2026-06-23T08:00:00+00:00,33.3,57465
2026-06-23,hcmc,accepted,e35eb720-1ada-4f74-af63-a676a1a0fe1b,34.8,2026-06-23T09:00:00+00:00,34.8,57466
2026-06-23,hcmc,accepted,e35eb720-1ada-4f74-af63-a676a1a0fe1b,37.8,2026-06-23T10:00:00+00:00,37.8,57467
2026-06-23,hcmc,accepted,e35eb720-1ada-4f74-af63-a676a1a0fe1b,44.4,2026-06-23T11:00:00+00:00,44.4,57468
2026-06-23,hcmc,accepted,e35eb720-1ada-4f74-af63-a676a1a0fe1b,38.9,2026-06-23T12:00:00+00:00,38.9,57469
2026-06-23,hcmc,accepted,e35eb720-1ada-4f74-af63-a676a1a0fe1b,51.1,2026-06-23T13:00:00+00:00,51.1,57470
2026-06-23,hcmc,accepted,e35eb720-1ada-4f74-af63-a676a1a0fe1b,51.0,2026-06-23T14:00:00+00:00,51.0,57471
2026-06-23,hcmc,accepted,e35eb720-1ada-4f74-af63-a676a1a0fe1b,44.4,2026-06-23T15:00:00+00:00,44.4,57472
2026-06-23,hcmc,accepted,e35eb720-1ada-4f74-af63-a676a1a0fe1b,38.2,2026-06-23T16:00:00+00:00,38.2,57473
2026-06-24,hcmc,accepted,e35eb720-1ada-4f74-af63-a676a1a0fe1b,37.6,2026-06-23T17:00:00+00:00,37.6,57474
2026-06-24,hcmc,accepted,e35eb720-1ada-4f74-af63-a676a1a0fe1b,43.3,2026-06-23T18:00:00+00:00,43.3,57475
2026-06-24,hcmc,accepted,e35eb720-1ada-4f74-af63-a676a1a0fe1b,46.0,2026-06-23T19:00:00+00:00,46.0,57476
2026-06-24,hcmc,accepted,e35eb720-1ada-4f74-af63-a676a1a0fe1b,49.4,2026-06-23T20:00:00+00:00,49.4,57477
2026-06-24,hcmc,accepted,e35eb720-1ada-4f74-af63-a676a1a0fe1b,53.7,2026-06-23T21:00:00+00:00,53.7,57478
2026-06-24,hcmc,accepted,e35eb720-1ada-4f74-af63-a676a1a0fe1b,56.2,2026-06-23T22:00:00+00:00,56.2,57479
2026-06-24,hcmc,accepted,e35eb720-1ada-4f74-af63-a676a1a0fe1b,67.8,2026-06-23T23:00:00+00:00,67.8,57480
2026-06-24,hcmc,accepted,e35eb720-1ada-4f74-af63-a676a1a0fe1b,72.6,2026-06-24T00:00:00+00:00,72.6,57481
2026-06-24,hcmc,accepted,e35eb720-1ada-4f74-af63-a676a1a0fe1b,63.6,2026-06-24T01:00:00+00:00,63.6,57482
2026-06-24,hcmc,accepted,e35eb720-1ada-4f74-af63-a676a1a0fe1b,51.2,2026-06-24T02:00:00+00:00,51.2,57483
2026-06-24,hcmc,accepted,e35eb720-1ada-4f74-af63-a676a1a0fe1b,42.3,2026-06-24T03:00:00+00:00,42.3,57484
2026-06-24,hcmc,accepted,e35eb720-1ada-4f74-af63-a676a1a0fe1b,41.8,2026-06-24T04:00:00+00:00,41.8,57485
2026-06-24,hcmc,accepted,e35eb720-1ada-4f74-af63-a676a1a0fe1b,40.3,2026-06-24T05:00:00+00:00,40.3,57486
2026-06-24,hcmc,accepted,e35eb720-1ada-4f74-af63-a676a1a0fe1b,38.5,2026-06-24T06:00:00+00:00,38.5,57487
2026-06-24,hcmc,accepted,e35eb720-1ada-4f74-af63-a676a1a0fe1b,37.4,2026-06-24T07:00:00+00:00,37.4,57488
2026-06-24,hcmc,accepted,e35eb720-1ada-4f74-af63-a676a1a0fe1b,37.4,2026-06-24T08:00:00+00:00,37.4,57489
2026-06-24,hcmc,accepted,e35eb720-1ada-4f74-af63-a676a1a0fe1b,36.0,2026-06-24T09:00:00+00:00,36.0,57490
2026-06-24,hcmc,accepted,e35eb720-1ada-4f74-af63-a676a1a0fe1b,38.1,2026-06-24T10:00:00+00:00,38.1,57491
2026-06-24,hcmc,accepted,e35eb720-1ada-4f74-af63-a676a1a0fe1b,50.5,2026-06-24T11:00:00+00:00,50.5,57492
2026-06-24,hcmc,accepted,e35eb720-1ada-4f74-af63-a676a1a0fe1b,61.9,2026-06-24T12:00:00+00:00,61.9,57493
2026-06-24,hcmc,accepted,e35eb720-1ada-4f74-af63-a676a1a0fe1b,65.4,2026-06-24T13:00:00+00:00,65.4,57494
2026-06-24,hcmc,accepted,e35eb720-1ada-4f74-af63-a676a1a0fe1b,63.6,2026-06-24T14:00:00+00:00,63.6,57495
2026-06-24,hcmc,accepted,e35eb720-1ada-4f74-af63-a676a1a0fe1b,53.2,2026-06-24T15:00:00+00:00,53.2,57496
2026-06-24,hcmc,accepted,e35eb720-1ada-4f74-af63-a676a1a0fe1b,42.8,2026-06-24T16:00:00+00:00,42.8,57497
2026-06-25,hcmc,accepted,e35eb720-1ada-4f74-af63-a676a1a0fe1b,36.7,2026-06-24T17:00:00+00:00,36.7,57498
2026-06-25,hcmc,accepted,e35eb720-1ada-4f74-af63-a676a1a0fe1b,33.8,2026-06-24T18:00:00+00:00,33.8,57499
2026-06-25,hcmc,accepted,e35eb720-1ada-4f74-af63-a676a1a0fe1b,32.4,2026-06-24T19:00:00+00:00,32.4,57500
2026-06-25,hcmc,accepted,e35eb720-1ada-4f74-af63-a676a1a0fe1b,32.7,2026-06-24T20:00:00+00:00,32.7,57501
2026-06-25,hcmc,accepted,e35eb720-1ada-4f74-af63-a676a1a0fe1b,34.5,2026-06-24T21:00:00+00:00,34.5,57502
2026-06-25,hcmc,accepted,e35eb720-1ada-4f74-af63-a676a1a0fe1b,37.0,2026-06-24T22:00:00+00:00,37.0,57503
2026-06-25,hcmc,accepted,e35eb720-1ada-4f74-af63-a676a1a0fe1b,39.5,2026-06-24T23:00:00+00:00,39.5,57504
2026-06-25,hcmc,accepted,e35eb720-1ada-4f74-af63-a676a1a0fe1b,34.7,2026-06-25T00:00:00+00:00,34.7,57505
2026-06-25,hcmc,accepted,e35eb720-1ada-4f74-af63-a676a1a0fe1b,26.9,2026-06-25T01:00:00+00:00,26.9,57506
2026-06-25,hcmc,accepted,e35eb720-1ada-4f74-af63-a676a1a0fe1b,25.1,2026-06-25T02:00:00+00:00,25.1,57507
2026-06-25,hcmc,accepted,e35eb720-1ada-4f74-af63-a676a1a0fe1b,23.4,2026-06-25T03:00:00+00:00,23.4,57508
2026-06-25,hcmc,accepted,e35eb720-1ada-4f74-af63-a676a1a0fe1b,21.5,2026-06-25T04:00:00+00:00,21.5,57509
2026-06-25,hcmc,accepted,e35eb720-1ada-4f74-af63-a676a1a0fe1b,21.0,2026-06-25T05:00:00+00:00,21.0,57510
2026-06-25,hcmc,accepted,e35eb720-1ada-4f74-af63-a676a1a0fe1b,21.8,2026-06-25T06:00:00+00:00,21.8,57511
2026-06-25,hcmc,accepted,e35eb720-1ada-4f74-af63-a676a1a0fe1b,23.0,2026-06-25T07:00:00+00:00,23.0,57512
2026-06-25,hcmc,accepted,e35eb720-1ada-4f74-af63-a676a1a0fe1b,22.9,2026-06-25T08:00:00+00:00,22.9,57513
2026-06-25,hcmc,accepted,e35eb720-1ada-4f74-af63-a676a1a0fe1b,23.5,2026-06-25T09:00:00+00:00,23.5,57514
2026-06-25,hcmc,accepted,e35eb720-1ada-4f74-af63-a676a1a0fe1b,23.7,2026-06-25T10:00:00+00:00,23.7,57515
2026-06-25,hcmc,accepted,e35eb720-1ada-4f74-af63-a676a1a0fe1b,31.2,2026-06-25T11:00:00+00:00,31.2,57516
2026-06-25,hcmc,accepted,e35eb720-1ada-4f74-af63-a676a1a0fe1b,30.2,2026-06-25T12:00:00+00:00,30.2,57517
2026-06-25,hcmc,accepted,e35eb720-1ada-4f74-af63-a676a1a0fe1b,31.7,2026-06-25T13:00:00+00:00,31.7,57518
2026-06-25,hcmc,accepted,e35eb720-1ada-4f74-af63-a676a1a0fe1b,37.8,2026-06-25T14:00:00+00:00,37.8,57519
2026-06-25,hcmc,accepted,e35eb720-1ada-4f74-af63-a676a1a0fe1b,43.9,2026-06-25T15:00:00+00:00,43.9,57520
2026-06-25,hcmc,accepted,e35eb720-1ada-4f74-af63-a676a1a0fe1b,44.6,2026-06-25T16:00:00+00:00,44.6,57521
2026-06-26,hcmc,accepted,e35eb720-1ada-4f74-af63-a676a1a0fe1b,42.3,2026-06-25T17:00:00+00:00,42.3,57522
2026-06-26,hcmc,accepted,e35eb720-1ada-4f74-af63-a676a1a0fe1b,42.3,2026-06-25T18:00:00+00:00,42.3,57523
2026-06-26,hcmc,accepted,e35eb720-1ada-4f74-af63-a676a1a0fe1b,44.5,2026-06-25T19:00:00+00:00,44.5,57524
2026-06-26,hcmc,accepted,e35eb720-1ada-4f74-af63-a676a1a0fe1b,47.8,2026-06-25T20:00:00+00:00,47.8,57525
2026-06-26,hcmc,accepted,e35eb720-1ada-4f74-af63-a676a1a0fe1b,47.0,2026-06-25T21:00:00+00:00,47.0,57526
2026-06-26,hcmc,accepted,e35eb720-1ada-4f74-af63-a676a1a0fe1b,49.7,2026-06-25T22:00:00+00:00,49.7,57527
2026-06-26,hcmc,accepted,e35eb720-1ada-4f74-af63-a676a1a0fe1b,54.9,2026-06-25T23:00:00+00:00,54.9,57528
2026-06-26,hcmc,accepted,e35eb720-1ada-4f74-af63-a676a1a0fe1b,36.6,2026-06-26T00:00:00+00:00,36.6,57529
2026-06-26,hcmc,accepted,e35eb720-1ada-4f74-af63-a676a1a0fe1b,35.6,2026-06-26T01:00:00+00:00,35.6,57530
2026-06-26,hcmc,accepted,e35eb720-1ada-4f74-af63-a676a1a0fe1b,29.3,2026-06-26T02:00:00+00:00,29.3,57531
2026-06-26,hcmc,accepted,e35eb720-1ada-4f74-af63-a676a1a0fe1b,27.9,2026-06-26T03:00:00+00:00,27.9,57532
2026-06-26,hcmc,accepted,e35eb720-1ada-4f74-af63-a676a1a0fe1b,27.6,2026-06-26T04:00:00+00:00,27.6,57533
2026-06-26,hcmc,accepted,e35eb720-1ada-4f74-af63-a676a1a0fe1b,27.5,2026-06-26T05:00:00+00:00,27.5,57534
2026-06-26,hcmc,accepted,e35eb720-1ada-4f74-af63-a676a1a0fe1b,27.6,2026-06-26T06:00:00+00:00,27.6,57535
2026-06-26,hcmc,accepted,e35eb720-1ada-4f74-af63-a676a1a0fe1b,27.0,2026-06-26T07:00:00+00:00,27.0,57536
2026-06-26,hcmc,accepted,e35eb720-1ada-4f74-af63-a676a1a0fe1b,28.2,2026-06-26T08:00:00+00:00,28.2,57537
2026-06-26,hcmc,accepted,e35eb720-1ada-4f74-af63-a676a1a0fe1b,27.8,2026-06-26T09:00:00+00:00,27.8,57538
2026-06-26,hcmc,accepted,e35eb720-1ada-4f74-af63-a676a1a0fe1b,26.7,2026-06-26T10:00:00+00:00,26.7,57539
2026-06-26,hcmc,accepted,e35eb720-1ada-4f74-af63-a676a1a0fe1b,26.5,2026-06-26T11:00:00+00:00,26.5,57540
2026-06-26,hcmc,accepted,e35eb720-1ada-4f74-af63-a676a1a0fe1b,36.8,2026-06-26T12:00:00+00:00,36.8,57541
2026-06-26,hcmc,accepted,e35eb720-1ada-4f74-af63-a676a1a0fe1b,42.7,2026-06-26T13:00:00+00:00,42.7,57542
2026-06-26,hcmc,accepted,e35eb720-1ada-4f74-af63-a676a1a0fe1b,46.4,2026-06-26T14:00:00+00:00,46.4,57543
2026-06-26,hcmc,accepted,e35eb720-1ada-4f74-af63-a676a1a0fe1b,49.9,2026-06-26T15:00:00+00:00,49.9,57544
2026-06-26,hcmc,accepted,e35eb720-1ada-4f74-af63-a676a1a0fe1b,49.5,2026-06-26T16:00:00+00:00,49.5,57545
2026-06-27,hcmc,accepted,e35eb720-1ada-4f74-af63-a676a1a0fe1b,45.8,2026-06-26T17:00:00+00:00,45.8,57546
2026-06-27,hcmc,accepted,e35eb720-1ada-4f74-af63-a676a1a0fe1b,43.1,2026-06-26T18:00:00+00:00,43.1,57547
2026-06-27,hcmc,accepted,e35eb720-1ada-4f74-af63-a676a1a0fe1b,41.3,2026-06-26T19:00:00+00:00,41.3,57548
2026-06-27,hcmc,accepted,e35eb720-1ada-4f74-af63-a676a1a0fe1b,40.3,2026-06-26T20:00:00+00:00,40.3,57549
2026-06-27,hcmc,accepted,e35eb720-1ada-4f74-af63-a676a1a0fe1b,41.3,2026-06-26T21:00:00+00:00,41.3,57550
2026-06-27,hcmc,accepted,e35eb720-1ada-4f74-af63-a676a1a0fe1b,44.2,2026-06-26T22:00:00+00:00,44.2,57551
2026-06-27,hcmc,accepted,e35eb720-1ada-4f74-af63-a676a1a0fe1b,48.7,2026-06-26T23:00:00+00:00,48.7,57552
2026-06-27,hcmc,accepted,e35eb720-1ada-4f74-af63-a676a1a0fe1b,27.6,2026-06-27T00:00:00+00:00,27.6,57553
2026-06-27,hcmc,accepted,e35eb720-1ada-4f74-af63-a676a1a0fe1b,24.9,2026-06-27T01:00:00+00:00,24.9,57554
2026-06-27,hcmc,accepted,e35eb720-1ada-4f74-af63-a676a1a0fe1b,24.7,2026-06-27T02:00:00+00:00,24.7,57555
2026-06-27,hcmc,accepted,e35eb720-1ada-4f74-af63-a676a1a0fe1b,25.6,2026-06-27T03:00:00+00:00,25.6,57556
2026-06-27,hcmc,accepted,e35eb720-1ada-4f74-af63-a676a1a0fe1b,25.6,2026-06-27T04:00:00+00:00,25.6,57557
2026-06-27,hcmc,accepted,e35eb720-1ada-4f74-af63-a676a1a0fe1b,22.3,2026-06-27T05:00:00+00:00,22.3,57558
2026-06-27,hcmc,accepted,e35eb720-1ada-4f74-af63-a676a1a0fe1b,20.9,2026-06-27T06:00:00+00:00,20.9,57559
2026-06-27,hcmc,accepted,e35eb720-1ada-4f74-af63-a676a1a0fe1b,24.9,2026-06-27T07:00:00+00:00,24.9,57560
2026-06-27,hcmc,accepted,e35eb720-1ada-4f74-af63-a676a1a0fe1b,25.1,2026-06-27T08:00:00+00:00,25.1,57561
2026-06-27,hcmc,accepted,e35eb720-1ada-4f74-af63-a676a1a0fe1b,24.6,2026-06-27T09:00:00+00:00,24.6,57562
2026-06-27,hcmc,accepted,e35eb720-1ada-4f74-af63-a676a1a0fe1b,25.8,2026-06-27T10:00:00+00:00,25.8,57563
2026-06-27,hcmc,accepted,e35eb720-1ada-4f74-af63-a676a1a0fe1b,32.9,2026-06-27T11:00:00+00:00,32.9,57564
2026-06-27,hcmc,accepted,e35eb720-1ada-4f74-af63-a676a1a0fe1b,40.2,2026-06-27T12:00:00+00:00,40.2,57565
2026-06-27,hcmc,accepted,e35eb720-1ada-4f74-af63-a676a1a0fe1b,41.6,2026-06-27T13:00:00+00:00,41.6,57566
2026-06-27,hcmc,accepted,e35eb720-1ada-4f74-af63-a676a1a0fe1b,41.9,2026-06-27T14:00:00+00:00,41.9,57567
2026-06-27,hcmc,accepted,e35eb720-1ada-4f74-af63-a676a1a0fe1b,41.4,2026-06-27T15:00:00+00:00,41.4,57568
2026-06-27,hcmc,accepted,e35eb720-1ada-4f74-af63-a676a1a0fe1b,40.5,2026-06-27T16:00:00+00:00,40.5,57569
2026-06-28,hcmc,accepted,e35eb720-1ada-4f74-af63-a676a1a0fe1b,39.6,2026-06-27T17:00:00+00:00,39.6,57570
2026-06-28,hcmc,accepted,e35eb720-1ada-4f74-af63-a676a1a0fe1b,40.4,2026-06-27T18:00:00+00:00,40.4,57571
2026-06-28,hcmc,accepted,e35eb720-1ada-4f74-af63-a676a1a0fe1b,42.8,2026-06-27T19:00:00+00:00,42.8,57572
2026-06-28,hcmc,accepted,e35eb720-1ada-4f74-af63-a676a1a0fe1b,46.1,2026-06-27T20:00:00+00:00,46.1,57573
2026-06-28,hcmc,accepted,e35eb720-1ada-4f74-af63-a676a1a0fe1b,49.9,2026-06-27T21:00:00+00:00,49.9,57574
2026-06-28,hcmc,accepted,e35eb720-1ada-4f74-af63-a676a1a0fe1b,54.0,2026-06-27T22:00:00+00:00,54.0,57575
2026-06-28,hcmc,accepted,e35eb720-1ada-4f74-af63-a676a1a0fe1b,61.2,2026-06-27T23:00:00+00:00,61.2,57576
2026-06-28,hcmc,accepted,e35eb720-1ada-4f74-af63-a676a1a0fe1b,48.3,2026-06-28T00:00:00+00:00,48.3,57577
2026-06-28,hcmc,accepted,e35eb720-1ada-4f74-af63-a676a1a0fe1b,33.1,2026-06-28T01:00:00+00:00,33.1,57578
2026-06-28,hcmc,accepted,e35eb720-1ada-4f74-af63-a676a1a0fe1b,22.5,2026-06-28T02:00:00+00:00,22.5,57579
2026-06-28,hcmc,accepted,e35eb720-1ada-4f74-af63-a676a1a0fe1b,21.9,2026-06-28T03:00:00+00:00,21.9,57580
2026-06-28,hcmc,accepted,e35eb720-1ada-4f74-af63-a676a1a0fe1b,23.8,2026-06-28T04:00:00+00:00,23.8,57581
2026-06-28,hcmc,accepted,e35eb720-1ada-4f74-af63-a676a1a0fe1b,25.6,2026-06-28T05:00:00+00:00,25.6,57582
2026-06-28,hcmc,accepted,e35eb720-1ada-4f74-af63-a676a1a0fe1b,25.3,2026-06-28T06:00:00+00:00,25.3,57583
2026-06-28,hcmc,accepted,e35eb720-1ada-4f74-af63-a676a1a0fe1b,23.7,2026-06-28T07:00:00+00:00,23.7,57584
2026-06-28,hcmc,accepted,e35eb720-1ada-4f74-af63-a676a1a0fe1b,24.6,2026-06-28T08:00:00+00:00,24.6,57585
2026-06-28,hcmc,accepted,e35eb720-1ada-4f74-af63-a676a1a0fe1b,23.9,2026-06-28T09:00:00+00:00,23.9,57586
2026-06-28,hcmc,accepted,e35eb720-1ada-4f74-af63-a676a1a0fe1b,23.5,2026-06-28T10:00:00+00:00,23.5,57587
2026-06-28,hcmc,accepted,e35eb720-1ada-4f74-af63-a676a1a0fe1b,27.4,2026-06-28T11:00:00+00:00,27.4,57588
2026-06-28,hcmc,accepted,e35eb720-1ada-4f74-af63-a676a1a0fe1b,31.7,2026-06-28T12:00:00+00:00,31.7,57589
2026-06-28,hcmc,accepted,e35eb720-1ada-4f74-af63-a676a1a0fe1b,43.5,2026-06-28T13:00:00+00:00,43.5,57590
2026-06-28,hcmc,accepted,e35eb720-1ada-4f74-af63-a676a1a0fe1b,52.5,2026-06-28T14:00:00+00:00,52.5,57591
2026-06-28,hcmc,accepted,e35eb720-1ada-4f74-af63-a676a1a0fe1b,52.0,2026-06-28T15:00:00+00:00,52.0,57592
2026-06-28,hcmc,accepted,e35eb720-1ada-4f74-af63-a676a1a0fe1b,49.1,2026-06-28T16:00:00+00:00,49.1,57593
2026-06-29,hcmc,accepted,e35eb720-1ada-4f74-af63-a676a1a0fe1b,49.1,2026-06-28T17:00:00+00:00,49.1,57594
2026-06-29,hcmc,accepted,e35eb720-1ada-4f74-af63-a676a1a0fe1b,48.7,2026-06-28T18:00:00+00:00,48.7,57595
2026-06-29,hcmc,accepted,e35eb720-1ada-4f74-af63-a676a1a0fe1b,46.6,2026-06-28T19:00:00+00:00,46.6,57596
2026-06-29,hcmc,accepted,e35eb720-1ada-4f74-af63-a676a1a0fe1b,43.4,2026-06-28T20:00:00+00:00,43.4,57597
2026-06-29,hcmc,accepted,e35eb720-1ada-4f74-af63-a676a1a0fe1b,40.0,2026-06-28T21:00:00+00:00,40.0,57598
2026-06-29,hcmc,accepted,e35eb720-1ada-4f74-af63-a676a1a0fe1b,36.1,2026-06-28T22:00:00+00:00,36.1,57599
2026-06-29,hcmc,accepted,e35eb720-1ada-4f74-af63-a676a1a0fe1b,38.2,2026-06-28T23:00:00+00:00,38.2,57600
2026-06-29,hcmc,accepted,67d96ba8-365f-44ac-821b-f39783575e74,39.7,2026-06-29T00:00:00+00:00,39.7,58609
2026-06-29,hcmc,accepted,67d96ba8-365f-44ac-821b-f39783575e74,33.4,2026-06-29T01:00:00+00:00,33.4,58610
2026-06-29,hcmc,accepted,67d96ba8-365f-44ac-821b-f39783575e74,25.6,2026-06-29T02:00:00+00:00,25.6,58611
2026-06-29,hcmc,accepted,67d96ba8-365f-44ac-821b-f39783575e74,21.6,2026-06-29T03:00:00+00:00,21.6,58612
2026-06-29,hcmc,accepted,67d96ba8-365f-44ac-821b-f39783575e74,22.5,2026-06-29T04:00:00+00:00,22.5,58613
2026-06-29,hcmc,accepted,67d96ba8-365f-44ac-821b-f39783575e74,22.4,2026-06-29T05:00:00+00:00,22.4,58614
2026-06-29,hcmc,accepted,67d96ba8-365f-44ac-821b-f39783575e74,23.5,2026-06-29T06:00:00+00:00,23.5,58615
2026-06-29,hcmc,accepted,67d96ba8-365f-44ac-821b-f39783575e74,24.9,2026-06-29T07:00:00+00:00,24.9,58616
2026-06-29,hcmc,accepted,67d96ba8-365f-44ac-821b-f39783575e74,27.9,2026-06-29T08:00:00+00:00,27.9,58617
2026-06-29,hcmc,accepted,67d96ba8-365f-44ac-821b-f39783575e74,25.1,2026-06-29T09:00:00+00:00,25.1,58618
2026-06-29,hcmc,accepted,67d96ba8-365f-44ac-821b-f39783575e74,21.2,2026-06-29T10:00:00+00:00,21.2,58619
2026-06-29,hcmc,accepted,67d96ba8-365f-44ac-821b-f39783575e74,25.0,2026-06-29T11:00:00+00:00,25.0,58620
2026-06-29,hcmc,accepted,67d96ba8-365f-44ac-821b-f39783575e74,37.5,2026-06-29T12:00:00+00:00,37.5,58621
2026-06-29,hcmc,accepted,67d96ba8-365f-44ac-821b-f39783575e74,39.3,2026-06-29T13:00:00+00:00,39.3,58622
2026-06-29,hcmc,accepted,67d96ba8-365f-44ac-821b-f39783575e74,39.8,2026-06-29T14:00:00+00:00,39.8,58623
2026-06-29,hcmc,accepted,67d96ba8-365f-44ac-821b-f39783575e74,45.4,2026-06-29T15:00:00+00:00,45.4,58624
2026-06-29,hcmc,accepted,67d96ba8-365f-44ac-821b-f39783575e74,44.6,2026-06-29T16:00:00+00:00,44.6,58625
2026-06-30,hcmc,accepted,67d96ba8-365f-44ac-821b-f39783575e74,42.7,2026-06-29T17:00:00+00:00,42.7,58626
2026-06-30,hcmc,accepted,67d96ba8-365f-44ac-821b-f39783575e74,43.1,2026-06-29T18:00:00+00:00,43.1,58627
2026-06-30,hcmc,accepted,67d96ba8-365f-44ac-821b-f39783575e74,41.3,2026-06-29T19:00:00+00:00,41.3,58628
2026-06-30,hcmc,accepted,67d96ba8-365f-44ac-821b-f39783575e74,39.8,2026-06-29T20:00:00+00:00,39.8,58629
2026-06-30,hcmc,accepted,67d96ba8-365f-44ac-821b-f39783575e74,43.9,2026-06-29T21:00:00+00:00,43.9,58630
2026-06-30,hcmc,accepted,67d96ba8-365f-44ac-821b-f39783575e74,48.1,2026-06-29T22:00:00+00:00,48.1,58631
2026-06-30,hcmc,accepted,67d96ba8-365f-44ac-821b-f39783575e74,49.2,2026-06-29T23:00:00+00:00,49.2,58632
2026-06-30,hcmc,accepted,67d96ba8-365f-44ac-821b-f39783575e74,53.6,2026-06-30T00:00:00+00:00,53.6,58633
2026-06-30,hcmc,accepted,67d96ba8-365f-44ac-821b-f39783575e74,50.3,2026-06-30T01:00:00+00:00,50.3,58634
2026-06-30,hcmc,accepted,67d96ba8-365f-44ac-821b-f39783575e74,46.0,2026-06-30T02:00:00+00:00,46.0,58635
2026-06-30,hcmc,accepted,67d96ba8-365f-44ac-821b-f39783575e74,39.3,2026-06-30T03:00:00+00:00,39.3,58636
2026-06-30,hcmc,accepted,67d96ba8-365f-44ac-821b-f39783575e74,36.7,2026-06-30T04:00:00+00:00,36.7,58637
2026-06-30,hcmc,accepted,67d96ba8-365f-44ac-821b-f39783575e74,35.5,2026-06-30T05:00:00+00:00,35.5,58638
2026-06-30,hcmc,accepted,67d96ba8-365f-44ac-821b-f39783575e74,31.8,2026-06-30T06:00:00+00:00,31.8,58639
2026-06-30,hcmc,accepted,67d96ba8-365f-44ac-821b-f39783575e74,30.5,2026-06-30T07:00:00+00:00,30.5,58640
2026-06-30,hcmc,accepted,67d96ba8-365f-44ac-821b-f39783575e74,33.2,2026-06-30T08:00:00+00:00,33.2,58641
2026-06-30,hcmc,accepted,67d96ba8-365f-44ac-821b-f39783575e74,31.7,2026-06-30T09:00:00+00:00,31.7,58642
2026-06-30,hcmc,accepted,67d96ba8-365f-44ac-821b-f39783575e74,30.7,2026-06-30T10:00:00+00:00,30.7,58643
2026-06-30,hcmc,accepted,67d96ba8-365f-44ac-821b-f39783575e74,36.3,2026-06-30T11:00:00+00:00,36.3,58644
2026-06-30,hcmc,accepted,67d96ba8-365f-44ac-821b-f39783575e74,34.6,2026-06-30T12:00:00+00:00,34.6,58645
2026-06-30,hcmc,accepted,67d96ba8-365f-44ac-821b-f39783575e74,38.3,2026-06-30T13:00:00+00:00,38.3,58646
2026-06-30,hcmc,accepted,67d96ba8-365f-44ac-821b-f39783575e74,42.4,2026-06-30T14:00:00+00:00,42.4,58647
2026-06-30,hcmc,accepted,67d96ba8-365f-44ac-821b-f39783575e74,46.0,2026-06-30T15:00:00+00:00,46.0,58648
2026-06-30,hcmc,accepted,67d96ba8-365f-44ac-821b-f39783575e74,50.2,2026-06-30T16:00:00+00:00,50.2,58649
2026-07-01,hcmc,accepted,67d96ba8-365f-44ac-821b-f39783575e74,53.1,2026-06-30T17:00:00+00:00,53.1,58650
2026-07-01,hcmc,accepted,67d96ba8-365f-44ac-821b-f39783575e74,55.1,2026-06-30T18:00:00+00:00,55.1,58651
2026-07-01,hcmc,accepted,67d96ba8-365f-44ac-821b-f39783575e74,58.7,2026-06-30T19:00:00+00:00,58.7,58652
2026-07-01,hcmc,accepted,67d96ba8-365f-44ac-821b-f39783575e74,64.7,2026-06-30T20:00:00+00:00,64.7,58653
2026-07-01,hcmc,accepted,67d96ba8-365f-44ac-821b-f39783575e74,72.4,2026-06-30T21:00:00+00:00,72.4,58654
2026-07-01,hcmc,accepted,67d96ba8-365f-44ac-821b-f39783575e74,69.8,2026-06-30T22:00:00+00:00,69.8,58655
2026-07-01,hcmc,accepted,67d96ba8-365f-44ac-821b-f39783575e74,68.5,2026-06-30T23:00:00+00:00,68.5,58656
2026-07-01,hcmc,accepted,67d96ba8-365f-44ac-821b-f39783575e74,36.4,2026-07-01T00:00:00+00:00,36.4,58657
2026-07-01,hcmc,accepted,67d96ba8-365f-44ac-821b-f39783575e74,33.9,2026-07-01T01:00:00+00:00,33.9,58658
2026-07-01,hcmc,accepted,67d96ba8-365f-44ac-821b-f39783575e74,29.1,2026-07-01T02:00:00+00:00,29.1,58659
2026-07-01,hcmc,accepted,67d96ba8-365f-44ac-821b-f39783575e74,27.5,2026-07-01T03:00:00+00:00,27.5,58660
2026-07-01,hcmc,accepted,67d96ba8-365f-44ac-821b-f39783575e74,24.6,2026-07-01T04:00:00+00:00,24.6,58661
2026-07-01,hcmc,accepted,67d96ba8-365f-44ac-821b-f39783575e74,21.0,2026-07-01T05:00:00+00:00,21.0,58662
2026-07-01,hcmc,accepted,67d96ba8-365f-44ac-821b-f39783575e74,17.8,2026-07-01T06:00:00+00:00,17.8,58663
2026-07-01,hcmc,accepted,67d96ba8-365f-44ac-821b-f39783575e74,18.5,2026-07-01T07:00:00+00:00,18.5,58664
2026-07-01,hcmc,accepted,67d96ba8-365f-44ac-821b-f39783575e74,18.8,2026-07-01T08:00:00+00:00,18.8,58665
2026-07-01,hcmc,accepted,67d96ba8-365f-44ac-821b-f39783575e74,21.4,2026-07-01T09:00:00+00:00,21.4,58666
2026-07-01,hcmc,accepted,67d96ba8-365f-44ac-821b-f39783575e74,22.1,2026-07-01T10:00:00+00:00,22.1,58667
2026-07-01,hcmc,accepted,67d96ba8-365f-44ac-821b-f39783575e74,27.0,2026-07-01T11:00:00+00:00,27.0,58668
2026-07-01,hcmc,accepted,67d96ba8-365f-44ac-821b-f39783575e74,35.4,2026-07-01T12:00:00+00:00,35.4,58669
2026-07-01,hcmc,accepted,67d96ba8-365f-44ac-821b-f39783575e74,40.9,2026-07-01T13:00:00+00:00,40.9,58670
2026-07-01,hcmc,accepted,67d96ba8-365f-44ac-821b-f39783575e74,42.3,2026-07-01T14:00:00+00:00,42.3,58671
2026-07-01,hcmc,accepted,67d96ba8-365f-44ac-821b-f39783575e74,40.3,2026-07-01T15:00:00+00:00,40.3,58672
2026-07-01,hcmc,accepted,67d96ba8-365f-44ac-821b-f39783575e74,37.3,2026-07-01T16:00:00+00:00,37.3,58673
2026-07-02,hcmc,accepted,67d96ba8-365f-44ac-821b-f39783575e74,33.3,2026-07-01T17:00:00+00:00,33.3,58674
2026-07-02,hcmc,accepted,67d96ba8-365f-44ac-821b-f39783575e74,29.6,2026-07-01T18:00:00+00:00,29.6,58675
2026-07-02,hcmc,accepted,67d96ba8-365f-44ac-821b-f39783575e74,27.8,2026-07-01T19:00:00+00:00,27.8,58676
2026-07-02,hcmc,accepted,67d96ba8-365f-44ac-821b-f39783575e74,27.8,2026-07-01T20:00:00+00:00,27.8,58677
2026-07-02,hcmc,accepted,67d96ba8-365f-44ac-821b-f39783575e74,27.4,2026-07-01T21:00:00+00:00,27.4,58678
2026-07-02,hcmc,accepted,67d96ba8-365f-44ac-821b-f39783575e74,25.7,2026-07-01T22:00:00+00:00,25.7,58679
2026-07-02,hcmc,accepted,67d96ba8-365f-44ac-821b-f39783575e74,23.6,2026-07-01T23:00:00+00:00,23.6,58680
2026-07-02,hcmc,accepted,67d96ba8-365f-44ac-821b-f39783575e74,21.1,2026-07-02T00:00:00+00:00,21.1,58681
2026-07-02,hcmc,accepted,67d96ba8-365f-44ac-821b-f39783575e74,19.1,2026-07-02T01:00:00+00:00,19.1,58682
2026-07-02,hcmc,accepted,67d96ba8-365f-44ac-821b-f39783575e74,20.2,2026-07-02T02:00:00+00:00,20.2,58683
2026-07-02,hcmc,accepted,67d96ba8-365f-44ac-821b-f39783575e74,22.4,2026-07-02T03:00:00+00:00,22.4,58684
2026-07-02,hcmc,accepted,67d96ba8-365f-44ac-821b-f39783575e74,22.6,2026-07-02T04:00:00+00:00,22.6,58685
2026-07-02,hcmc,accepted,67d96ba8-365f-44ac-821b-f39783575e74,20.7,2026-07-02T05:00:00+00:00,20.7,58686
2026-07-02,hcmc,accepted,67d96ba8-365f-44ac-821b-f39783575e74,22.0,2026-07-02T06:00:00+00:00,22.0,58687
2026-07-02,hcmc,accepted,67d96ba8-365f-44ac-821b-f39783575e74,23.9,2026-07-02T07:00:00+00:00,23.9,58688
2026-07-02,hcmc,accepted,67d96ba8-365f-44ac-821b-f39783575e74,21.3,2026-07-02T08:00:00+00:00,21.3,58689
2026-07-02,hcmc,accepted,67d96ba8-365f-44ac-821b-f39783575e74,25.7,2026-07-02T09:00:00+00:00,25.7,58690
2026-07-02,hcmc,accepted,67d96ba8-365f-44ac-821b-f39783575e74,28.9,2026-07-02T10:00:00+00:00,28.9,58691
2026-07-02,hcmc,accepted,67d96ba8-365f-44ac-821b-f39783575e74,30.0,2026-07-02T11:00:00+00:00,30.0,58692
2026-07-02,hcmc,accepted,67d96ba8-365f-44ac-821b-f39783575e74,42.3,2026-07-02T12:00:00+00:00,42.3,58693
2026-07-02,hcmc,accepted,67d96ba8-365f-44ac-821b-f39783575e74,38.1,2026-07-02T13:00:00+00:00,38.1,58694
2026-07-02,hcmc,accepted,67d96ba8-365f-44ac-821b-f39783575e74,36.3,2026-07-02T14:00:00+00:00,36.3,58695
2026-07-02,hcmc,accepted,67d96ba8-365f-44ac-821b-f39783575e74,34.5,2026-07-02T15:00:00+00:00,34.5,58696
2026-07-02,hcmc,accepted,67d96ba8-365f-44ac-821b-f39783575e74,32.2,2026-07-02T16:00:00+00:00,32.2,58697
2026-07-03,hcmc,accepted,67d96ba8-365f-44ac-821b-f39783575e74,29.7,2026-07-02T17:00:00+00:00,29.7,58698
2026-07-03,hcmc,accepted,67d96ba8-365f-44ac-821b-f39783575e74,27.5,2026-07-02T18:00:00+00:00,27.5,58699
2026-07-03,hcmc,accepted,67d96ba8-365f-44ac-821b-f39783575e74,25.8,2026-07-02T19:00:00+00:00,25.8,58700
2026-07-03,hcmc,accepted,67d96ba8-365f-44ac-821b-f39783575e74,25.6,2026-07-02T20:00:00+00:00,25.6,58701
2026-07-03,hcmc,accepted,67d96ba8-365f-44ac-821b-f39783575e74,25.1,2026-07-02T21:00:00+00:00,25.1,58702
2026-07-03,hcmc,accepted,67d96ba8-365f-44ac-821b-f39783575e74,24.6,2026-07-02T22:00:00+00:00,24.6,58703
2026-07-03,hcmc,accepted,67d96ba8-365f-44ac-821b-f39783575e74,24.5,2026-07-02T23:00:00+00:00,24.5,58704
2026-07-03,hcmc,accepted,67d96ba8-365f-44ac-821b-f39783575e74,27.4,2026-07-03T00:00:00+00:00,27.4,58705
2026-07-03,hcmc,accepted,67d96ba8-365f-44ac-821b-f39783575e74,28.2,2026-07-03T01:00:00+00:00,28.2,58706
2026-07-03,hcmc,accepted,67d96ba8-365f-44ac-821b-f39783575e74,25.7,2026-07-03T02:00:00+00:00,25.7,58707
2026-07-03,hcmc,accepted,67d96ba8-365f-44ac-821b-f39783575e74,25.8,2026-07-03T03:00:00+00:00,25.8,58708
2026-07-03,hcmc,accepted,67d96ba8-365f-44ac-821b-f39783575e74,23.5,2026-07-03T04:00:00+00:00,23.5,58709
2026-07-03,hcmc,accepted,67d96ba8-365f-44ac-821b-f39783575e74,21.9,2026-07-03T05:00:00+00:00,21.9,58710
2026-07-03,hcmc,accepted,67d96ba8-365f-44ac-821b-f39783575e74,22.2,2026-07-03T06:00:00+00:00,22.2,58711
2026-07-03,hcmc,accepted,67d96ba8-365f-44ac-821b-f39783575e74,20.6,2026-07-03T07:00:00+00:00,20.6,58712
2026-07-03,hcmc,accepted,67d96ba8-365f-44ac-821b-f39783575e74,21.4,2026-07-03T08:00:00+00:00,21.4,58713
2026-07-03,hcmc,accepted,67d96ba8-365f-44ac-821b-f39783575e74,28.2,2026-07-03T09:00:00+00:00,28.2,58714
2026-07-03,hcmc,accepted,67d96ba8-365f-44ac-821b-f39783575e74,33.3,2026-07-03T10:00:00+00:00,33.3,58715
2026-07-03,hcmc,accepted,67d96ba8-365f-44ac-821b-f39783575e74,41.0,2026-07-03T11:00:00+00:00,41.0,58716
2026-07-03,hcmc,accepted,67d96ba8-365f-44ac-821b-f39783575e74,37.7,2026-07-03T12:00:00+00:00,37.7,58717
2026-07-03,hcmc,accepted,67d96ba8-365f-44ac-821b-f39783575e74,39.0,2026-07-03T13:00:00+00:00,39.0,58718
2026-07-03,hcmc,accepted,67d96ba8-365f-44ac-821b-f39783575e74,37.1,2026-07-03T14:00:00+00:00,37.1,58719
2026-07-03,hcmc,accepted,67d96ba8-365f-44ac-821b-f39783575e74,38.0,2026-07-03T15:00:00+00:00,38.0,58720
2026-07-03,hcmc,accepted,67d96ba8-365f-44ac-821b-f39783575e74,37.7,2026-07-03T16:00:00+00:00,37.7,58721
2026-07-04,hcmc,accepted,67d96ba8-365f-44ac-821b-f39783575e74,35.4,2026-07-03T17:00:00+00:00,35.4,58722
2026-07-04,hcmc,accepted,67d96ba8-365f-44ac-821b-f39783575e74,34.1,2026-07-03T18:00:00+00:00,34.1,58723
2026-07-04,hcmc,accepted,67d96ba8-365f-44ac-821b-f39783575e74,32.4,2026-07-03T19:00:00+00:00,32.4,58724
2026-07-04,hcmc,accepted,67d96ba8-365f-44ac-821b-f39783575e74,31.1,2026-07-03T20:00:00+00:00,31.1,58725
2026-07-04,hcmc,accepted,67d96ba8-365f-44ac-821b-f39783575e74,30.2,2026-07-03T21:00:00+00:00,30.2,58726
2026-07-04,hcmc,accepted,67d96ba8-365f-44ac-821b-f39783575e74,30.4,2026-07-03T22:00:00+00:00,30.4,58727
2026-07-04,hcmc,accepted,67d96ba8-365f-44ac-821b-f39783575e74,31.8,2026-07-03T23:00:00+00:00,31.8,58728
2026-07-04,hcmc,accepted,67d96ba8-365f-44ac-821b-f39783575e74,31.2,2026-07-04T00:00:00+00:00,31.2,58729
2026-07-04,hcmc,accepted,67d96ba8-365f-44ac-821b-f39783575e74,32.2,2026-07-04T01:00:00+00:00,32.2,58730
2026-07-04,hcmc,accepted,67d96ba8-365f-44ac-821b-f39783575e74,29.6,2026-07-04T02:00:00+00:00,29.6,58731
2026-07-04,hcmc,accepted,67d96ba8-365f-44ac-821b-f39783575e74,29.2,2026-07-04T03:00:00+00:00,29.2,58732
2026-07-04,hcmc,accepted,67d96ba8-365f-44ac-821b-f39783575e74,27.8,2026-07-04T04:00:00+00:00,27.8,58733
2026-07-04,hcmc,accepted,67d96ba8-365f-44ac-821b-f39783575e74,27.2,2026-07-04T05:00:00+00:00,27.2,58734
2026-07-04,hcmc,accepted,67d96ba8-365f-44ac-821b-f39783575e74,26.6,2026-07-04T06:00:00+00:00,26.6,58735
2026-07-04,hcmc,accepted,67d96ba8-365f-44ac-821b-f39783575e74,23.2,2026-07-04T07:00:00+00:00,23.2,58736
2026-07-04,hcmc,accepted,67d96ba8-365f-44ac-821b-f39783575e74,24.1,2026-07-04T08:00:00+00:00,24.1,58737
2026-07-04,hcmc,accepted,67d96ba8-365f-44ac-821b-f39783575e74,29.2,2026-07-04T09:00:00+00:00,29.2,58738
2026-07-04,hcmc,accepted,67d96ba8-365f-44ac-821b-f39783575e74,29.2,2026-07-04T10:00:00+00:00,29.2,58739
2026-07-04,hcmc,accepted,67d96ba8-365f-44ac-821b-f39783575e74,29.0,2026-07-04T11:00:00+00:00,29.0,58740
2026-07-04,hcmc,accepted,67d96ba8-365f-44ac-821b-f39783575e74,28.1,2026-07-04T12:00:00+00:00,28.1,58741
2026-07-04,hcmc,accepted,67d96ba8-365f-44ac-821b-f39783575e74,32.7,2026-07-04T13:00:00+00:00,32.7,58742
2026-07-04,hcmc,accepted,67d96ba8-365f-44ac-821b-f39783575e74,41.2,2026-07-04T14:00:00+00:00,41.2,58743
2026-07-04,hcmc,accepted,67d96ba8-365f-44ac-821b-f39783575e74,53.3,2026-07-04T15:00:00+00:00,53.3,58744
2026-07-04,hcmc,accepted,67d96ba8-365f-44ac-821b-f39783575e74,56.9,2026-07-04T16:00:00+00:00,56.9,58745
2026-07-05,hcmc,accepted,67d96ba8-365f-44ac-821b-f39783575e74,61.5,2026-07-04T17:00:00+00:00,61.5,58746
2026-07-05,hcmc,accepted,67d96ba8-365f-44ac-821b-f39783575e74,64.5,2026-07-04T18:00:00+00:00,64.5,58747
2026-07-05,hcmc,accepted,67d96ba8-365f-44ac-821b-f39783575e74,64.7,2026-07-04T19:00:00+00:00,64.7,58748
2026-07-05,hcmc,accepted,67d96ba8-365f-44ac-821b-f39783575e74,65.9,2026-07-04T20:00:00+00:00,65.9,58749
2026-07-05,hcmc,accepted,67d96ba8-365f-44ac-821b-f39783575e74,66.6,2026-07-04T21:00:00+00:00,66.6,58750
2026-07-05,hcmc,accepted,67d96ba8-365f-44ac-821b-f39783575e74,70.8,2026-07-04T22:00:00+00:00,70.8,58751
2026-07-05,hcmc,accepted,67d96ba8-365f-44ac-821b-f39783575e74,75.7,2026-07-04T23:00:00+00:00,75.7,58752
2026-07-05,hcmc,accepted,67d96ba8-365f-44ac-821b-f39783575e74,65.9,2026-07-05T00:00:00+00:00,65.9,58753
2026-07-05,hcmc,accepted,67d96ba8-365f-44ac-821b-f39783575e74,57.2,2026-07-05T01:00:00+00:00,57.2,58754
2026-07-05,hcmc,accepted,67d96ba8-365f-44ac-821b-f39783575e74,48.1,2026-07-05T02:00:00+00:00,48.1,58755
2026-07-05,hcmc,accepted,67d96ba8-365f-44ac-821b-f39783575e74,41.6,2026-07-05T03:00:00+00:00,41.6,58756
2026-07-05,hcmc,accepted,67d96ba8-365f-44ac-821b-f39783575e74,39.1,2026-07-05T04:00:00+00:00,39.1,58757
2026-07-05,hcmc,accepted,67d96ba8-365f-44ac-821b-f39783575e74,39.1,2026-07-05T05:00:00+00:00,39.1,58758
2026-07-05,hcmc,accepted,67d96ba8-365f-44ac-821b-f39783575e74,37.7,2026-07-05T06:00:00+00:00,37.7,58759
2026-07-05,hcmc,accepted,67d96ba8-365f-44ac-821b-f39783575e74,35.7,2026-07-05T07:00:00+00:00,35.7,58760
2026-07-05,hcmc,accepted,67d96ba8-365f-44ac-821b-f39783575e74,35.0,2026-07-05T08:00:00+00:00,35.0,58761
2026-07-05,hcmc,accepted,67d96ba8-365f-44ac-821b-f39783575e74,38.4,2026-07-05T09:00:00+00:00,38.4,58762
2026-07-05,hcmc,accepted,67d96ba8-365f-44ac-821b-f39783575e74,38.5,2026-07-05T10:00:00+00:00,38.5,58763
2026-07-05,hcmc,accepted,67d96ba8-365f-44ac-821b-f39783575e74,37.6,2026-07-05T11:00:00+00:00,37.6,58764
2026-07-05,hcmc,accepted,67d96ba8-365f-44ac-821b-f39783575e74,54.7,2026-07-05T12:00:00+00:00,54.7,58765
2026-07-05,hcmc,accepted,67d96ba8-365f-44ac-821b-f39783575e74,54.9,2026-07-05T13:00:00+00:00,54.9,58766
2026-07-05,hcmc,accepted,67d96ba8-365f-44ac-821b-f39783575e74,53.8,2026-07-05T14:00:00+00:00,53.8,58767
2026-07-05,hcmc,accepted,67d96ba8-365f-44ac-821b-f39783575e74,50.8,2026-07-05T15:00:00+00:00,50.8,58768
2026-07-05,hcmc,accepted,67d96ba8-365f-44ac-821b-f39783575e74,46.8,2026-07-05T16:00:00+00:00,46.8,58769
2026-07-06,hcmc,accepted,67d96ba8-365f-44ac-821b-f39783575e74,44.0,2026-07-05T17:00:00+00:00,44.0,58770
2026-07-06,hcmc,accepted,67d96ba8-365f-44ac-821b-f39783575e74,44.1,2026-07-05T18:00:00+00:00,44.1,58771
2026-07-06,hcmc,accepted,67d96ba8-365f-44ac-821b-f39783575e74,45.5,2026-07-05T19:00:00+00:00,45.5,58772
2026-07-06,hcmc,accepted,67d96ba8-365f-44ac-821b-f39783575e74,48.4,2026-07-05T20:00:00+00:00,48.4,58773
2026-07-06,hcmc,accepted,67d96ba8-365f-44ac-821b-f39783575e74,53.9,2026-07-05T21:00:00+00:00,53.9,58774
2026-07-06,hcmc,accepted,67d96ba8-365f-44ac-821b-f39783575e74,57.6,2026-07-05T22:00:00+00:00,57.6,58775
2026-07-06,hcmc,accepted,67d96ba8-365f-44ac-821b-f39783575e74,64.0,2026-07-05T23:00:00+00:00,64.0,58776
2026-07-06,hcmc,accepted,507253a5-d227-43f0-adad-904858e6fbd1,56.5,2026-07-06T00:00:00+00:00,56.5,59785
2026-07-06,hcmc,accepted,507253a5-d227-43f0-adad-904858e6fbd1,49.5,2026-07-06T01:00:00+00:00,49.5,59786
2026-07-06,hcmc,accepted,507253a5-d227-43f0-adad-904858e6fbd1,43.9,2026-07-06T02:00:00+00:00,43.9,59787
2026-07-06,hcmc,accepted,507253a5-d227-43f0-adad-904858e6fbd1,41.1,2026-07-06T03:00:00+00:00,41.1,59788
2026-07-06,hcmc,accepted,507253a5-d227-43f0-adad-904858e6fbd1,39.6,2026-07-06T04:00:00+00:00,39.6,59789
2026-07-06,hcmc,accepted,507253a5-d227-43f0-adad-904858e6fbd1,39.1,2026-07-06T05:00:00+00:00,39.1,59790
2026-07-06,hcmc,accepted,507253a5-d227-43f0-adad-904858e6fbd1,40.2,2026-07-06T06:00:00+00:00,40.2,59791
2026-07-06,hcmc,accepted,507253a5-d227-43f0-adad-904858e6fbd1,40.3,2026-07-06T07:00:00+00:00,40.3,59792
2026-07-06,hcmc,accepted,507253a5-d227-43f0-adad-904858e6fbd1,39.2,2026-07-06T08:00:00+00:00,39.2,59793
2026-07-06,hcmc,accepted,507253a5-d227-43f0-adad-904858e6fbd1,38.5,2026-07-06T09:00:00+00:00,38.5,59794
2026-07-06,hcmc,accepted,507253a5-d227-43f0-adad-904858e6fbd1,41.8,2026-07-06T10:00:00+00:00,41.8,59795
2026-07-06,hcmc,accepted,507253a5-d227-43f0-adad-904858e6fbd1,45.2,2026-07-06T11:00:00+00:00,45.2,59796
2026-07-06,hcmc,accepted,507253a5-d227-43f0-adad-904858e6fbd1,58.4,2026-07-06T12:00:00+00:00,58.4,59797
2026-07-06,hcmc,accepted,507253a5-d227-43f0-adad-904858e6fbd1,61.2,2026-07-06T13:00:00+00:00,61.2,59798
2026-07-06,hcmc,accepted,507253a5-d227-43f0-adad-904858e6fbd1,63.6,2026-07-06T14:00:00+00:00,63.6,59799
2026-07-06,hcmc,accepted,507253a5-d227-43f0-adad-904858e6fbd1,63.6,2026-07-06T15:00:00+00:00,63.6,59800
2026-07-06,hcmc,accepted,507253a5-d227-43f0-adad-904858e6fbd1,61.5,2026-07-06T16:00:00+00:00,61.5,59801
2026-07-07,hcmc,accepted,507253a5-d227-43f0-adad-904858e6fbd1,57.9,2026-07-06T17:00:00+00:00,57.9,59802
2026-07-07,hcmc,accepted,507253a5-d227-43f0-adad-904858e6fbd1,55.8,2026-07-06T18:00:00+00:00,55.8,59803
2026-07-07,hcmc,accepted,507253a5-d227-43f0-adad-904858e6fbd1,55.3,2026-07-06T19:00:00+00:00,55.3,59804
2026-07-07,hcmc,accepted,507253a5-d227-43f0-adad-904858e6fbd1,55.9,2026-07-06T20:00:00+00:00,55.9,59805
2026-07-07,hcmc,accepted,507253a5-d227-43f0-adad-904858e6fbd1,57.0,2026-07-06T21:00:00+00:00,57.0,59806
2026-07-07,hcmc,accepted,507253a5-d227-43f0-adad-904858e6fbd1,58.1,2026-07-06T22:00:00+00:00,58.1,59807
2026-07-07,hcmc,accepted,507253a5-d227-43f0-adad-904858e6fbd1,58.4,2026-07-06T23:00:00+00:00,58.4,59808
2026-07-07,hcmc,accepted,507253a5-d227-43f0-adad-904858e6fbd1,43.3,2026-07-07T00:00:00+00:00,43.3,59809
2026-07-07,hcmc,accepted,507253a5-d227-43f0-adad-904858e6fbd1,41.1,2026-07-07T01:00:00+00:00,41.1,59810
2026-07-07,hcmc,accepted,507253a5-d227-43f0-adad-904858e6fbd1,36.9,2026-07-07T02:00:00+00:00,36.9,59811
2026-07-07,hcmc,accepted,507253a5-d227-43f0-adad-904858e6fbd1,35.0,2026-07-07T03:00:00+00:00,35.0,59812
2026-07-07,hcmc,accepted,507253a5-d227-43f0-adad-904858e6fbd1,35.4,2026-07-07T04:00:00+00:00,35.4,59813
2026-07-07,hcmc,accepted,507253a5-d227-43f0-adad-904858e6fbd1,33.5,2026-07-07T05:00:00+00:00,33.5,59814
2026-07-07,hcmc,accepted,507253a5-d227-43f0-adad-904858e6fbd1,32.6,2026-07-07T06:00:00+00:00,32.6,59815
2026-07-07,hcmc,accepted,507253a5-d227-43f0-adad-904858e6fbd1,30.6,2026-07-07T07:00:00+00:00,30.6,59816
2026-07-07,hcmc,accepted,507253a5-d227-43f0-adad-904858e6fbd1,28.2,2026-07-07T08:00:00+00:00,28.2,59817
2026-07-07,hcmc,accepted,507253a5-d227-43f0-adad-904858e6fbd1,28.3,2026-07-07T09:00:00+00:00,28.3,59818
2026-07-07,hcmc,accepted,507253a5-d227-43f0-adad-904858e6fbd1,26.5,2026-07-07T10:00:00+00:00,26.5,59819
2026-07-07,hcmc,accepted,507253a5-d227-43f0-adad-904858e6fbd1,32.4,2026-07-07T11:00:00+00:00,32.4,59820
2026-07-07,hcmc,accepted,507253a5-d227-43f0-adad-904858e6fbd1,41.4,2026-07-07T12:00:00+00:00,41.4,59821
2026-07-07,hcmc,accepted,507253a5-d227-43f0-adad-904858e6fbd1,45.6,2026-07-07T13:00:00+00:00,45.6,59822
2026-07-07,hcmc,accepted,507253a5-d227-43f0-adad-904858e6fbd1,48.5,2026-07-07T14:00:00+00:00,48.5,59823
2026-07-07,hcmc,accepted,507253a5-d227-43f0-adad-904858e6fbd1,53.7,2026-07-07T15:00:00+00:00,53.7,59824
2026-07-07,hcmc,accepted,507253a5-d227-43f0-adad-904858e6fbd1,58.3,2026-07-07T16:00:00+00:00,58.3,59825
2026-07-08,hcmc,accepted,507253a5-d227-43f0-adad-904858e6fbd1,59.8,2026-07-07T17:00:00+00:00,59.8,59826
2026-07-08,hcmc,accepted,507253a5-d227-43f0-adad-904858e6fbd1,57.7,2026-07-07T18:00:00+00:00,57.7,59827
2026-07-08,hcmc,accepted,507253a5-d227-43f0-adad-904858e6fbd1,50.8,2026-07-07T19:00:00+00:00,50.8,59828
2026-07-08,hcmc,accepted,507253a5-d227-43f0-adad-904858e6fbd1,48.7,2026-07-07T20:00:00+00:00,48.7,59829
2026-07-08,hcmc,accepted,507253a5-d227-43f0-adad-904858e6fbd1,54.5,2026-07-07T21:00:00+00:00,54.5,59830
2026-07-08,hcmc,accepted,507253a5-d227-43f0-adad-904858e6fbd1,56.9,2026-07-07T22:00:00+00:00,56.9,59831
2026-07-08,hcmc,accepted,507253a5-d227-43f0-adad-904858e6fbd1,54.5,2026-07-07T23:00:00+00:00,54.5,59832
2026-07-08,hcmc,accepted,507253a5-d227-43f0-adad-904858e6fbd1,51.3,2026-07-08T00:00:00+00:00,51.3,59833
2026-07-08,hcmc,accepted,507253a5-d227-43f0-adad-904858e6fbd1,49.1,2026-07-08T01:00:00+00:00,49.1,59834
2026-07-08,hcmc,accepted,507253a5-d227-43f0-adad-904858e6fbd1,43.5,2026-07-08T02:00:00+00:00,43.5,59835
2026-07-08,hcmc,accepted,507253a5-d227-43f0-adad-904858e6fbd1,42.1,2026-07-08T03:00:00+00:00,42.1,59836
2026-07-08,hcmc,accepted,507253a5-d227-43f0-adad-904858e6fbd1,41.0,2026-07-08T04:00:00+00:00,41.0,59837
2026-07-08,hcmc,accepted,507253a5-d227-43f0-adad-904858e6fbd1,35.7,2026-07-08T05:00:00+00:00,35.7,59838
2026-07-08,hcmc,accepted,507253a5-d227-43f0-adad-904858e6fbd1,31.0,2026-07-08T06:00:00+00:00,31.0,59839
2026-07-08,hcmc,accepted,507253a5-d227-43f0-adad-904858e6fbd1,25.8,2026-07-08T07:00:00+00:00,25.8,59840
2026-07-08,hcmc,accepted,507253a5-d227-43f0-adad-904858e6fbd1,25.0,2026-07-08T08:00:00+00:00,25.0,59841
2026-07-08,hcmc,accepted,507253a5-d227-43f0-adad-904858e6fbd1,25.7,2026-07-08T09:00:00+00:00,25.7,59842
2026-07-08,hcmc,accepted,507253a5-d227-43f0-adad-904858e6fbd1,27.0,2026-07-08T10:00:00+00:00,27.0,59843
2026-07-08,hcmc,accepted,507253a5-d227-43f0-adad-904858e6fbd1,31.9,2026-07-08T11:00:00+00:00,31.9,59844
2026-07-08,hcmc,accepted,507253a5-d227-43f0-adad-904858e6fbd1,33.5,2026-07-08T12:00:00+00:00,33.5,59845
2026-07-08,hcmc,accepted,507253a5-d227-43f0-adad-904858e6fbd1,34.0,2026-07-08T13:00:00+00:00,34.0,59846
2026-07-08,hcmc,accepted,507253a5-d227-43f0-adad-904858e6fbd1,38.5,2026-07-08T14:00:00+00:00,38.5,59847
2026-07-08,hcmc,accepted,507253a5-d227-43f0-adad-904858e6fbd1,39.5,2026-07-08T15:00:00+00:00,39.5,59848
2026-07-08,hcmc,accepted,507253a5-d227-43f0-adad-904858e6fbd1,38.0,2026-07-08T16:00:00+00:00,38.0,59849
2026-07-09,hcmc,accepted,507253a5-d227-43f0-adad-904858e6fbd1,35.0,2026-07-08T17:00:00+00:00,35.0,59850
2026-07-09,hcmc,accepted,507253a5-d227-43f0-adad-904858e6fbd1,33.8,2026-07-08T18:00:00+00:00,33.8,59851
2026-07-09,hcmc,accepted,507253a5-d227-43f0-adad-904858e6fbd1,33.3,2026-07-08T19:00:00+00:00,33.3,59852
2026-07-09,hcmc,accepted,507253a5-d227-43f0-adad-904858e6fbd1,33.5,2026-07-08T20:00:00+00:00,33.5,59853
2026-07-09,hcmc,accepted,507253a5-d227-43f0-adad-904858e6fbd1,34.8,2026-07-08T21:00:00+00:00,34.8,59854
2026-07-09,hcmc,accepted,507253a5-d227-43f0-adad-904858e6fbd1,37.0,2026-07-08T22:00:00+00:00,37.0,59855
2026-07-09,hcmc,accepted,507253a5-d227-43f0-adad-904858e6fbd1,40.9,2026-07-08T23:00:00+00:00,40.9,59856
2026-07-09,hcmc,accepted,507253a5-d227-43f0-adad-904858e6fbd1,28.6,2026-07-09T00:00:00+00:00,28.6,59857
2026-07-09,hcmc,accepted,507253a5-d227-43f0-adad-904858e6fbd1,25.5,2026-07-09T01:00:00+00:00,25.5,59858
2026-07-09,hcmc,accepted,507253a5-d227-43f0-adad-904858e6fbd1,22.9,2026-07-09T02:00:00+00:00,22.9,59859
2026-07-09,hcmc,accepted,507253a5-d227-43f0-adad-904858e6fbd1,22.1,2026-07-09T03:00:00+00:00,22.1,59860
2026-07-09,hcmc,accepted,507253a5-d227-43f0-adad-904858e6fbd1,22.8,2026-07-09T04:00:00+00:00,22.8,59861
2026-07-09,hcmc,accepted,507253a5-d227-43f0-adad-904858e6fbd1,21.6,2026-07-09T05:00:00+00:00,21.6,59862
2026-07-09,hcmc,accepted,507253a5-d227-43f0-adad-904858e6fbd1,21.3,2026-07-09T06:00:00+00:00,21.3,59863
2026-07-09,hcmc,accepted,507253a5-d227-43f0-adad-904858e6fbd1,21.4,2026-07-09T07:00:00+00:00,21.4,59864
2026-07-09,hcmc,accepted,507253a5-d227-43f0-adad-904858e6fbd1,23.2,2026-07-09T08:00:00+00:00,23.2,59865
2026-07-09,hcmc,accepted,507253a5-d227-43f0-adad-904858e6fbd1,22.5,2026-07-09T09:00:00+00:00,22.5,59866
2026-07-09,hcmc,accepted,507253a5-d227-43f0-adad-904858e6fbd1,21.5,2026-07-09T10:00:00+00:00,21.5,59867
2026-07-09,hcmc,accepted,507253a5-d227-43f0-adad-904858e6fbd1,27.3,2026-07-09T11:00:00+00:00,27.3,59868
2026-07-09,hcmc,accepted,507253a5-d227-43f0-adad-904858e6fbd1,31.8,2026-07-09T12:00:00+00:00,31.8,59869
2026-07-09,hcmc,accepted,507253a5-d227-43f0-adad-904858e6fbd1,32.1,2026-07-09T13:00:00+00:00,32.1,59870
2026-07-09,hcmc,accepted,507253a5-d227-43f0-adad-904858e6fbd1,30.6,2026-07-09T14:00:00+00:00,30.6,59871
2026-07-09,hcmc,accepted,507253a5-d227-43f0-adad-904858e6fbd1,27.9,2026-07-09T15:00:00+00:00,27.9,59872
2026-07-09,hcmc,accepted,507253a5-d227-43f0-adad-904858e6fbd1,24.3,2026-07-09T16:00:00+00:00,24.3,59873
2026-07-10,hcmc,accepted,507253a5-d227-43f0-adad-904858e6fbd1,22.6,2026-07-09T17:00:00+00:00,22.6,59874
2026-07-10,hcmc,accepted,507253a5-d227-43f0-adad-904858e6fbd1,22.4,2026-07-09T18:00:00+00:00,22.4,59875
2026-07-10,hcmc,accepted,507253a5-d227-43f0-adad-904858e6fbd1,22.8,2026-07-09T19:00:00+00:00,22.8,59876
2026-07-10,hcmc,accepted,507253a5-d227-43f0-adad-904858e6fbd1,23.7,2026-07-09T20:00:00+00:00,23.7,59877
2026-07-10,hcmc,accepted,507253a5-d227-43f0-adad-904858e6fbd1,25.0,2026-07-09T21:00:00+00:00,25.0,59878
2026-07-10,hcmc,accepted,507253a5-d227-43f0-adad-904858e6fbd1,27.0,2026-07-09T22:00:00+00:00,27.0,59879
2026-07-10,hcmc,accepted,507253a5-d227-43f0-adad-904858e6fbd1,29.5,2026-07-09T23:00:00+00:00,29.5,59880
2026-07-10,hcmc,accepted,507253a5-d227-43f0-adad-904858e6fbd1,27.2,2026-07-10T00:00:00+00:00,27.2,59881
2026-07-10,hcmc,accepted,507253a5-d227-43f0-adad-904858e6fbd1,27.1,2026-07-10T01:00:00+00:00,27.1,59882
2026-07-10,hcmc,accepted,507253a5-d227-43f0-adad-904858e6fbd1,25.3,2026-07-10T02:00:00+00:00,25.3,59883
2026-07-10,hcmc,accepted,507253a5-d227-43f0-adad-904858e6fbd1,24.2,2026-07-10T03:00:00+00:00,24.2,59884
2026-07-10,hcmc,accepted,507253a5-d227-43f0-adad-904858e6fbd1,22.8,2026-07-10T04:00:00+00:00,22.8,59885
2026-07-10,hcmc,accepted,507253a5-d227-43f0-adad-904858e6fbd1,21.7,2026-07-10T05:00:00+00:00,21.7,59886
2026-07-10,hcmc,accepted,507253a5-d227-43f0-adad-904858e6fbd1,21.0,2026-07-10T06:00:00+00:00,21.0,59887
2026-07-10,hcmc,accepted,507253a5-d227-43f0-adad-904858e6fbd1,20.2,2026-07-10T07:00:00+00:00,20.2,59888
2026-07-10,hcmc,accepted,507253a5-d227-43f0-adad-904858e6fbd1,18.8,2026-07-10T08:00:00+00:00,18.8,59889
2026-07-10,hcmc,accepted,507253a5-d227-43f0-adad-904858e6fbd1,21.5,2026-07-10T09:00:00+00:00,21.5,59890
2026-07-10,hcmc,accepted,507253a5-d227-43f0-adad-904858e6fbd1,23.3,2026-07-10T10:00:00+00:00,23.3,59891
2026-07-10,hcmc,accepted,507253a5-d227-43f0-adad-904858e6fbd1,27.8,2026-07-10T11:00:00+00:00,27.8,59892
2026-07-10,hcmc,accepted,507253a5-d227-43f0-adad-904858e6fbd1,32.1,2026-07-10T12:00:00+00:00,32.1,59893
2026-07-10,hcmc,accepted,507253a5-d227-43f0-adad-904858e6fbd1,32.5,2026-07-10T13:00:00+00:00,32.5,59894
2026-07-10,hcmc,accepted,507253a5-d227-43f0-adad-904858e6fbd1,30.2,2026-07-10T14:00:00+00:00,30.2,59895
2026-07-10,hcmc,accepted,507253a5-d227-43f0-adad-904858e6fbd1,28.1,2026-07-10T15:00:00+00:00,28.1,59896
2026-07-10,hcmc,accepted,507253a5-d227-43f0-adad-904858e6fbd1,27.0,2026-07-10T16:00:00+00:00,27.0,59897
2026-07-11,hcmc,accepted,507253a5-d227-43f0-adad-904858e6fbd1,25.7,2026-07-10T17:00:00+00:00,25.7,59898
2026-07-11,hcmc,accepted,507253a5-d227-43f0-adad-904858e6fbd1,25.0,2026-07-10T18:00:00+00:00,25.0,59899
2026-07-11,hcmc,accepted,507253a5-d227-43f0-adad-904858e6fbd1,24.6,2026-07-10T19:00:00+00:00,24.6,59900
2026-07-11,hcmc,accepted,507253a5-d227-43f0-adad-904858e6fbd1,23.7,2026-07-10T20:00:00+00:00,23.7,59901
2026-07-11,hcmc,accepted,507253a5-d227-43f0-adad-904858e6fbd1,23.1,2026-07-10T21:00:00+00:00,23.1,59902
2026-07-11,hcmc,accepted,507253a5-d227-43f0-adad-904858e6fbd1,23.1,2026-07-10T22:00:00+00:00,23.1,59903
2026-07-11,hcmc,accepted,507253a5-d227-43f0-adad-904858e6fbd1,23.7,2026-07-10T23:00:00+00:00,23.7,59904
2026-07-11,hcmc,accepted,507253a5-d227-43f0-adad-904858e6fbd1,21.0,2026-07-11T00:00:00+00:00,21.0,59905
2026-07-11,hcmc,accepted,507253a5-d227-43f0-adad-904858e6fbd1,22.0,2026-07-11T01:00:00+00:00,22.0,59906
2026-07-11,hcmc,accepted,507253a5-d227-43f0-adad-904858e6fbd1,23.8,2026-07-11T02:00:00+00:00,23.8,59907
2026-07-11,hcmc,accepted,507253a5-d227-43f0-adad-904858e6fbd1,25.0,2026-07-11T03:00:00+00:00,25.0,59908
2026-07-11,hcmc,accepted,507253a5-d227-43f0-adad-904858e6fbd1,25.0,2026-07-11T04:00:00+00:00,25.0,59909
2026-07-11,hcmc,accepted,507253a5-d227-43f0-adad-904858e6fbd1,23.9,2026-07-11T05:00:00+00:00,23.9,59910
2026-07-11,hcmc,accepted,507253a5-d227-43f0-adad-904858e6fbd1,23.1,2026-07-11T06:00:00+00:00,23.1,59911
2026-07-11,hcmc,accepted,507253a5-d227-43f0-adad-904858e6fbd1,22.1,2026-07-11T07:00:00+00:00,22.1,59912
2026-07-11,hcmc,accepted,507253a5-d227-43f0-adad-904858e6fbd1,22.2,2026-07-11T08:00:00+00:00,22.2,59913
2026-07-11,hcmc,accepted,507253a5-d227-43f0-adad-904858e6fbd1,23.7,2026-07-11T09:00:00+00:00,23.7,59914
2026-07-11,hcmc,accepted,507253a5-d227-43f0-adad-904858e6fbd1,26.4,2026-07-11T10:00:00+00:00,26.4,59915
2026-07-11,hcmc,accepted,507253a5-d227-43f0-adad-904858e6fbd1,29.9,2026-07-11T11:00:00+00:00,29.9,59916
2026-07-11,hcmc,accepted,507253a5-d227-43f0-adad-904858e6fbd1,26.3,2026-07-11T12:00:00+00:00,26.3,59917
2026-07-11,hcmc,accepted,507253a5-d227-43f0-adad-904858e6fbd1,30.3,2026-07-11T13:00:00+00:00,30.3,59918
2026-07-11,hcmc,accepted,507253a5-d227-43f0-adad-904858e6fbd1,37.0,2026-07-11T14:00:00+00:00,37.0,59919
2026-07-11,hcmc,accepted,507253a5-d227-43f0-adad-904858e6fbd1,38.6,2026-07-11T15:00:00+00:00,38.6,59920
2026-07-11,hcmc,accepted,507253a5-d227-43f0-adad-904858e6fbd1,31.5,2026-07-11T16:00:00+00:00,31.5,59921
2026-07-12,hcmc,accepted,507253a5-d227-43f0-adad-904858e6fbd1,25.4,2026-07-11T17:00:00+00:00,25.4,59922
2026-07-12,hcmc,accepted,507253a5-d227-43f0-adad-904858e6fbd1,20.4,2026-07-11T18:00:00+00:00,20.4,59923
2026-07-12,hcmc,accepted,507253a5-d227-43f0-adad-904858e6fbd1,19.0,2026-07-11T19:00:00+00:00,19.0,59924
2026-07-12,hcmc,accepted,507253a5-d227-43f0-adad-904858e6fbd1,18.5,2026-07-11T20:00:00+00:00,18.5,59925
2026-07-12,hcmc,accepted,507253a5-d227-43f0-adad-904858e6fbd1,19.0,2026-07-11T21:00:00+00:00,19.0,59926
2026-07-12,hcmc,accepted,507253a5-d227-43f0-adad-904858e6fbd1,20.0,2026-07-11T22:00:00+00:00,20.0,59927
2026-07-12,hcmc,accepted,507253a5-d227-43f0-adad-904858e6fbd1,19.5,2026-07-11T23:00:00+00:00,19.5,59928
2026-07-12,hcmc,accepted,507253a5-d227-43f0-adad-904858e6fbd1,22.6,2026-07-12T00:00:00+00:00,22.6,59929
2026-07-12,hcmc,accepted,507253a5-d227-43f0-adad-904858e6fbd1,23.1,2026-07-12T01:00:00+00:00,23.1,59930
2026-07-12,hcmc,accepted,507253a5-d227-43f0-adad-904858e6fbd1,25.3,2026-07-12T02:00:00+00:00,25.3,59931
2026-07-12,hcmc,accepted,507253a5-d227-43f0-adad-904858e6fbd1,25.6,2026-07-12T03:00:00+00:00,25.6,59932
2026-07-12,hcmc,accepted,507253a5-d227-43f0-adad-904858e6fbd1,25.3,2026-07-12T04:00:00+00:00,25.3,59933
2026-07-12,hcmc,accepted,507253a5-d227-43f0-adad-904858e6fbd1,24.4,2026-07-12T05:00:00+00:00,24.4,59934
2026-07-12,hcmc,accepted,507253a5-d227-43f0-adad-904858e6fbd1,20.9,2026-07-12T06:00:00+00:00,20.9,59935
2026-07-12,hcmc,accepted,507253a5-d227-43f0-adad-904858e6fbd1,21.3,2026-07-12T07:00:00+00:00,21.3,59936
2026-07-12,hcmc,accepted,507253a5-d227-43f0-adad-904858e6fbd1,21.5,2026-07-12T08:00:00+00:00,21.5,59937
2026-07-12,hcmc,accepted,507253a5-d227-43f0-adad-904858e6fbd1,22.8,2026-07-12T09:00:00+00:00,22.8,59938
2026-07-12,hcmc,accepted,507253a5-d227-43f0-adad-904858e6fbd1,25.3,2026-07-12T10:00:00+00:00,25.3,59939
2026-07-12,hcmc,accepted,507253a5-d227-43f0-adad-904858e6fbd1,25.5,2026-07-12T11:00:00+00:00,25.5,59940
2026-07-12,hcmc,accepted,507253a5-d227-43f0-adad-904858e6fbd1,26.5,2026-07-12T12:00:00+00:00,26.5,59941
2026-07-12,hcmc,accepted,507253a5-d227-43f0-adad-904858e6fbd1,27.2,2026-07-12T13:00:00+00:00,27.2,59942
2026-07-12,hcmc,accepted,507253a5-d227-43f0-adad-904858e6fbd1,29.2,2026-07-12T14:00:00+00:00,29.2,59943
2026-07-12,hcmc,accepted,507253a5-d227-43f0-adad-904858e6fbd1,32.0,2026-07-12T15:00:00+00:00,32.0,59944
2026-07-12,hcmc,accepted,507253a5-d227-43f0-adad-904858e6fbd1,34.8,2026-07-12T16:00:00+00:00,34.8,59945
2026-07-13,hcmc,accepted,507253a5-d227-43f0-adad-904858e6fbd1,35.9,2026-07-12T17:00:00+00:00,35.9,59946
2026-07-13,hcmc,accepted,507253a5-d227-43f0-adad-904858e6fbd1,36.6,2026-07-12T18:00:00+00:00,36.6,59947
2026-07-13,hcmc,accepted,507253a5-d227-43f0-adad-904858e6fbd1,37.3,2026-07-12T19:00:00+00:00,37.3,59948
2026-07-13,hcmc,accepted,507253a5-d227-43f0-adad-904858e6fbd1,40.3,2026-07-12T20:00:00+00:00,40.3,59949
2026-07-13,hcmc,accepted,507253a5-d227-43f0-adad-904858e6fbd1,44.9,2026-07-12T21:00:00+00:00,44.9,59950
2026-07-13,hcmc,accepted,507253a5-d227-43f0-adad-904858e6fbd1,45.5,2026-07-12T22:00:00+00:00,45.5,59951
2026-07-13,hcmc,accepted,507253a5-d227-43f0-adad-904858e6fbd1,40.2,2026-07-12T23:00:00+00:00,40.2,59952
2026-07-13,hcmc,accepted,939eb918-4780-45c9-a70a-afa3e9de2e50,27.9,2026-07-13T00:00:00+00:00,27.9,60961
2026-07-13,hcmc,accepted,939eb918-4780-45c9-a70a-afa3e9de2e50,26.4,2026-07-13T01:00:00+00:00,26.4,60962
2026-07-13,hcmc,accepted,939eb918-4780-45c9-a70a-afa3e9de2e50,27.3,2026-07-13T02:00:00+00:00,27.3,60963
2026-07-13,hcmc,accepted,939eb918-4780-45c9-a70a-afa3e9de2e50,27.8,2026-07-13T03:00:00+00:00,27.8,60964
2026-07-13,hcmc,accepted,939eb918-4780-45c9-a70a-afa3e9de2e50,25.4,2026-07-13T04:00:00+00:00,25.4,60965
2026-07-13,hcmc,accepted,939eb918-4780-45c9-a70a-afa3e9de2e50,25.8,2026-07-13T05:00:00+00:00,25.8,60966
2026-07-13,hcmc,accepted,939eb918-4780-45c9-a70a-afa3e9de2e50,23.9,2026-07-13T06:00:00+00:00,23.9,60967
2026-07-13,hcmc,accepted,939eb918-4780-45c9-a70a-afa3e9de2e50,22.5,2026-07-13T07:00:00+00:00,22.5,60968
2026-07-13,hcmc,accepted,939eb918-4780-45c9-a70a-afa3e9de2e50,21.8,2026-07-13T08:00:00+00:00,21.8,60969
2026-07-13,hcmc,accepted,939eb918-4780-45c9-a70a-afa3e9de2e50,23.6,2026-07-13T09:00:00+00:00,23.6,60970
2026-07-13,hcmc,accepted,939eb918-4780-45c9-a70a-afa3e9de2e50,27.1,2026-07-13T10:00:00+00:00,27.1,60971
2026-07-13,hcmc,accepted,939eb918-4780-45c9-a70a-afa3e9de2e50,32.4,2026-07-13T11:00:00+00:00,32.4,60972
2026-07-13,hcmc,accepted,939eb918-4780-45c9-a70a-afa3e9de2e50,26.1,2026-07-13T12:00:00+00:00,26.1,60973
2026-07-13,hcmc,accepted,939eb918-4780-45c9-a70a-afa3e9de2e50,28.1,2026-07-13T13:00:00+00:00,28.1,60974
2026-07-13,hcmc,accepted,939eb918-4780-45c9-a70a-afa3e9de2e50,31.5,2026-07-13T14:00:00+00:00,31.5,60975
2026-07-13,hcmc,accepted,939eb918-4780-45c9-a70a-afa3e9de2e50,34.6,2026-07-13T15:00:00+00:00,34.6,60976
2026-07-13,hcmc,accepted,939eb918-4780-45c9-a70a-afa3e9de2e50,32.6,2026-07-13T16:00:00+00:00,32.6,60977
2026-07-14,hcmc,accepted,939eb918-4780-45c9-a70a-afa3e9de2e50,28.5,2026-07-13T17:00:00+00:00,28.5,60978
2026-07-14,hcmc,accepted,939eb918-4780-45c9-a70a-afa3e9de2e50,25.1,2026-07-13T18:00:00+00:00,25.1,60979
2026-07-14,hcmc,accepted,939eb918-4780-45c9-a70a-afa3e9de2e50,22.5,2026-07-13T19:00:00+00:00,22.5,60980
2026-07-14,hcmc,accepted,939eb918-4780-45c9-a70a-afa3e9de2e50,21.7,2026-07-13T20:00:00+00:00,21.7,60981
2026-07-14,hcmc,accepted,939eb918-4780-45c9-a70a-afa3e9de2e50,20.6,2026-07-13T21:00:00+00:00,20.6,60982
2026-07-14,hcmc,accepted,939eb918-4780-45c9-a70a-afa3e9de2e50,20.2,2026-07-13T22:00:00+00:00,20.2,60983
2026-07-14,hcmc,accepted,939eb918-4780-45c9-a70a-afa3e9de2e50,21.9,2026-07-13T23:00:00+00:00,21.9,60984
2026-07-14,hcmc,accepted,939eb918-4780-45c9-a70a-afa3e9de2e50,21.3,2026-07-14T00:00:00+00:00,21.3,60985
2026-07-14,hcmc,accepted,939eb918-4780-45c9-a70a-afa3e9de2e50,21.8,2026-07-14T01:00:00+00:00,21.8,60986
2026-07-14,hcmc,accepted,939eb918-4780-45c9-a70a-afa3e9de2e50,21.8,2026-07-14T02:00:00+00:00,21.8,60987
2026-07-14,hcmc,accepted,939eb918-4780-45c9-a70a-afa3e9de2e50,20.2,2026-07-14T03:00:00+00:00,20.2,60988
2026-07-14,hcmc,accepted,939eb918-4780-45c9-a70a-afa3e9de2e50,20.0,2026-07-14T04:00:00+00:00,20.0,60989
2026-07-14,hcmc,accepted,939eb918-4780-45c9-a70a-afa3e9de2e50,19.0,2026-07-14T05:00:00+00:00,19.0,60990
2026-07-14,hcmc,accepted,939eb918-4780-45c9-a70a-afa3e9de2e50,17.1,2026-07-14T06:00:00+00:00,17.1,60991
2026-07-14,hcmc,accepted,939eb918-4780-45c9-a70a-afa3e9de2e50,16.8,2026-07-14T07:00:00+00:00,16.8,60992
2026-07-14,hcmc,accepted,939eb918-4780-45c9-a70a-afa3e9de2e50,18.0,2026-07-14T08:00:00+00:00,18.0,60993
2026-07-14,hcmc,accepted,939eb918-4780-45c9-a70a-afa3e9de2e50,21.5,2026-07-14T09:00:00+00:00,21.5,60994
2026-07-14,hcmc,accepted,939eb918-4780-45c9-a70a-afa3e9de2e50,20.4,2026-07-14T10:00:00+00:00,20.4,60995
2026-07-14,hcmc,accepted,939eb918-4780-45c9-a70a-afa3e9de2e50,23.7,2026-07-14T11:00:00+00:00,23.7,60996
2026-07-14,hcmc,accepted,939eb918-4780-45c9-a70a-afa3e9de2e50,34.6,2026-07-14T12:00:00+00:00,34.6,60997
2026-07-14,hcmc,accepted,939eb918-4780-45c9-a70a-afa3e9de2e50,33.5,2026-07-14T13:00:00+00:00,33.5,60998
2026-07-14,hcmc,accepted,939eb918-4780-45c9-a70a-afa3e9de2e50,36.3,2026-07-14T14:00:00+00:00,36.3,60999
2026-07-14,hcmc,accepted,939eb918-4780-45c9-a70a-afa3e9de2e50,38.0,2026-07-14T15:00:00+00:00,38.0,61000
2026-07-14,hcmc,accepted,939eb918-4780-45c9-a70a-afa3e9de2e50,36.2,2026-07-14T16:00:00+00:00,36.2,61001
2026-07-15,hcmc,accepted,939eb918-4780-45c9-a70a-afa3e9de2e50,33.5,2026-07-14T17:00:00+00:00,33.5,61002
2026-07-15,hcmc,accepted,939eb918-4780-45c9-a70a-afa3e9de2e50,31.5,2026-07-14T18:00:00+00:00,31.5,61003
2026-07-15,hcmc,accepted,939eb918-4780-45c9-a70a-afa3e9de2e50,30.3,2026-07-14T19:00:00+00:00,30.3,61004
2026-07-15,hcmc,accepted,939eb918-4780-45c9-a70a-afa3e9de2e50,30.0,2026-07-14T20:00:00+00:00,30.0,61005
2026-07-15,hcmc,accepted,939eb918-4780-45c9-a70a-afa3e9de2e50,29.5,2026-07-14T21:00:00+00:00,29.5,61006
2026-07-15,hcmc,accepted,939eb918-4780-45c9-a70a-afa3e9de2e50,29.6,2026-07-14T22:00:00+00:00,29.6,61007
2026-07-15,hcmc,accepted,939eb918-4780-45c9-a70a-afa3e9de2e50,31.0,2026-07-14T23:00:00+00:00,31.0,61008
2026-07-15,hcmc,accepted,939eb918-4780-45c9-a70a-afa3e9de2e50,37.7,2026-07-15T00:00:00+00:00,37.7,61009
2026-07-15,hcmc,accepted,939eb918-4780-45c9-a70a-afa3e9de2e50,32.2,2026-07-15T01:00:00+00:00,32.2,61010
2026-07-15,hcmc,accepted,939eb918-4780-45c9-a70a-afa3e9de2e50,28.1,2026-07-15T02:00:00+00:00,28.1,61011
2026-07-15,hcmc,accepted,939eb918-4780-45c9-a70a-afa3e9de2e50,26.7,2026-07-15T03:00:00+00:00,26.7,61012
2026-07-15,hcmc,accepted,939eb918-4780-45c9-a70a-afa3e9de2e50,25.5,2026-07-15T04:00:00+00:00,25.5,61013
2026-07-15,hcmc,accepted,939eb918-4780-45c9-a70a-afa3e9de2e50,24.6,2026-07-15T05:00:00+00:00,24.6,61014
2026-07-15,hcmc,accepted,939eb918-4780-45c9-a70a-afa3e9de2e50,24.2,2026-07-15T06:00:00+00:00,24.2,61015
2026-07-15,hcmc,accepted,939eb918-4780-45c9-a70a-afa3e9de2e50,24.2,2026-07-15T07:00:00+00:00,24.2,61016
2026-07-15,hcmc,accepted,939eb918-4780-45c9-a70a-afa3e9de2e50,25.4,2026-07-15T08:00:00+00:00,25.4,61017
2026-07-15,hcmc,accepted,939eb918-4780-45c9-a70a-afa3e9de2e50,25.7,2026-07-15T09:00:00+00:00,25.7,61018
2026-07-15,hcmc,accepted,939eb918-4780-45c9-a70a-afa3e9de2e50,29.5,2026-07-15T10:00:00+00:00,29.5,61019
2026-07-15,hcmc,accepted,939eb918-4780-45c9-a70a-afa3e9de2e50,33.4,2026-07-15T11:00:00+00:00,33.4,61020
2026-07-15,hcmc,accepted,939eb918-4780-45c9-a70a-afa3e9de2e50,39.2,2026-07-15T12:00:00+00:00,39.2,61021
2026-07-15,hcmc,accepted,939eb918-4780-45c9-a70a-afa3e9de2e50,42.1,2026-07-15T13:00:00+00:00,42.1,61022
2026-07-15,hcmc,accepted,939eb918-4780-45c9-a70a-afa3e9de2e50,46.9,2026-07-15T14:00:00+00:00,46.9,61023
2026-07-15,hcmc,accepted,939eb918-4780-45c9-a70a-afa3e9de2e50,53.4,2026-07-15T15:00:00+00:00,53.4,61024
2026-07-15,hcmc,accepted,939eb918-4780-45c9-a70a-afa3e9de2e50,51.7,2026-07-15T16:00:00+00:00,51.7,61025
2026-07-16,hcmc,accepted,939eb918-4780-45c9-a70a-afa3e9de2e50,47.4,2026-07-15T17:00:00+00:00,47.4,61026
2026-07-16,hcmc,accepted,939eb918-4780-45c9-a70a-afa3e9de2e50,45.8,2026-07-15T18:00:00+00:00,45.8,61027
2026-07-16,hcmc,accepted,939eb918-4780-45c9-a70a-afa3e9de2e50,46.0,2026-07-15T19:00:00+00:00,46.0,61028
2026-07-16,hcmc,accepted,939eb918-4780-45c9-a70a-afa3e9de2e50,46.2,2026-07-15T20:00:00+00:00,46.2,61029
2026-07-16,hcmc,accepted,939eb918-4780-45c9-a70a-afa3e9de2e50,47.0,2026-07-15T21:00:00+00:00,47.0,61030
2026-07-16,hcmc,accepted,939eb918-4780-45c9-a70a-afa3e9de2e50,49.0,2026-07-15T22:00:00+00:00,49.0,61031
2026-07-16,hcmc,accepted,939eb918-4780-45c9-a70a-afa3e9de2e50,51.7,2026-07-15T23:00:00+00:00,51.7,61032
2026-07-16,hcmc,accepted,939eb918-4780-45c9-a70a-afa3e9de2e50,28.0,2026-07-16T00:00:00+00:00,28.0,61033
2026-07-16,hcmc,accepted,939eb918-4780-45c9-a70a-afa3e9de2e50,28.1,2026-07-16T01:00:00+00:00,28.1,61034
2026-07-16,hcmc,accepted,939eb918-4780-45c9-a70a-afa3e9de2e50,27.0,2026-07-16T02:00:00+00:00,27.0,61035
2026-07-16,hcmc,accepted,939eb918-4780-45c9-a70a-afa3e9de2e50,23.9,2026-07-16T03:00:00+00:00,23.9,61036
2026-07-16,hcmc,accepted,939eb918-4780-45c9-a70a-afa3e9de2e50,22.1,2026-07-16T04:00:00+00:00,22.1,61037
2026-07-16,hcmc,accepted,939eb918-4780-45c9-a70a-afa3e9de2e50,24.6,2026-07-16T05:00:00+00:00,24.6,61038
2026-07-16,hcmc,accepted,939eb918-4780-45c9-a70a-afa3e9de2e50,25.4,2026-07-16T06:00:00+00:00,25.4,61039
2026-07-16,hcmc,accepted,939eb918-4780-45c9-a70a-afa3e9de2e50,23.2,2026-07-16T07:00:00+00:00,23.2,61040
2026-07-16,hcmc,accepted,939eb918-4780-45c9-a70a-afa3e9de2e50,24.8,2026-07-16T08:00:00+00:00,24.8,61041
2026-07-16,hcmc,accepted,939eb918-4780-45c9-a70a-afa3e9de2e50,26.1,2026-07-16T09:00:00+00:00,26.1,61042
2026-07-16,hcmc,accepted,939eb918-4780-45c9-a70a-afa3e9de2e50,26.9,2026-07-16T10:00:00+00:00,26.9,61043
2026-07-16,hcmc,accepted,939eb918-4780-45c9-a70a-afa3e9de2e50,28.6,2026-07-16T11:00:00+00:00,28.6,61044
2026-07-16,hcmc,accepted,939eb918-4780-45c9-a70a-afa3e9de2e50,44.5,2026-07-16T12:00:00+00:00,44.5,61045
2026-07-16,hcmc,accepted,939eb918-4780-45c9-a70a-afa3e9de2e50,51.7,2026-07-16T13:00:00+00:00,51.7,61046
2026-07-16,hcmc,accepted,939eb918-4780-45c9-a70a-afa3e9de2e50,60.8,2026-07-16T14:00:00+00:00,60.8,61047
2026-07-16,hcmc,accepted,939eb918-4780-45c9-a70a-afa3e9de2e50,69.2,2026-07-16T15:00:00+00:00,69.2,61048
2026-07-16,hcmc,accepted,939eb918-4780-45c9-a70a-afa3e9de2e50,73.6,2026-07-16T16:00:00+00:00,73.6,61049
2026-07-17,hcmc,accepted,939eb918-4780-45c9-a70a-afa3e9de2e50,68.0,2026-07-16T17:00:00+00:00,68.0,61050
2026-07-17,hcmc,accepted,939eb918-4780-45c9-a70a-afa3e9de2e50,63.3,2026-07-16T18:00:00+00:00,63.3,61051
2026-07-17,hcmc,accepted,939eb918-4780-45c9-a70a-afa3e9de2e50,62.2,2026-07-16T19:00:00+00:00,62.2,61052
2026-07-17,hcmc,accepted,939eb918-4780-45c9-a70a-afa3e9de2e50,64.0,2026-07-16T20:00:00+00:00,64.0,61053
2026-07-17,hcmc,accepted,939eb918-4780-45c9-a70a-afa3e9de2e50,68.7,2026-07-16T21:00:00+00:00,68.7,61054
2026-07-17,hcmc,accepted,939eb918-4780-45c9-a70a-afa3e9de2e50,74.5,2026-07-16T22:00:00+00:00,74.5,61055
2026-07-17,hcmc,accepted,939eb918-4780-45c9-a70a-afa3e9de2e50,78.9,2026-07-16T23:00:00+00:00,78.9,61056
2026-07-17,hcmc,accepted,939eb918-4780-45c9-a70a-afa3e9de2e50,53.7,2026-07-17T00:00:00+00:00,53.7,61057
2026-07-17,hcmc,accepted,939eb918-4780-45c9-a70a-afa3e9de2e50,49.2,2026-07-17T01:00:00+00:00,49.2,61058
2026-07-17,hcmc,accepted,939eb918-4780-45c9-a70a-afa3e9de2e50,41.4,2026-07-17T02:00:00+00:00,41.4,61059
2026-07-17,hcmc,accepted,939eb918-4780-45c9-a70a-afa3e9de2e50,37.3,2026-07-17T03:00:00+00:00,37.3,61060
2026-07-17,hcmc,accepted,939eb918-4780-45c9-a70a-afa3e9de2e50,34.0,2026-07-17T04:00:00+00:00,34.0,61061
2026-07-17,hcmc,accepted,939eb918-4780-45c9-a70a-afa3e9de2e50,32.2,2026-07-17T05:00:00+00:00,32.2,61062
2026-07-17,hcmc,accepted,939eb918-4780-45c9-a70a-afa3e9de2e50,31.1,2026-07-17T06:00:00+00:00,31.1,61063
2026-07-17,hcmc,accepted,939eb918-4780-45c9-a70a-afa3e9de2e50,30.2,2026-07-17T07:00:00+00:00,30.2,61064
2026-07-17,hcmc,accepted,939eb918-4780-45c9-a70a-afa3e9de2e50,29.3,2026-07-17T08:00:00+00:00,29.3,61065
2026-07-17,hcmc,accepted,939eb918-4780-45c9-a70a-afa3e9de2e50,27.9,2026-07-17T09:00:00+00:00,27.9,61066
2026-07-17,hcmc,accepted,939eb918-4780-45c9-a70a-afa3e9de2e50,32.4,2026-07-17T10:00:00+00:00,32.4,61067
2026-07-17,hcmc,accepted,939eb918-4780-45c9-a70a-afa3e9de2e50,39.7,2026-07-17T11:00:00+00:00,39.7,61068
2026-07-17,hcmc,accepted,939eb918-4780-45c9-a70a-afa3e9de2e50,56.0,2026-07-17T12:00:00+00:00,56.0,61069
2026-07-17,hcmc,accepted,939eb918-4780-45c9-a70a-afa3e9de2e50,50.8,2026-07-17T13:00:00+00:00,50.8,61070
2026-07-17,hcmc,accepted,939eb918-4780-45c9-a70a-afa3e9de2e50,60.8,2026-07-17T14:00:00+00:00,60.8,61071
2026-07-17,hcmc,accepted,939eb918-4780-45c9-a70a-afa3e9de2e50,68.9,2026-07-17T15:00:00+00:00,68.9,61072
2026-07-17,hcmc,accepted,939eb918-4780-45c9-a70a-afa3e9de2e50,67.5,2026-07-17T16:00:00+00:00,67.5,61073
2026-07-18,hcmc,accepted,939eb918-4780-45c9-a70a-afa3e9de2e50,60.5,2026-07-17T17:00:00+00:00,60.5,61074
2026-07-18,hcmc,accepted,939eb918-4780-45c9-a70a-afa3e9de2e50,56.1,2026-07-17T18:00:00+00:00,56.1,61075
2026-07-18,hcmc,accepted,939eb918-4780-45c9-a70a-afa3e9de2e50,53.9,2026-07-17T19:00:00+00:00,53.9,61076
2026-07-18,hcmc,accepted,939eb918-4780-45c9-a70a-afa3e9de2e50,54.1,2026-07-17T20:00:00+00:00,54.1,61077
2026-07-18,hcmc,accepted,939eb918-4780-45c9-a70a-afa3e9de2e50,56.3,2026-07-17T21:00:00+00:00,56.3,61078
2026-07-18,hcmc,accepted,939eb918-4780-45c9-a70a-afa3e9de2e50,59.5,2026-07-17T22:00:00+00:00,59.5,61079
2026-07-18,hcmc,accepted,939eb918-4780-45c9-a70a-afa3e9de2e50,65.4,2026-07-17T23:00:00+00:00,65.4,61080
2026-07-18,hcmc,accepted,939eb918-4780-45c9-a70a-afa3e9de2e50,48.4,2026-07-18T00:00:00+00:00,48.4,61081
2026-07-18,hcmc,accepted,939eb918-4780-45c9-a70a-afa3e9de2e50,42.7,2026-07-18T01:00:00+00:00,42.7,61082
2026-07-18,hcmc,accepted,939eb918-4780-45c9-a70a-afa3e9de2e50,37.0,2026-07-18T02:00:00+00:00,37.0,61083
2026-07-18,hcmc,accepted,939eb918-4780-45c9-a70a-afa3e9de2e50,33.9,2026-07-18T03:00:00+00:00,33.9,61084
2026-07-18,hcmc,accepted,939eb918-4780-45c9-a70a-afa3e9de2e50,33.2,2026-07-18T04:00:00+00:00,33.2,61085
2026-07-18,hcmc,accepted,939eb918-4780-45c9-a70a-afa3e9de2e50,33.2,2026-07-18T05:00:00+00:00,33.2,61086
2026-07-18,hcmc,accepted,939eb918-4780-45c9-a70a-afa3e9de2e50,32.7,2026-07-18T06:00:00+00:00,32.7,61087
2026-07-18,hcmc,accepted,939eb918-4780-45c9-a70a-afa3e9de2e50,30.9,2026-07-18T07:00:00+00:00,30.9,61088
2026-07-18,hcmc,accepted,939eb918-4780-45c9-a70a-afa3e9de2e50,28.5,2026-07-18T08:00:00+00:00,28.5,61089
2026-07-18,hcmc,accepted,939eb918-4780-45c9-a70a-afa3e9de2e50,25.5,2026-07-18T09:00:00+00:00,25.5,61090
2026-07-18,hcmc,accepted,939eb918-4780-45c9-a70a-afa3e9de2e50,28.9,2026-07-18T10:00:00+00:00,28.9,61091
2026-07-18,hcmc,accepted,939eb918-4780-45c9-a70a-afa3e9de2e50,35.2,2026-07-18T11:00:00+00:00,35.2,61092
2026-07-18,hcmc,accepted,939eb918-4780-45c9-a70a-afa3e9de2e50,39.6,2026-07-18T12:00:00+00:00,39.6,61093
2026-07-18,hcmc,accepted,939eb918-4780-45c9-a70a-afa3e9de2e50,49.6,2026-07-18T13:00:00+00:00,49.6,61094
2026-07-18,hcmc,accepted,939eb918-4780-45c9-a70a-afa3e9de2e50,58.4,2026-07-18T14:00:00+00:00,58.4,61095
2026-07-18,hcmc,accepted,939eb918-4780-45c9-a70a-afa3e9de2e50,65.2,2026-07-18T15:00:00+00:00,65.2,61096
2026-07-18,hcmc,accepted,939eb918-4780-45c9-a70a-afa3e9de2e50,69.4,2026-07-18T16:00:00+00:00,69.4,61097
2026-07-19,hcmc,accepted,939eb918-4780-45c9-a70a-afa3e9de2e50,70.1,2026-07-18T17:00:00+00:00,70.1,61098
2026-07-19,hcmc,accepted,939eb918-4780-45c9-a70a-afa3e9de2e50,71.7,2026-07-18T18:00:00+00:00,71.7,61099
2026-07-19,hcmc,accepted,939eb918-4780-45c9-a70a-afa3e9de2e50,73.3,2026-07-18T19:00:00+00:00,73.3,61100
2026-07-19,hcmc,accepted,939eb918-4780-45c9-a70a-afa3e9de2e50,73.6,2026-07-18T20:00:00+00:00,73.6,61101
2026-07-19,hcmc,accepted,939eb918-4780-45c9-a70a-afa3e9de2e50,73.6,2026-07-18T21:00:00+00:00,73.6,61102
2026-07-19,hcmc,accepted,939eb918-4780-45c9-a70a-afa3e9de2e50,74.3,2026-07-18T22:00:00+00:00,74.3,61103
2026-07-19,hcmc,accepted,939eb918-4780-45c9-a70a-afa3e9de2e50,76.6,2026-07-18T23:00:00+00:00,76.6,61104
2026-07-19,hcmc,accepted,939eb918-4780-45c9-a70a-afa3e9de2e50,31.8,2026-07-19T00:00:00+00:00,31.8,61105
2026-07-19,hcmc,accepted,939eb918-4780-45c9-a70a-afa3e9de2e50,27.8,2026-07-19T01:00:00+00:00,27.8,61106
2026-07-19,hcmc,accepted,939eb918-4780-45c9-a70a-afa3e9de2e50,25.6,2026-07-19T02:00:00+00:00,25.6,61107
2026-07-19,hcmc,accepted,939eb918-4780-45c9-a70a-afa3e9de2e50,28.3,2026-07-19T03:00:00+00:00,28.3,61108
2026-07-19,hcmc,accepted,939eb918-4780-45c9-a70a-afa3e9de2e50,30.9,2026-07-19T04:00:00+00:00,30.9,61109
2026-07-19,hcmc,accepted,939eb918-4780-45c9-a70a-afa3e9de2e50,31.2,2026-07-19T05:00:00+00:00,31.2,61110
2026-07-19,hcmc,accepted,939eb918-4780-45c9-a70a-afa3e9de2e50,30.6,2026-07-19T06:00:00+00:00,30.6,61111
2026-07-19,hcmc,accepted,939eb918-4780-45c9-a70a-afa3e9de2e50,29.8,2026-07-19T07:00:00+00:00,29.8,61112
2026-07-19,hcmc,accepted,939eb918-4780-45c9-a70a-afa3e9de2e50,29.5,2026-07-19T08:00:00+00:00,29.5,61113
2026-07-19,hcmc,accepted,939eb918-4780-45c9-a70a-afa3e9de2e50,26.9,2026-07-19T09:00:00+00:00,26.9,61114
2026-07-19,hcmc,accepted,939eb918-4780-45c9-a70a-afa3e9de2e50,27.8,2026-07-19T10:00:00+00:00,27.8,61115
2026-07-19,hcmc,accepted,939eb918-4780-45c9-a70a-afa3e9de2e50,34.3,2026-07-19T11:00:00+00:00,34.3,61116
2026-07-19,hcmc,accepted,939eb918-4780-45c9-a70a-afa3e9de2e50,41.6,2026-07-19T12:00:00+00:00,41.6,61117
2026-07-19,hcmc,accepted,939eb918-4780-45c9-a70a-afa3e9de2e50,42.6,2026-07-19T13:00:00+00:00,42.6,61118
2026-07-19,hcmc,accepted,939eb918-4780-45c9-a70a-afa3e9de2e50,41.0,2026-07-19T14:00:00+00:00,41.0,61119
2026-07-19,hcmc,accepted,939eb918-4780-45c9-a70a-afa3e9de2e50,37.8,2026-07-19T15:00:00+00:00,37.8,61120
2026-07-19,hcmc,accepted,939eb918-4780-45c9-a70a-afa3e9de2e50,34.7,2026-07-19T16:00:00+00:00,34.7,61121
2026-07-20,hcmc,accepted,939eb918-4780-45c9-a70a-afa3e9de2e50,31.9,2026-07-19T17:00:00+00:00,31.9,61122
2026-07-20,hcmc,accepted,939eb918-4780-45c9-a70a-afa3e9de2e50,30.6,2026-07-19T18:00:00+00:00,30.6,61123
2026-07-20,hcmc,accepted,939eb918-4780-45c9-a70a-afa3e9de2e50,29.9,2026-07-19T19:00:00+00:00,29.9,61124
2026-07-20,hcmc,accepted,939eb918-4780-45c9-a70a-afa3e9de2e50,29.9,2026-07-19T20:00:00+00:00,29.9,61125
2026-07-20,hcmc,accepted,939eb918-4780-45c9-a70a-afa3e9de2e50,31.0,2026-07-19T21:00:00+00:00,31.0,61126
2026-07-20,hcmc,accepted,939eb918-4780-45c9-a70a-afa3e9de2e50,32.8,2026-07-19T22:00:00+00:00,32.8,61127
2026-07-20,hcmc,accepted,939eb918-4780-45c9-a70a-afa3e9de2e50,35.5,2026-07-19T23:00:00+00:00,35.5,61128
2026-07-20,hcmc,accepted,68aff86b-5130-4012-9763-340c000bea89,21.9,2026-07-20T00:00:00+00:00,21.9,62137
2026-07-20,hcmc,accepted,68aff86b-5130-4012-9763-340c000bea89,21.4,2026-07-20T01:00:00+00:00,21.4,62138
2026-07-20,hcmc,accepted,68aff86b-5130-4012-9763-340c000bea89,21.2,2026-07-20T02:00:00+00:00,21.2,62139
2026-07-20,hcmc,accepted,68aff86b-5130-4012-9763-340c000bea89,22.8,2026-07-20T03:00:00+00:00,22.8,62140
2026-07-20,hcmc,accepted,68aff86b-5130-4012-9763-340c000bea89,24.6,2026-07-20T04:00:00+00:00,24.6,62141
2026-07-20,hcmc,accepted,68aff86b-5130-4012-9763-340c000bea89,25.6,2026-07-20T05:00:00+00:00,25.6,62142
2026-07-20,hcmc,accepted,68aff86b-5130-4012-9763-340c000bea89,26.0,2026-07-20T06:00:00+00:00,26.0,62143
2026-07-20,hcmc,accepted,68aff86b-5130-4012-9763-340c000bea89,26.1,2026-07-20T07:00:00+00:00,26.1,62144
2026-07-20,hcmc,accepted,68aff86b-5130-4012-9763-340c000bea89,26.9,2026-07-20T08:00:00+00:00,26.9,62145
2026-07-20,hcmc,accepted,68aff86b-5130-4012-9763-340c000bea89,28.1,2026-07-20T09:00:00+00:00,28.1,62146
2026-07-20,hcmc,accepted,68aff86b-5130-4012-9763-340c000bea89,32.6,2026-07-20T10:00:00+00:00,32.6,62147
2026-07-20,hcmc,accepted,68aff86b-5130-4012-9763-340c000bea89,43.1,2026-07-20T11:00:00+00:00,43.1,62148
2026-07-20,hcmc,accepted,68aff86b-5130-4012-9763-340c000bea89,48.8,2026-07-20T12:00:00+00:00,48.8,62149
2026-07-20,hcmc,accepted,68aff86b-5130-4012-9763-340c000bea89,47.1,2026-07-20T13:00:00+00:00,47.1,62150
2026-07-20,hcmc,accepted,68aff86b-5130-4012-9763-340c000bea89,42.6,2026-07-20T14:00:00+00:00,42.6,62151
2026-07-20,hcmc,accepted,68aff86b-5130-4012-9763-340c000bea89,38.3,2026-07-20T15:00:00+00:00,38.3,62152
2026-07-20,hcmc,accepted,68aff86b-5130-4012-9763-340c000bea89,33.5,2026-07-20T16:00:00+00:00,33.5,62153
2026-07-21,hcmc,accepted,68aff86b-5130-4012-9763-340c000bea89,30.0,2026-07-20T17:00:00+00:00,30.0,62154
2026-07-21,hcmc,accepted,68aff86b-5130-4012-9763-340c000bea89,28.1,2026-07-20T18:00:00+00:00,28.1,62155
2026-07-21,hcmc,accepted,68aff86b-5130-4012-9763-340c000bea89,27.8,2026-07-20T19:00:00+00:00,27.8,62156
2026-07-21,hcmc,accepted,68aff86b-5130-4012-9763-340c000bea89,28.7,2026-07-20T20:00:00+00:00,28.7,62157
2026-07-21,hcmc,accepted,68aff86b-5130-4012-9763-340c000bea89,30.6,2026-07-20T21:00:00+00:00,30.6,62158
2026-07-21,hcmc,accepted,68aff86b-5130-4012-9763-340c000bea89,34.1,2026-07-20T22:00:00+00:00,34.1,62159
2026-07-21,hcmc,accepted,68aff86b-5130-4012-9763-340c000bea89,40.3,2026-07-20T23:00:00+00:00,40.3,62160
2026-07-21,hcmc,accepted,68aff86b-5130-4012-9763-340c000bea89,31.7,2026-07-21T00:00:00+00:00,31.7,62161
2026-07-21,hcmc,accepted,68aff86b-5130-4012-9763-340c000bea89,28.6,2026-07-21T01:00:00+00:00,28.6,62162
2026-07-21,hcmc,accepted,68aff86b-5130-4012-9763-340c000bea89,27.2,2026-07-21T02:00:00+00:00,27.2,62163
2026-07-21,hcmc,accepted,68aff86b-5130-4012-9763-340c000bea89,30.4,2026-07-21T03:00:00+00:00,30.4,62164
2026-07-21,hcmc,accepted,68aff86b-5130-4012-9763-340c000bea89,33.1,2026-07-21T04:00:00+00:00,33.1,62165
2026-07-21,hcmc,accepted,68aff86b-5130-4012-9763-340c000bea89,31.3,2026-07-21T05:00:00+00:00,31.3,62166
2026-07-21,hcmc,accepted,68aff86b-5130-4012-9763-340c000bea89,29.7,2026-07-21T06:00:00+00:00,29.7,62167
2026-07-21,hcmc,accepted,68aff86b-5130-4012-9763-340c000bea89,28.5,2026-07-21T07:00:00+00:00,28.5,62168
2026-07-21,hcmc,accepted,68aff86b-5130-4012-9763-340c000bea89,28.1,2026-07-21T08:00:00+00:00,28.1,62169
2026-07-21,hcmc,accepted,68aff86b-5130-4012-9763-340c000bea89,28.6,2026-07-21T09:00:00+00:00,28.6,62170
2026-07-21,hcmc,accepted,68aff86b-5130-4012-9763-340c000bea89,33.6,2026-07-21T10:00:00+00:00,33.6,62171
2026-07-21,hcmc,accepted,68aff86b-5130-4012-9763-340c000bea89,49.1,2026-07-21T11:00:00+00:00,49.1,62172
2026-07-21,hcmc,accepted,68aff86b-5130-4012-9763-340c000bea89,46.7,2026-07-21T12:00:00+00:00,46.7,62173
2026-07-21,hcmc,accepted,68aff86b-5130-4012-9763-340c000bea89,52.2,2026-07-21T13:00:00+00:00,52.2,62174
2026-07-21,hcmc,accepted,68aff86b-5130-4012-9763-340c000bea89,50.9,2026-07-21T14:00:00+00:00,50.9,62175
2026-07-21,hcmc,accepted,68aff86b-5130-4012-9763-340c000bea89,46.4,2026-07-21T15:00:00+00:00,46.4,62176
2026-07-21,hcmc,accepted,68aff86b-5130-4012-9763-340c000bea89,39.9,2026-07-21T16:00:00+00:00,39.9,62177
2026-07-22,hcmc,accepted,68aff86b-5130-4012-9763-340c000bea89,34.5,2026-07-21T17:00:00+00:00,34.5,62178
2026-07-22,hcmc,accepted,68aff86b-5130-4012-9763-340c000bea89,31.2,2026-07-21T18:00:00+00:00,31.2,62179
2026-07-22,hcmc,accepted,68aff86b-5130-4012-9763-340c000bea89,30.0,2026-07-21T19:00:00+00:00,30.0,62180
2026-07-22,hcmc,accepted,68aff86b-5130-4012-9763-340c000bea89,30.2,2026-07-21T20:00:00+00:00,30.2,62181
2026-07-22,hcmc,accepted,68aff86b-5130-4012-9763-340c000bea89,31.0,2026-07-21T21:00:00+00:00,31.0,62182
2026-07-22,hcmc,accepted,68aff86b-5130-4012-9763-340c000bea89,32.1,2026-07-21T22:00:00+00:00,32.1,62183
2026-07-22,hcmc,accepted,68aff86b-5130-4012-9763-340c000bea89,34.9,2026-07-21T23:00:00+00:00,34.9,62184
2026-07-22,hcmc,accepted,68aff86b-5130-4012-9763-340c000bea89,34.9,2026-07-22T00:00:00+00:00,34.9,62185
2026-07-22,hcmc,accepted,68aff86b-5130-4012-9763-340c000bea89,33.2,2026-07-22T01:00:00+00:00,33.2,62186
2026-07-22,hcmc,accepted,68aff86b-5130-4012-9763-340c000bea89,30.3,2026-07-22T02:00:00+00:00,30.3,62187
2026-07-22,hcmc,accepted,68aff86b-5130-4012-9763-340c000bea89,28.8,2026-07-22T03:00:00+00:00,28.8,62188
2026-07-22,hcmc,accepted,68aff86b-5130-4012-9763-340c000bea89,27.9,2026-07-22T04:00:00+00:00,27.9,62189
2026-07-22,hcmc,accepted,68aff86b-5130-4012-9763-340c000bea89,26.4,2026-07-22T05:00:00+00:00,26.4,62190
2026-07-22,hcmc,accepted,68aff86b-5130-4012-9763-340c000bea89,25.3,2026-07-22T06:00:00+00:00,25.3,62191
2026-07-22,hcmc,accepted,68aff86b-5130-4012-9763-340c000bea89,24.9,2026-07-22T07:00:00+00:00,24.9,62192
2026-07-22,hcmc,accepted,68aff86b-5130-4012-9763-340c000bea89,24.6,2026-07-22T08:00:00+00:00,24.6,62193
2026-07-22,hcmc,accepted,68aff86b-5130-4012-9763-340c000bea89,24.1,2026-07-22T09:00:00+00:00,24.1,62194
2026-07-22,hcmc,accepted,68aff86b-5130-4012-9763-340c000bea89,25.6,2026-07-22T10:00:00+00:00,25.6,62195
2026-07-22,hcmc,accepted,68aff86b-5130-4012-9763-340c000bea89,36.2,2026-07-22T11:00:00+00:00,36.2,62196
2026-07-22,hcmc,accepted,68aff86b-5130-4012-9763-340c000bea89,55.1,2026-07-22T12:00:00+00:00,55.1,62197
2026-07-22,hcmc,accepted,68aff86b-5130-4012-9763-340c000bea89,55.4,2026-07-22T13:00:00+00:00,55.4,62198
2026-07-22,hcmc,accepted,68aff86b-5130-4012-9763-340c000bea89,48.1,2026-07-22T14:00:00+00:00,48.1,62199
2026-07-22,hcmc,accepted,68aff86b-5130-4012-9763-340c000bea89,39.0,2026-07-22T15:00:00+00:00,39.0,62200
2026-07-22,hcmc,accepted,68aff86b-5130-4012-9763-340c000bea89,32.2,2026-07-22T16:00:00+00:00,32.2,62201
2026-07-23,hcmc,accepted,68aff86b-5130-4012-9763-340c000bea89,27.8,2026-07-22T17:00:00+00:00,27.8,62202
2026-07-23,hcmc,accepted,68aff86b-5130-4012-9763-340c000bea89,26.0,2026-07-22T18:00:00+00:00,26.0,62203
2026-07-23,hcmc,accepted,68aff86b-5130-4012-9763-340c000bea89,25.6,2026-07-22T19:00:00+00:00,25.6,62204
2026-07-23,hcmc,accepted,68aff86b-5130-4012-9763-340c000bea89,25.9,2026-07-22T20:00:00+00:00,25.9,62205
2026-07-23,hcmc,accepted,68aff86b-5130-4012-9763-340c000bea89,26.6,2026-07-22T21:00:00+00:00,26.6,62206
2026-07-23,hcmc,accepted,68aff86b-5130-4012-9763-340c000bea89,28.1,2026-07-22T22:00:00+00:00,28.1,62207
2026-07-23,hcmc,accepted,68aff86b-5130-4012-9763-340c000bea89,30.9,2026-07-22T23:00:00+00:00,30.9,62208
2026-07-23,hcmc,accepted,68aff86b-5130-4012-9763-340c000bea89,29.4,2026-07-23T00:00:00+00:00,29.4,62209
2026-07-23,hcmc,accepted,68aff86b-5130-4012-9763-340c000bea89,29.3,2026-07-23T01:00:00+00:00,29.3,62210
2026-07-23,hcmc,accepted,68aff86b-5130-4012-9763-340c000bea89,27.9,2026-07-23T02:00:00+00:00,27.9,62211
2026-07-23,hcmc,accepted,68aff86b-5130-4012-9763-340c000bea89,27.9,2026-07-23T03:00:00+00:00,27.9,62212
2026-07-23,hcmc,accepted,68aff86b-5130-4012-9763-340c000bea89,28.2,2026-07-23T04:00:00+00:00,28.2,62213
2026-07-23,hcmc,accepted,68aff86b-5130-4012-9763-340c000bea89,28.2,2026-07-23T05:00:00+00:00,28.2,62214
2026-07-23,hcmc,accepted,68aff86b-5130-4012-9763-340c000bea89,27.1,2026-07-23T06:00:00+00:00,27.1,62215
2026-07-23,hcmc,accepted,68aff86b-5130-4012-9763-340c000bea89,25.1,2026-07-23T07:00:00+00:00,25.1,62216
2026-07-23,hcmc,accepted,68aff86b-5130-4012-9763-340c000bea89,25.7,2026-07-23T08:00:00+00:00,25.7,62217
2026-07-23,hcmc,accepted,68aff86b-5130-4012-9763-340c000bea89,26.1,2026-07-23T09:00:00+00:00,26.1,62218
2026-07-23,hcmc,accepted,68aff86b-5130-4012-9763-340c000bea89,29.0,2026-07-23T10:00:00+00:00,29.0,62219
2026-07-23,hcmc,accepted,68aff86b-5130-4012-9763-340c000bea89,32.4,2026-07-23T11:00:00+00:00,32.4,62220
2026-07-23,hcmc,accepted,68aff86b-5130-4012-9763-340c000bea89,41.3,2026-07-23T12:00:00+00:00,41.3,62221
2026-07-23,hcmc,accepted,68aff86b-5130-4012-9763-340c000bea89,45.6,2026-07-23T13:00:00+00:00,45.6,62222
2026-07-23,hcmc,accepted,68aff86b-5130-4012-9763-340c000bea89,43.0,2026-07-23T14:00:00+00:00,43.0,62223
2026-07-23,hcmc,accepted,68aff86b-5130-4012-9763-340c000bea89,38.9,2026-07-23T15:00:00+00:00,38.9,62224
2026-07-23,hcmc,accepted,68aff86b-5130-4012-9763-340c000bea89,34.7,2026-07-23T16:00:00+00:00,34.7,62225
2026-07-24,hcmc,accepted,68aff86b-5130-4012-9763-340c000bea89,31.7,2026-07-23T17:00:00+00:00,31.7,62226
2026-07-24,hcmc,accepted,68aff86b-5130-4012-9763-340c000bea89,28.8,2026-07-23T18:00:00+00:00,28.8,62227
2026-07-24,hcmc,accepted,68aff86b-5130-4012-9763-340c000bea89,27.4,2026-07-23T19:00:00+00:00,27.4,62228
2026-07-24,hcmc,accepted,68aff86b-5130-4012-9763-340c000bea89,30.0,2026-07-23T20:00:00+00:00,30.0,62229
2026-07-24,hcmc,accepted,68aff86b-5130-4012-9763-340c000bea89,34.8,2026-07-23T21:00:00+00:00,34.8,62230
2026-07-24,hcmc,accepted,68aff86b-5130-4012-9763-340c000bea89,40.5,2026-07-23T22:00:00+00:00,40.5,62231
2026-07-24,hcmc,accepted,68aff86b-5130-4012-9763-340c000bea89,46.1,2026-07-23T23:00:00+00:00,46.1,62232
2026-07-24,hcmc,accepted,68aff86b-5130-4012-9763-340c000bea89,44.2,2026-07-24T00:00:00+00:00,44.2,62233
2026-07-24,hcmc,accepted,68aff86b-5130-4012-9763-340c000bea89,37.0,2026-07-24T01:00:00+00:00,37.0,62234
2026-07-24,hcmc,accepted,68aff86b-5130-4012-9763-340c000bea89,31.9,2026-07-24T02:00:00+00:00,31.9,62235
2026-07-24,hcmc,accepted,68aff86b-5130-4012-9763-340c000bea89,30.7,2026-07-24T03:00:00+00:00,30.7,62236
2026-07-24,hcmc,accepted,68aff86b-5130-4012-9763-340c000bea89,28.5,2026-07-24T04:00:00+00:00,28.5,62237
2026-07-24,hcmc,accepted,68aff86b-5130-4012-9763-340c000bea89,22.5,2026-07-24T05:00:00+00:00,22.5,62238
2026-07-24,hcmc,accepted,68aff86b-5130-4012-9763-340c000bea89,21.4,2026-07-24T06:00:00+00:00,21.4,62239
2026-07-24,hcmc,accepted,68aff86b-5130-4012-9763-340c000bea89,22.9,2026-07-24T07:00:00+00:00,22.9,62240
2026-07-24,hcmc,accepted,68aff86b-5130-4012-9763-340c000bea89,23.9,2026-07-24T08:00:00+00:00,23.9,62241
2026-07-24,hcmc,accepted,68aff86b-5130-4012-9763-340c000bea89,22.5,2026-07-24T09:00:00+00:00,22.5,62242
2026-07-24,hcmc,accepted,68aff86b-5130-4012-9763-340c000bea89,26.8,2026-07-24T10:00:00+00:00,26.8,62243
2026-07-24,hcmc,accepted,68aff86b-5130-4012-9763-340c000bea89,31.1,2026-07-24T11:00:00+00:00,31.1,62244
2026-07-24,hcmc,accepted,68aff86b-5130-4012-9763-340c000bea89,26.1,2026-07-24T12:00:00+00:00,26.1,62245
2026-07-24,hcmc,accepted,68aff86b-5130-4012-9763-340c000bea89,24.2,2026-07-24T13:00:00+00:00,24.2,62246
2026-07-24,hcmc,accepted,68aff86b-5130-4012-9763-340c000bea89,25.6,2026-07-24T14:00:00+00:00,25.6,62247
2026-07-24,hcmc,accepted,68aff86b-5130-4012-9763-340c000bea89,24.7,2026-07-24T15:00:00+00:00,24.7,62248
2026-07-24,hcmc,accepted,68aff86b-5130-4012-9763-340c000bea89,27.0,2026-07-24T16:00:00+00:00,27.0,62249
2026-07-25,hcmc,accepted,68aff86b-5130-4012-9763-340c000bea89,30.6,2026-07-24T17:00:00+00:00,30.6,62250
2026-07-25,hcmc,accepted,68aff86b-5130-4012-9763-340c000bea89,31.3,2026-07-24T18:00:00+00:00,31.3,62251
2026-07-25,hcmc,accepted,68aff86b-5130-4012-9763-340c000bea89,31.9,2026-07-24T19:00:00+00:00,31.9,62252
2026-07-25,hcmc,accepted,68aff86b-5130-4012-9763-340c000bea89,28.1,2026-07-24T20:00:00+00:00,28.1,62253
2026-07-25,hcmc,accepted,68aff86b-5130-4012-9763-340c000bea89,24.4,2026-07-24T21:00:00+00:00,24.4,62254
2026-07-25,hcmc,accepted,68aff86b-5130-4012-9763-340c000bea89,24.2,2026-07-24T22:00:00+00:00,24.2,62255
2026-07-25,hcmc,accepted,68aff86b-5130-4012-9763-340c000bea89,26.5,2026-07-24T23:00:00+00:00,26.5,62256
2026-07-25,hcmc,accepted,68aff86b-5130-4012-9763-340c000bea89,28.8,2026-07-25T00:00:00+00:00,28.8,62257
2026-07-25,hcmc,accepted,68aff86b-5130-4012-9763-340c000bea89,25.7,2026-07-25T01:00:00+00:00,25.7,62258
2026-07-25,hcmc,accepted,68aff86b-5130-4012-9763-340c000bea89,24.5,2026-07-25T02:00:00+00:00,24.5,62259
2026-07-25,hcmc,accepted,68aff86b-5130-4012-9763-340c000bea89,16.8,2026-07-25T03:00:00+00:00,16.8,62260
2026-07-25,hcmc,accepted,68aff86b-5130-4012-9763-340c000bea89,17.2,2026-07-25T04:00:00+00:00,17.2,62261
2026-07-25,hcmc,accepted,68aff86b-5130-4012-9763-340c000bea89,20.2,2026-07-25T05:00:00+00:00,20.2,62262
2026-07-25,hcmc,accepted,68aff86b-5130-4012-9763-340c000bea89,21.2,2026-07-25T06:00:00+00:00,21.2,62263
2026-07-25,hcmc,accepted,68aff86b-5130-4012-9763-340c000bea89,20.0,2026-07-25T07:00:00+00:00,20.0,62264
2026-07-25,hcmc,accepted,68aff86b-5130-4012-9763-340c000bea89,24.5,2026-07-25T08:00:00+00:00,24.5,62265
2026-07-25,hcmc,accepted,68aff86b-5130-4012-9763-340c000bea89,23.6,2026-07-25T09:00:00+00:00,23.6,62266
2026-07-25,hcmc,accepted,68aff86b-5130-4012-9763-340c000bea89,21.7,2026-07-25T10:00:00+00:00,21.7,62267
2026-07-25,hcmc,accepted,68aff86b-5130-4012-9763-340c000bea89,20.8,2026-07-25T11:00:00+00:00,20.8,62268
2026-07-25,hcmc,accepted,68aff86b-5130-4012-9763-340c000bea89,34.0,2026-07-25T12:00:00+00:00,34.0,62269
2026-07-25,hcmc,accepted,68aff86b-5130-4012-9763-340c000bea89,34.0,2026-07-25T13:00:00+00:00,34.0,62270
2026-07-25,hcmc,accepted,68aff86b-5130-4012-9763-340c000bea89,33.8,2026-07-25T14:00:00+00:00,33.8,62271
2026-07-25,hcmc,accepted,68aff86b-5130-4012-9763-340c000bea89,33.4,2026-07-25T15:00:00+00:00,33.4,62272
2026-07-25,hcmc,accepted,68aff86b-5130-4012-9763-340c000bea89,32.4,2026-07-25T16:00:00+00:00,32.4,62273
2026-07-26,hcmc,accepted,68aff86b-5130-4012-9763-340c000bea89,29.4,2026-07-25T17:00:00+00:00,29.4,62274
2026-07-26,hcmc,accepted,68aff86b-5130-4012-9763-340c000bea89,25.7,2026-07-25T18:00:00+00:00,25.7,62275
2026-07-26,hcmc,accepted,68aff86b-5130-4012-9763-340c000bea89,22.4,2026-07-25T19:00:00+00:00,22.4,62276
2026-07-26,hcmc,accepted,68aff86b-5130-4012-9763-340c000bea89,20.4,2026-07-25T20:00:00+00:00,20.4,62277
2026-07-26,hcmc,accepted,68aff86b-5130-4012-9763-340c000bea89,20.3,2026-07-25T21:00:00+00:00,20.3,62278
2026-07-26,hcmc,accepted,68aff86b-5130-4012-9763-340c000bea89,21.5,2026-07-25T22:00:00+00:00,21.5,62279
2026-07-26,hcmc,accepted,68aff86b-5130-4012-9763-340c000bea89,21.3,2026-07-25T23:00:00+00:00,21.3,62280
2026-07-26,hcmc,accepted,68aff86b-5130-4012-9763-340c000bea89,20.9,2026-07-26T00:00:00+00:00,20.9,62281
2026-07-26,hcmc,accepted,68aff86b-5130-4012-9763-340c000bea89,17.6,2026-07-26T01:00:00+00:00,17.6,62282
2026-07-26,hcmc,accepted,68aff86b-5130-4012-9763-340c000bea89,17.8,2026-07-26T02:00:00+00:00,17.8,62283
2026-07-26,hcmc,accepted,68aff86b-5130-4012-9763-340c000bea89,14.0,2026-07-26T03:00:00+00:00,14.0,62284
2026-07-26,hcmc,accepted,68aff86b-5130-4012-9763-340c000bea89,12.5,2026-07-26T04:00:00+00:00,12.5,62285
2026-07-26,hcmc,accepted,68aff86b-5130-4012-9763-340c000bea89,11.9,2026-07-26T05:00:00+00:00,11.9,62286
2026-07-26,hcmc,accepted,68aff86b-5130-4012-9763-340c000bea89,10.1,2026-07-26T06:00:00+00:00,10.1,62287
2026-07-26,hcmc,accepted,68aff86b-5130-4012-9763-340c000bea89,13.0,2026-07-26T07:00:00+00:00,13.0,62288
2026-07-26,hcmc,accepted,68aff86b-5130-4012-9763-340c000bea89,14.7,2026-07-26T08:00:00+00:00,14.7,62289
2026-07-26,hcmc,accepted,68aff86b-5130-4012-9763-340c000bea89,18.2,2026-07-26T09:00:00+00:00,18.2,62290
2026-07-26,hcmc,accepted,68aff86b-5130-4012-9763-340c000bea89,22.4,2026-07-26T10:00:00+00:00,22.4,62291
2026-07-26,hcmc,accepted,68aff86b-5130-4012-9763-340c000bea89,26.0,2026-07-26T11:00:00+00:00,26.0,62292
2026-07-26,hcmc,accepted,68aff86b-5130-4012-9763-340c000bea89,21.1,2026-07-26T12:00:00+00:00,21.1,62293
2026-07-26,hcmc,accepted,68aff86b-5130-4012-9763-340c000bea89,24.6,2026-07-26T13:00:00+00:00,24.6,62294
2026-07-26,hcmc,accepted,68aff86b-5130-4012-9763-340c000bea89,27.0,2026-07-26T14:00:00+00:00,27.0,62295
2026-07-26,hcmc,accepted,68aff86b-5130-4012-9763-340c000bea89,31.1,2026-07-26T15:00:00+00:00,31.1,62296
2026-07-26,hcmc,accepted,68aff86b-5130-4012-9763-340c000bea89,29.0,2026-07-26T16:00:00+00:00,29.0,62297
2026-07-27,hcmc,accepted,68aff86b-5130-4012-9763-340c000bea89,25.6,2026-07-26T17:00:00+00:00,25.6,62298
2026-07-27,hcmc,accepted,68aff86b-5130-4012-9763-340c000bea89,24.8,2026-07-26T18:00:00+00:00,24.8,62299
2026-07-27,hcmc,accepted,68aff86b-5130-4012-9763-340c000bea89,24.7,2026-07-26T19:00:00+00:00,24.7,62300
2026-07-27,hcmc,accepted,68aff86b-5130-4012-9763-340c000bea89,23.7,2026-07-26T20:00:00+00:00,23.7,62301
2026-07-27,hcmc,accepted,68aff86b-5130-4012-9763-340c000bea89,22.8,2026-07-26T21:00:00+00:00,22.8,62302
2026-07-27,hcmc,accepted,68aff86b-5130-4012-9763-340c000bea89,21.7,2026-07-26T22:00:00+00:00,21.7,62303
2026-07-27,hcmc,accepted,68aff86b-5130-4012-9763-340c000bea89,21.1,2026-07-26T23:00:00+00:00,21.1,62304
2026-07-27,hcmc,accepted,9e5ce2bc-4946-4bee-b89c-a7fea2bb201a,21.9,2026-07-27T00:00:00+00:00,21.9,63313
2026-07-27,hcmc,accepted,9e5ce2bc-4946-4bee-b89c-a7fea2bb201a,18.9,2026-07-27T01:00:00+00:00,18.9,63314
2026-07-27,hcmc,accepted,9e5ce2bc-4946-4bee-b89c-a7fea2bb201a,20.7,2026-07-27T02:00:00+00:00,20.7,63315
2026-07-27,hcmc,accepted,9e5ce2bc-4946-4bee-b89c-a7fea2bb201a,20.5,2026-07-27T03:00:00+00:00,20.5,63316
2026-07-27,hcmc,accepted,9e5ce2bc-4946-4bee-b89c-a7fea2bb201a,19.6,2026-07-27T04:00:00+00:00,19.6,63317
2026-07-27,hcmc,accepted,9e5ce2bc-4946-4bee-b89c-a7fea2bb201a,16.2,2026-07-27T05:00:00+00:00,16.2,63318
2026-07-27,hcmc,accepted,9e5ce2bc-4946-4bee-b89c-a7fea2bb201a,12.7,2026-07-27T06:00:00+00:00,12.7,63319
2026-07-27,hcmc,accepted,9e5ce2bc-4946-4bee-b89c-a7fea2bb201a,11.3,2026-07-27T07:00:00+00:00,11.3,63320
2026-07-27,hcmc,accepted,9e5ce2bc-4946-4bee-b89c-a7fea2bb201a,12.3,2026-07-27T08:00:00+00:00,12.3,63321
2026-07-27,hcmc,accepted,9e5ce2bc-4946-4bee-b89c-a7fea2bb201a,14.2,2026-07-27T09:00:00+00:00,14.2,63322
2026-07-27,hcmc,accepted,9e5ce2bc-4946-4bee-b89c-a7fea2bb201a,19.2,2026-07-27T10:00:00+00:00,19.2,63323
2026-07-27,hcmc,accepted,9e5ce2bc-4946-4bee-b89c-a7fea2bb201a,24.1,2026-07-27T11:00:00+00:00,24.1,63324
2026-07-27,hcmc,accepted,9e5ce2bc-4946-4bee-b89c-a7fea2bb201a,27.8,2026-07-27T12:00:00+00:00,27.8,63325
2026-07-27,hcmc,accepted,9e5ce2bc-4946-4bee-b89c-a7fea2bb201a,27.1,2026-07-27T13:00:00+00:00,27.1,63326
2026-07-27,hcmc,accepted,9e5ce2bc-4946-4bee-b89c-a7fea2bb201a,24.2,2026-07-27T14:00:00+00:00,24.2,63327
2026-07-27,hcmc,accepted,9e5ce2bc-4946-4bee-b89c-a7fea2bb201a,21.6,2026-07-27T15:00:00+00:00,21.6,63328
2026-07-27,hcmc,accepted,9e5ce2bc-4946-4bee-b89c-a7fea2bb201a,19.7,2026-07-27T16:00:00+00:00,19.7,63329
2026-07-28,hcmc,accepted,9e5ce2bc-4946-4bee-b89c-a7fea2bb201a,17.2,2026-07-27T17:00:00+00:00,17.2,63330
2026-07-28,hcmc,accepted,9e5ce2bc-4946-4bee-b89c-a7fea2bb201a,15.3,2026-07-27T18:00:00+00:00,15.3,63331
2026-07-28,hcmc,accepted,9e5ce2bc-4946-4bee-b89c-a7fea2bb201a,15.0,2026-07-27T19:00:00+00:00,15.0,63332
2026-07-28,hcmc,accepted,9e5ce2bc-4946-4bee-b89c-a7fea2bb201a,15.3,2026-07-27T20:00:00+00:00,15.3,63333
2026-07-28,hcmc,accepted,9e5ce2bc-4946-4bee-b89c-a7fea2bb201a,15.3,2026-07-27T21:00:00+00:00,15.3,63334
2026-07-28,hcmc,accepted,9e5ce2bc-4946-4bee-b89c-a7fea2bb201a,15.7,2026-07-27T22:00:00+00:00,15.7,63335
2026-07-28,hcmc,accepted,9e5ce2bc-4946-4bee-b89c-a7fea2bb201a,17.0,2026-07-27T23:00:00+00:00,17.0,63336
2026-07-28,hcmc,accepted,9e5ce2bc-4946-4bee-b89c-a7fea2bb201a,18.7,2026-07-28T00:00:00+00:00,18.7,63337
2026-07-28,hcmc,accepted,9e5ce2bc-4946-4bee-b89c-a7fea2bb201a,20.6,2026-07-28T01:00:00+00:00,20.6,63338
2026-07-28,hcmc,accepted,9e5ce2bc-4946-4bee-b89c-a7fea2bb201a,23.3,2026-07-28T02:00:00+00:00,23.3,63339
2026-07-28,hcmc,accepted,9e5ce2bc-4946-4bee-b89c-a7fea2bb201a,20.6,2026-07-28T03:00:00+00:00,20.6,63340
2026-07-28,hcmc,accepted,9e5ce2bc-4946-4bee-b89c-a7fea2bb201a,18.3,2026-07-28T04:00:00+00:00,18.3,63341
2026-07-28,hcmc,accepted,9e5ce2bc-4946-4bee-b89c-a7fea2bb201a,16.2,2026-07-28T05:00:00+00:00,16.2,63342
2026-07-28,hcmc,accepted,9e5ce2bc-4946-4bee-b89c-a7fea2bb201a,14.6,2026-07-28T06:00:00+00:00,14.6,63343
2026-07-28,hcmc,accepted,9e5ce2bc-4946-4bee-b89c-a7fea2bb201a,13.9,2026-07-28T07:00:00+00:00,13.9,63344
2026-07-28,hcmc,accepted,9e5ce2bc-4946-4bee-b89c-a7fea2bb201a,14.8,2026-07-28T08:00:00+00:00,14.8,63345
2026-07-28,hcmc,accepted,9e5ce2bc-4946-4bee-b89c-a7fea2bb201a,19.2,2026-07-28T09:00:00+00:00,19.2,63346
2026-07-28,hcmc,accepted,9e5ce2bc-4946-4bee-b89c-a7fea2bb201a,19.0,2026-07-28T10:00:00+00:00,19.0,63347
2026-07-28,hcmc,accepted,9e5ce2bc-4946-4bee-b89c-a7fea2bb201a,26.7,2026-07-28T11:00:00+00:00,26.7,63348
2026-07-28,hcmc,accepted,9e5ce2bc-4946-4bee-b89c-a7fea2bb201a,24.4,2026-07-28T12:00:00+00:00,24.4,63349
2026-07-28,hcmc,accepted,9e5ce2bc-4946-4bee-b89c-a7fea2bb201a,27.5,2026-07-28T13:00:00+00:00,27.5,63350
2026-07-28,hcmc,accepted,9e5ce2bc-4946-4bee-b89c-a7fea2bb201a,29.1,2026-07-28T14:00:00+00:00,29.1,63351
2026-07-28,hcmc,accepted,9e5ce2bc-4946-4bee-b89c-a7fea2bb201a,30.5,2026-07-28T15:00:00+00:00,30.5,63352
2026-07-28,hcmc,accepted,9e5ce2bc-4946-4bee-b89c-a7fea2bb201a,32.1,2026-07-28T16:00:00+00:00,32.1,63353
2026-07-29,hcmc,accepted,9e5ce2bc-4946-4bee-b89c-a7fea2bb201a,30.7,2026-07-28T17:00:00+00:00,30.7,63354
2026-07-29,hcmc,accepted,9e5ce2bc-4946-4bee-b89c-a7fea2bb201a,25.8,2026-07-28T18:00:00+00:00,25.8,63355
2026-07-29,hcmc,accepted,9e5ce2bc-4946-4bee-b89c-a7fea2bb201a,21.4,2026-07-28T19:00:00+00:00,21.4,63356
2026-07-29,hcmc,accepted,9e5ce2bc-4946-4bee-b89c-a7fea2bb201a,18.4,2026-07-28T20:00:00+00:00,18.4,63357
2026-07-29,hcmc,accepted,9e5ce2bc-4946-4bee-b89c-a7fea2bb201a,16.9,2026-07-28T21:00:00+00:00,16.9,63358
2026-07-29,hcmc,accepted,9e5ce2bc-4946-4bee-b89c-a7fea2bb201a,17.8,2026-07-28T22:00:00+00:00,17.8,63359
2026-07-29,hcmc,accepted,9e5ce2bc-4946-4bee-b89c-a7fea2bb201a,18.8,2026-07-28T23:00:00+00:00,18.8,63360
2026-07-29,hcmc,accepted,9e5ce2bc-4946-4bee-b89c-a7fea2bb201a,23.0,2026-07-29T00:00:00+00:00,23.0,63361
2026-07-29,hcmc,accepted,9e5ce2bc-4946-4bee-b89c-a7fea2bb201a,23.5,2026-07-29T01:00:00+00:00,23.5,63362
2026-07-29,hcmc,accepted,9e5ce2bc-4946-4bee-b89c-a7fea2bb201a,22.4,2026-07-29T02:00:00+00:00,22.4,63363
2026-07-29,hcmc,accepted,9e5ce2bc-4946-4bee-b89c-a7fea2bb201a,20.0,2026-07-29T03:00:00+00:00,20.0,63364
2026-07-29,hcmc,accepted,9e5ce2bc-4946-4bee-b89c-a7fea2bb201a,19.2,2026-07-29T04:00:00+00:00,19.2,63365
2026-07-29,hcmc,accepted,9e5ce2bc-4946-4bee-b89c-a7fea2bb201a,15.4,2026-07-29T05:00:00+00:00,15.4,63366
2026-07-29,hcmc,accepted,9e5ce2bc-4946-4bee-b89c-a7fea2bb201a,17.1,2026-07-29T06:00:00+00:00,17.1,63367
2026-07-29,hcmc,accepted,9e5ce2bc-4946-4bee-b89c-a7fea2bb201a,18.6,2026-07-29T07:00:00+00:00,18.6,63368
2026-07-29,hcmc,accepted,9e5ce2bc-4946-4bee-b89c-a7fea2bb201a,20.3,2026-07-29T08:00:00+00:00,20.3,63369
2026-07-29,hcmc,accepted,9e5ce2bc-4946-4bee-b89c-a7fea2bb201a,21.2,2026-07-29T09:00:00+00:00,21.2,63370
2026-07-29,hcmc,accepted,9e5ce2bc-4946-4bee-b89c-a7fea2bb201a,24.7,2026-07-29T10:00:00+00:00,24.7,63371
2026-07-29,hcmc,accepted,9e5ce2bc-4946-4bee-b89c-a7fea2bb201a,30.0,2026-07-29T11:00:00+00:00,30.0,63372
2026-07-29,hcmc,accepted,9e5ce2bc-4946-4bee-b89c-a7fea2bb201a,30.0,2026-07-29T12:00:00+00:00,30.0,63373
2026-07-29,hcmc,accepted,9e5ce2bc-4946-4bee-b89c-a7fea2bb201a,36.3,2026-07-29T13:00:00+00:00,36.3,63374
2026-07-29,hcmc,accepted,9e5ce2bc-4946-4bee-b89c-a7fea2bb201a,42.8,2026-07-29T14:00:00+00:00,42.8,63375
2026-07-29,hcmc,accepted,9e5ce2bc-4946-4bee-b89c-a7fea2bb201a,44.9,2026-07-29T15:00:00+00:00,44.9,63376
2026-07-29,hcmc,accepted,9e5ce2bc-4946-4bee-b89c-a7fea2bb201a,46.1,2026-07-29T16:00:00+00:00,46.1,63377
2026-07-30,hcmc,accepted,9e5ce2bc-4946-4bee-b89c-a7fea2bb201a,46.4,2026-07-29T17:00:00+00:00,46.4,63378
2026-07-30,hcmc,accepted,9e5ce2bc-4946-4bee-b89c-a7fea2bb201a,48.3,2026-07-29T18:00:00+00:00,48.3,63379
2026-07-30,hcmc,accepted,9e5ce2bc-4946-4bee-b89c-a7fea2bb201a,46.6,2026-07-29T19:00:00+00:00,46.6,63380
2026-07-30,hcmc,accepted,9e5ce2bc-4946-4bee-b89c-a7fea2bb201a,45.6,2026-07-29T20:00:00+00:00,45.6,63381
2026-07-30,hcmc,accepted,9e5ce2bc-4946-4bee-b89c-a7fea2bb201a,46.2,2026-07-29T21:00:00+00:00,46.2,63382
2026-07-30,hcmc,accepted,9e5ce2bc-4946-4bee-b89c-a7fea2bb201a,44.5,2026-07-29T22:00:00+00:00,44.5,63383
2026-07-30,hcmc,accepted,9e5ce2bc-4946-4bee-b89c-a7fea2bb201a,43.0,2026-07-29T23:00:00+00:00,43.0,63384
2026-07-30,hcmc,accepted,9e5ce2bc-4946-4bee-b89c-a7fea2bb201a,34.3,2026-07-30T00:00:00+00:00,34.3,63385
2026-07-30,hcmc,accepted,9e5ce2bc-4946-4bee-b89c-a7fea2bb201a,28.3,2026-07-30T01:00:00+00:00,28.3,63386
2026-07-30,hcmc,accepted,9e5ce2bc-4946-4bee-b89c-a7fea2bb201a,21.7,2026-07-30T02:00:00+00:00,21.7,63387
2026-07-30,hcmc,accepted,9e5ce2bc-4946-4bee-b89c-a7fea2bb201a,20.2,2026-07-30T03:00:00+00:00,20.2,63388
2026-07-30,hcmc,accepted,9e5ce2bc-4946-4bee-b89c-a7fea2bb201a,19.1,2026-07-30T04:00:00+00:00,19.1,63389
2026-07-30,hcmc,accepted,9e5ce2bc-4946-4bee-b89c-a7fea2bb201a,18.8,2026-07-30T05:00:00+00:00,18.8,63390
2026-07-30,hcmc,accepted,9e5ce2bc-4946-4bee-b89c-a7fea2bb201a,20.5,2026-07-30T06:00:00+00:00,20.5,63391
2026-07-30,hcmc,accepted,9e5ce2bc-4946-4bee-b89c-a7fea2bb201a,20.0,2026-07-30T07:00:00+00:00,20.0,63392
2026-07-30,hcmc,accepted,9e5ce2bc-4946-4bee-b89c-a7fea2bb201a,20.6,2026-07-30T08:00:00+00:00,20.6,63393
2026-07-30,hcmc,accepted,9e5ce2bc-4946-4bee-b89c-a7fea2bb201a,19.7,2026-07-30T09:00:00+00:00,19.7,63394
2026-07-30,hcmc,accepted,9e5ce2bc-4946-4bee-b89c-a7fea2bb201a,21.6,2026-07-30T10:00:00+00:00,21.6,63395
2026-07-30,hcmc,accepted,9e5ce2bc-4946-4bee-b89c-a7fea2bb201a,20.0,2026-07-30T11:00:00+00:00,20.0,63396
2026-07-30,hcmc,accepted,9e5ce2bc-4946-4bee-b89c-a7fea2bb201a,39.5,2026-07-30T12:00:00+00:00,39.5,63397
2026-07-30,hcmc,accepted,9e5ce2bc-4946-4bee-b89c-a7fea2bb201a,44.4,2026-07-30T13:00:00+00:00,44.4,63398
2026-07-30,hcmc,accepted,9e5ce2bc-4946-4bee-b89c-a7fea2bb201a,36.7,2026-07-30T14:00:00+00:00,36.7,63399
2026-07-30,hcmc,accepted,9e5ce2bc-4946-4bee-b89c-a7fea2bb201a,34.1,2026-07-30T15:00:00+00:00,34.1,63400
2026-07-30,hcmc,accepted,9e5ce2bc-4946-4bee-b89c-a7fea2bb201a,35.5,2026-07-30T16:00:00+00:00,35.5,63401
2026-07-31,hcmc,accepted,9e5ce2bc-4946-4bee-b89c-a7fea2bb201a,37.0,2026-07-30T17:00:00+00:00,37.0,63402
2026-07-31,hcmc,accepted,9e5ce2bc-4946-4bee-b89c-a7fea2bb201a,34.0,2026-07-30T18:00:00+00:00,34.0,63403
2026-07-31,hcmc,accepted,9e5ce2bc-4946-4bee-b89c-a7fea2bb201a,34.2,2026-07-30T19:00:00+00:00,34.2,63404
2026-07-31,hcmc,accepted,9e5ce2bc-4946-4bee-b89c-a7fea2bb201a,33.5,2026-07-30T20:00:00+00:00,33.5,63405
2026-07-31,hcmc,accepted,9e5ce2bc-4946-4bee-b89c-a7fea2bb201a,31.2,2026-07-30T21:00:00+00:00,31.2,63406
2026-07-31,hcmc,accepted,9e5ce2bc-4946-4bee-b89c-a7fea2bb201a,29.2,2026-07-30T22:00:00+00:00,29.2,63407
2026-07-31,hcmc,accepted,9e5ce2bc-4946-4bee-b89c-a7fea2bb201a,28.2,2026-07-30T23:00:00+00:00,28.2,63408
2026-07-31,hcmc,accepted,9e5ce2bc-4946-4bee-b89c-a7fea2bb201a,17.2,2026-07-31T00:00:00+00:00,17.2,63409
2026-07-31,hcmc,accepted,9e5ce2bc-4946-4bee-b89c-a7fea2bb201a,16.2,2026-07-31T01:00:00+00:00,16.2,63410
2026-07-31,hcmc,accepted,9e5ce2bc-4946-4bee-b89c-a7fea2bb201a,15.2,2026-07-31T02:00:00+00:00,15.2,63411
2026-07-31,hcmc,accepted,9e5ce2bc-4946-4bee-b89c-a7fea2bb201a,14.8,2026-07-31T03:00:00+00:00,14.8,63412
2026-07-31,hcmc,accepted,9e5ce2bc-4946-4bee-b89c-a7fea2bb201a,14.9,2026-07-31T04:00:00+00:00,14.9,63413
2026-07-31,hcmc,accepted,9e5ce2bc-4946-4bee-b89c-a7fea2bb201a,15.7,2026-07-31T05:00:00+00:00,15.7,63414
2026-07-31,hcmc,accepted,9e5ce2bc-4946-4bee-b89c-a7fea2bb201a,14.5,2026-07-31T06:00:00+00:00,14.5,63415
2026-07-31,hcmc,accepted,9e5ce2bc-4946-4bee-b89c-a7fea2bb201a,16.2,2026-07-31T07:00:00+00:00,16.2,63416
2026-07-31,hcmc,accepted,9e5ce2bc-4946-4bee-b89c-a7fea2bb201a,18.4,2026-07-31T08:00:00+00:00,18.4,63417
2026-07-31,hcmc,accepted,9e5ce2bc-4946-4bee-b89c-a7fea2bb201a,18.3,2026-07-31T09:00:00+00:00,18.3,63418
2026-07-31,hcmc,accepted,9e5ce2bc-4946-4bee-b89c-a7fea2bb201a,20.8,2026-07-31T10:00:00+00:00,20.8,63419
2026-07-31,hcmc,accepted,9e5ce2bc-4946-4bee-b89c-a7fea2bb201a,28.4,2026-07-31T11:00:00+00:00,28.4,63420
2026-07-31,hcmc,accepted,9e5ce2bc-4946-4bee-b89c-a7fea2bb201a,38.5,2026-07-31T12:00:00+00:00,38.5,63421
2026-07-31,hcmc,accepted,9e5ce2bc-4946-4bee-b89c-a7fea2bb201a,51.1,2026-07-31T13:00:00+00:00,51.1,63422
2026-07-31,hcmc,accepted,9e5ce2bc-4946-4bee-b89c-a7fea2bb201a,60.8,2026-07-31T14:00:00+00:00,60.8,63423
2026-07-31,hcmc,accepted,9e5ce2bc-4946-4bee-b89c-a7fea2bb201a,68.9,2026-07-31T15:00:00+00:00,68.9,63424
2026-07-31,hcmc,accepted,9e5ce2bc-4946-4bee-b89c-a7fea2bb201a,68.5,2026-07-31T16:00:00+00:00,68.5,63425
2026-08-01,hcmc,accepted,9e5ce2bc-4946-4bee-b89c-a7fea2bb201a,55.5,2026-07-31T17:00:00+00:00,55.5,63426
2026-08-01,hcmc,accepted,9e5ce2bc-4946-4bee-b89c-a7fea2bb201a,45.8,2026-07-31T18:00:00+00:00,45.8,63427
2026-08-01,hcmc,accepted,9e5ce2bc-4946-4bee-b89c-a7fea2bb201a,39.5,2026-07-31T19:00:00+00:00,39.5,63428
2026-08-01,hcmc,accepted,9e5ce2bc-4946-4bee-b89c-a7fea2bb201a,36.7,2026-07-31T20:00:00+00:00,36.7,63429
2026-08-01,hcmc,accepted,9e5ce2bc-4946-4bee-b89c-a7fea2bb201a,37.1,2026-07-31T21:00:00+00:00,37.1,63430
2026-08-01,hcmc,accepted,9e5ce2bc-4946-4bee-b89c-a7fea2bb201a,40.4,2026-07-31T22:00:00+00:00,40.4,63431
2026-08-01,hcmc,accepted,9e5ce2bc-4946-4bee-b89c-a7fea2bb201a,45.5,2026-07-31T23:00:00+00:00,45.5,63432
2026-08-01,hcmc,accepted,9e5ce2bc-4946-4bee-b89c-a7fea2bb201a,39.2,2026-08-01T00:00:00+00:00,39.2,63433
2026-08-01,hcmc,accepted,9e5ce2bc-4946-4bee-b89c-a7fea2bb201a,33.6,2026-08-01T01:00:00+00:00,33.6,63434
2026-08-01,hcmc,accepted,9e5ce2bc-4946-4bee-b89c-a7fea2bb201a,28.4,2026-08-01T02:00:00+00:00,28.4,63435
2026-08-01,hcmc,accepted,9e5ce2bc-4946-4bee-b89c-a7fea2bb201a,27.6,2026-08-01T03:00:00+00:00,27.6,63436
2026-08-01,hcmc,accepted,9e5ce2bc-4946-4bee-b89c-a7fea2bb201a,30.4,2026-08-01T04:00:00+00:00,30.4,63437
2026-08-01,hcmc,accepted,9e5ce2bc-4946-4bee-b89c-a7fea2bb201a,24.1,2026-08-01T05:00:00+00:00,24.1,63438
2026-08-01,hcmc,accepted,9e5ce2bc-4946-4bee-b89c-a7fea2bb201a,27.0,2026-08-01T06:00:00+00:00,27.0,63439
2026-08-01,hcmc,accepted,9e5ce2bc-4946-4bee-b89c-a7fea2bb201a,25.0,2026-08-01T07:00:00+00:00,25.0,63440
2026-08-01,hcmc,accepted,9e5ce2bc-4946-4bee-b89c-a7fea2bb201a,20.5,2026-08-01T08:00:00+00:00,20.5,63441
2026-08-01,hcmc,accepted,9e5ce2bc-4946-4bee-b89c-a7fea2bb201a,19.6,2026-08-01T09:00:00+00:00,19.6,63442
2026-08-01,hcmc,accepted,9e5ce2bc-4946-4bee-b89c-a7fea2bb201a,21.5,2026-08-01T10:00:00+00:00,21.5,63443
2026-08-01,hcmc,accepted,9e5ce2bc-4946-4bee-b89c-a7fea2bb201a,25.0,2026-08-01T11:00:00+00:00,25.0,63444
2026-08-01,hcmc,accepted,9e5ce2bc-4946-4bee-b89c-a7fea2bb201a,30.3,2026-08-01T12:00:00+00:00,30.3,63445
2026-08-01,hcmc,accepted,9e5ce2bc-4946-4bee-b89c-a7fea2bb201a,35.3,2026-08-01T13:00:00+00:00,35.3,63446
2026-08-01,hcmc,accepted,9e5ce2bc-4946-4bee-b89c-a7fea2bb201a,41.2,2026-08-01T14:00:00+00:00,41.2,63447
2026-08-01,hcmc,accepted,9e5ce2bc-4946-4bee-b89c-a7fea2bb201a,43.1,2026-08-01T15:00:00+00:00,43.1,63448
2026-08-01,hcmc,accepted,9e5ce2bc-4946-4bee-b89c-a7fea2bb201a,45.4,2026-08-01T16:00:00+00:00,45.4,63449
2026-08-02,hcmc,accepted,9e5ce2bc-4946-4bee-b89c-a7fea2bb201a,44.8,2026-08-01T17:00:00+00:00,44.8,63450
2026-08-02,hcmc,accepted,9e5ce2bc-4946-4bee-b89c-a7fea2bb201a,44.2,2026-08-01T18:00:00+00:00,44.2,63451
2026-08-02,hcmc,accepted,9e5ce2bc-4946-4bee-b89c-a7fea2bb201a,45.3,2026-08-01T19:00:00+00:00,45.3,63452
2026-08-02,hcmc,accepted,9e5ce2bc-4946-4bee-b89c-a7fea2bb201a,48.1,2026-08-01T20:00:00+00:00,48.1,63453
2026-08-02,hcmc,accepted,9e5ce2bc-4946-4bee-b89c-a7fea2bb201a,51.0,2026-08-01T21:00:00+00:00,51.0,63454
2026-08-02,hcmc,accepted,9e5ce2bc-4946-4bee-b89c-a7fea2bb201a,54.7,2026-08-01T22:00:00+00:00,54.7,63455
2026-08-02,hcmc,accepted,9e5ce2bc-4946-4bee-b89c-a7fea2bb201a,61.2,2026-08-01T23:00:00+00:00,61.2,63456
2026-08-02,hcmc,accepted,9e5ce2bc-4946-4bee-b89c-a7fea2bb201a,38.4,2026-08-02T00:00:00+00:00,38.4,63457
2026-08-02,hcmc,accepted,9e5ce2bc-4946-4bee-b89c-a7fea2bb201a,35.9,2026-08-02T01:00:00+00:00,35.9,63458
2026-08-02,hcmc,accepted,9e5ce2bc-4946-4bee-b89c-a7fea2bb201a,32.4,2026-08-02T02:00:00+00:00,32.4,63459
2026-08-02,hcmc,accepted,9e5ce2bc-4946-4bee-b89c-a7fea2bb201a,29.9,2026-08-02T03:00:00+00:00,29.9,63460
2026-08-02,hcmc,accepted,9e5ce2bc-4946-4bee-b89c-a7fea2bb201a,28.9,2026-08-02T04:00:00+00:00,28.9,63461
2026-08-02,hcmc,accepted,9e5ce2bc-4946-4bee-b89c-a7fea2bb201a,26.8,2026-08-02T05:00:00+00:00,26.8,63462
2026-08-02,hcmc,accepted,9e5ce2bc-4946-4bee-b89c-a7fea2bb201a,25.3,2026-08-02T06:00:00+00:00,25.3,63463
2026-08-02,hcmc,accepted,9e5ce2bc-4946-4bee-b89c-a7fea2bb201a,23.9,2026-08-02T07:00:00+00:00,23.9,63464
2026-08-02,hcmc,accepted,9e5ce2bc-4946-4bee-b89c-a7fea2bb201a,23.3,2026-08-02T08:00:00+00:00,23.3,63465
2026-08-02,hcmc,accepted,9e5ce2bc-4946-4bee-b89c-a7fea2bb201a,23.4,2026-08-02T09:00:00+00:00,23.4,63466
2026-08-02,hcmc,accepted,9e5ce2bc-4946-4bee-b89c-a7fea2bb201a,23.7,2026-08-02T10:00:00+00:00,23.7,63467
2026-08-02,hcmc,accepted,9e5ce2bc-4946-4bee-b89c-a7fea2bb201a,24.9,2026-08-02T11:00:00+00:00,24.9,63468
2026-08-02,hcmc,accepted,9e5ce2bc-4946-4bee-b89c-a7fea2bb201a,36.2,2026-08-02T12:00:00+00:00,36.2,63469
2026-08-02,hcmc,accepted,9e5ce2bc-4946-4bee-b89c-a7fea2bb201a,41.2,2026-08-02T13:00:00+00:00,41.2,63470
2026-08-02,hcmc,accepted,9e5ce2bc-4946-4bee-b89c-a7fea2bb201a,43.4,2026-08-02T14:00:00+00:00,43.4,63471
2026-08-02,hcmc,accepted,9e5ce2bc-4946-4bee-b89c-a7fea2bb201a,44.5,2026-08-02T15:00:00+00:00,44.5,63472
2026-08-02,hcmc,accepted,9e5ce2bc-4946-4bee-b89c-a7fea2bb201a,43.5,2026-08-02T16:00:00+00:00,43.5,63473
2026-08-03,hcmc,accepted,9e5ce2bc-4946-4bee-b89c-a7fea2bb201a,41.0,2026-08-02T17:00:00+00:00,41.0,63474
2026-08-03,hcmc,accepted,9e5ce2bc-4946-4bee-b89c-a7fea2bb201a,39.0,2026-08-02T18:00:00+00:00,39.0,63475
2026-08-03,hcmc,accepted,9e5ce2bc-4946-4bee-b89c-a7fea2bb201a,37.6,2026-08-02T19:00:00+00:00,37.6,63476
2026-08-03,hcmc,accepted,9e5ce2bc-4946-4bee-b89c-a7fea2bb201a,36.8,2026-08-02T20:00:00+00:00,36.8,63477
2026-08-03,hcmc,accepted,9e5ce2bc-4946-4bee-b89c-a7fea2bb201a,37.0,2026-08-02T21:00:00+00:00,37.0,63478
2026-08-03,hcmc,accepted,9e5ce2bc-4946-4bee-b89c-a7fea2bb201a,39.8,2026-08-02T22:00:00+00:00,39.8,63479
2026-08-03,hcmc,accepted,9e5ce2bc-4946-4bee-b89c-a7fea2bb201a,43.9,2026-08-02T23:00:00+00:00,43.9,63480
2026-08-03,hcmc,accepted,24e8c7cc-d6a4-4479-b54c-284412652b78,28.3,2026-08-03T00:00:00+00:00,28.3,64489
2026-08-03,hcmc,accepted,24e8c7cc-d6a4-4479-b54c-284412652b78,27.4,2026-08-03T01:00:00+00:00,27.4,64490
2026-08-03,hcmc,accepted,24e8c7cc-d6a4-4479-b54c-284412652b78,27.4,2026-08-03T02:00:00+00:00,27.4,64491
2026-08-03,hcmc,accepted,24e8c7cc-d6a4-4479-b54c-284412652b78,27.2,2026-08-03T03:00:00+00:00,27.2,64492
2026-08-03,hcmc,accepted,24e8c7cc-d6a4-4479-b54c-284412652b78,24.3,2026-08-03T04:00:00+00:00,24.3,64493
2026-08-03,hcmc,accepted,24e8c7cc-d6a4-4479-b54c-284412652b78,21.9,2026-08-03T05:00:00+00:00,21.9,64494
2026-08-03,hcmc,accepted,24e8c7cc-d6a4-4479-b54c-284412652b78,20.7,2026-08-03T06:00:00+00:00,20.7,64495
2026-08-03,hcmc,accepted,24e8c7cc-d6a4-4479-b54c-284412652b78,20.5,2026-08-03T07:00:00+00:00,20.5,64496
2026-08-03,hcmc,accepted,24e8c7cc-d6a4-4479-b54c-284412652b78,20.8,2026-08-03T08:00:00+00:00,20.8,64497
2026-08-03,hcmc,accepted,24e8c7cc-d6a4-4479-b54c-284412652b78,23.5,2026-08-03T09:00:00+00:00,23.5,64498
2026-08-03,hcmc,accepted,24e8c7cc-d6a4-4479-b54c-284412652b78,28.3,2026-08-03T10:00:00+00:00,28.3,64499
2026-08-03,hcmc,accepted,24e8c7cc-d6a4-4479-b54c-284412652b78,32.4,2026-08-03T11:00:00+00:00,32.4,64500
2026-08-03,hcmc,accepted,24e8c7cc-d6a4-4479-b54c-284412652b78,35.4,2026-08-03T12:00:00+00:00,35.4,64501
2026-08-03,hcmc,accepted,24e8c7cc-d6a4-4479-b54c-284412652b78,35.7,2026-08-03T13:00:00+00:00,35.7,64502
2026-08-03,hcmc,accepted,24e8c7cc-d6a4-4479-b54c-284412652b78,35.4,2026-08-03T14:00:00+00:00,35.4,64503
2026-08-03,hcmc,accepted,24e8c7cc-d6a4-4479-b54c-284412652b78,37.5,2026-08-03T15:00:00+00:00,37.5,64504
2026-08-03,hcmc,accepted,24e8c7cc-d6a4-4479-b54c-284412652b78,39.9,2026-08-03T16:00:00+00:00,39.9,64505
2026-08-04,hcmc,accepted,24e8c7cc-d6a4-4479-b54c-284412652b78,39.2,2026-08-03T17:00:00+00:00,39.2,64506
2026-08-04,hcmc,accepted,24e8c7cc-d6a4-4479-b54c-284412652b78,36.8,2026-08-03T18:00:00+00:00,36.8,64507
2026-08-04,hcmc,accepted,24e8c7cc-d6a4-4479-b54c-284412652b78,34.8,2026-08-03T19:00:00+00:00,34.8,64508
2026-08-04,hcmc,accepted,24e8c7cc-d6a4-4479-b54c-284412652b78,34.2,2026-08-03T20:00:00+00:00,34.2,64509
2026-08-04,hcmc,accepted,24e8c7cc-d6a4-4479-b54c-284412652b78,34.3,2026-08-03T21:00:00+00:00,34.3,64510
2026-08-04,hcmc,accepted,24e8c7cc-d6a4-4479-b54c-284412652b78,34.6,2026-08-03T22:00:00+00:00,34.6,64511
2026-08-04,hcmc,accepted,24e8c7cc-d6a4-4479-b54c-284412652b78,36.3,2026-08-03T23:00:00+00:00,36.3,64512
2026-08-04,hcmc,accepted,24e8c7cc-d6a4-4479-b54c-284412652b78,32.7,2026-08-04T00:00:00+00:00,32.7,64513
2026-08-04,hcmc,accepted,24e8c7cc-d6a4-4479-b54c-284412652b78,30.5,2026-08-04T01:00:00+00:00,30.5,64514
2026-08-04,hcmc,accepted,24e8c7cc-d6a4-4479-b54c-284412652b78,27.9,2026-08-04T02:00:00+00:00,27.9,64515
2026-08-04,hcmc,accepted,24e8c7cc-d6a4-4479-b54c-284412652b78,28.2,2026-08-04T03:00:00+00:00,28.2,64516
2026-08-04,hcmc,accepted,24e8c7cc-d6a4-4479-b54c-284412652b78,26.2,2026-08-04T04:00:00+00:00,26.2,64517
2026-08-04,hcmc,accepted,24e8c7cc-d6a4-4479-b54c-284412652b78,23.1,2026-08-04T05:00:00+00:00,23.1,64518
2026-08-04,hcmc,accepted,24e8c7cc-d6a4-4479-b54c-284412652b78,20.8,2026-08-04T06:00:00+00:00,20.8,64519
2026-08-04,hcmc,accepted,24e8c7cc-d6a4-4479-b54c-284412652b78,18.3,2026-08-04T07:00:00+00:00,18.3,64520
2026-08-04,hcmc,accepted,24e8c7cc-d6a4-4479-b54c-284412652b78,19.2,2026-08-04T08:00:00+00:00,19.2,64521
2026-08-04,hcmc,accepted,24e8c7cc-d6a4-4479-b54c-284412652b78,20.6,2026-08-04T09:00:00+00:00,20.6,64522
2026-08-04,hcmc,accepted,24e8c7cc-d6a4-4479-b54c-284412652b78,24.5,2026-08-04T10:00:00+00:00,24.5,64523
2026-08-04,hcmc,accepted,24e8c7cc-d6a4-4479-b54c-284412652b78,27.7,2026-08-04T11:00:00+00:00,27.7,64524
2026-08-04,hcmc,accepted,24e8c7cc-d6a4-4479-b54c-284412652b78,29.6,2026-08-04T12:00:00+00:00,29.6,64525
2026-08-04,hcmc,accepted,24e8c7cc-d6a4-4479-b54c-284412652b78,33.1,2026-08-04T13:00:00+00:00,33.1,64526
2026-08-04,hcmc,accepted,24e8c7cc-d6a4-4479-b54c-284412652b78,41.2,2026-08-04T14:00:00+00:00,41.2,64527
2026-08-04,hcmc,accepted,24e8c7cc-d6a4-4479-b54c-284412652b78,46.7,2026-08-04T15:00:00+00:00,46.7,64528
2026-08-04,hcmc,accepted,24e8c7cc-d6a4-4479-b54c-284412652b78,49.1,2026-08-04T16:00:00+00:00,49.1,64529
2026-08-05,hcmc,accepted,24e8c7cc-d6a4-4479-b54c-284412652b78,48.9,2026-08-04T17:00:00+00:00,48.9,64530
2026-08-05,hcmc,accepted,24e8c7cc-d6a4-4479-b54c-284412652b78,50.4,2026-08-04T18:00:00+00:00,50.4,64531
2026-08-05,hcmc,accepted,24e8c7cc-d6a4-4479-b54c-284412652b78,52.3,2026-08-04T19:00:00+00:00,52.3,64532
2026-08-05,hcmc,accepted,24e8c7cc-d6a4-4479-b54c-284412652b78,58.9,2026-08-04T20:00:00+00:00,58.9,64533
2026-08-05,hcmc,accepted,24e8c7cc-d6a4-4479-b54c-284412652b78,58.2,2026-08-04T21:00:00+00:00,58.2,64534
2026-08-05,hcmc,accepted,24e8c7cc-d6a4-4479-b54c-284412652b78,60.1,2026-08-04T22:00:00+00:00,60.1,64535
2026-08-05,hcmc,accepted,24e8c7cc-d6a4-4479-b54c-284412652b78,62.9,2026-08-04T23:00:00+00:00,62.9,64536
2026-08-05,hcmc,accepted,24e8c7cc-d6a4-4479-b54c-284412652b78,39.8,2026-08-05T00:00:00+00:00,39.8,64537
2026-08-05,hcmc,accepted,24e8c7cc-d6a4-4479-b54c-284412652b78,40.2,2026-08-05T01:00:00+00:00,40.2,64538
2026-08-05,hcmc,accepted,24e8c7cc-d6a4-4479-b54c-284412652b78,36.0,2026-08-05T02:00:00+00:00,36.0,64539
2026-08-05,hcmc,accepted,24e8c7cc-d6a4-4479-b54c-284412652b78,33.1,2026-08-05T03:00:00+00:00,33.1,64540
2026-08-05,hcmc,accepted,24e8c7cc-d6a4-4479-b54c-284412652b78,29.3,2026-08-05T04:00:00+00:00,29.3,64541
2026-08-05,hcmc,accepted,24e8c7cc-d6a4-4479-b54c-284412652b78,28.2,2026-08-05T05:00:00+00:00,28.2,64542
2026-08-05,hcmc,accepted,24e8c7cc-d6a4-4479-b54c-284412652b78,28.1,2026-08-05T06:00:00+00:00,28.1,64543
2026-08-05,hcmc,accepted,24e8c7cc-d6a4-4479-b54c-284412652b78,28.0,2026-08-05T07:00:00+00:00,28.0,64544
2026-08-05,hcmc,accepted,24e8c7cc-d6a4-4479-b54c-284412652b78,27.8,2026-08-05T08:00:00+00:00,27.8,64545
2026-08-05,hcmc,accepted,24e8c7cc-d6a4-4479-b54c-284412652b78,27.4,2026-08-05T09:00:00+00:00,27.4,64546
2026-08-05,hcmc,accepted,24e8c7cc-d6a4-4479-b54c-284412652b78,27.1,2026-08-05T10:00:00+00:00,27.1,64547
2026-08-05,hcmc,accepted,24e8c7cc-d6a4-4479-b54c-284412652b78,31.4,2026-08-05T11:00:00+00:00,31.4,64548
2026-08-05,hcmc,accepted,24e8c7cc-d6a4-4479-b54c-284412652b78,44.9,2026-08-05T12:00:00+00:00,44.9,64549
2026-08-05,hcmc,accepted,24e8c7cc-d6a4-4479-b54c-284412652b78,58.3,2026-08-05T13:00:00+00:00,58.3,64550
2026-08-05,hcmc,accepted,24e8c7cc-d6a4-4479-b54c-284412652b78,65.9,2026-08-05T14:00:00+00:00,65.9,64551
2026-08-05,hcmc,accepted,24e8c7cc-d6a4-4479-b54c-284412652b78,69.8,2026-08-05T15:00:00+00:00,69.8,64552
2026-08-05,hcmc,accepted,24e8c7cc-d6a4-4479-b54c-284412652b78,62.4,2026-08-05T16:00:00+00:00,62.4,64553
2026-08-06,hcmc,accepted,24e8c7cc-d6a4-4479-b54c-284412652b78,51.1,2026-08-05T17:00:00+00:00,51.1,64554
2026-08-06,hcmc,accepted,24e8c7cc-d6a4-4479-b54c-284412652b78,42.6,2026-08-05T18:00:00+00:00,42.6,64555
2026-08-06,hcmc,accepted,24e8c7cc-d6a4-4479-b54c-284412652b78,38.1,2026-08-05T19:00:00+00:00,38.1,64556
2026-08-06,hcmc,accepted,24e8c7cc-d6a4-4479-b54c-284412652b78,37.0,2026-08-05T20:00:00+00:00,37.0,64557
2026-08-06,hcmc,accepted,24e8c7cc-d6a4-4479-b54c-284412652b78,36.9,2026-08-05T21:00:00+00:00,36.9,64558
2026-08-06,hcmc,accepted,24e8c7cc-d6a4-4479-b54c-284412652b78,36.6,2026-08-05T22:00:00+00:00,36.6,64559
2026-08-06,hcmc,accepted,24e8c7cc-d6a4-4479-b54c-284412652b78,37.6,2026-08-05T23:00:00+00:00,37.6,64560
2026-08-06,hcmc,accepted,24e8c7cc-d6a4-4479-b54c-284412652b78,22.8,2026-08-06T00:00:00+00:00,22.8,64561
2026-08-06,hcmc,accepted,24e8c7cc-d6a4-4479-b54c-284412652b78,22.3,2026-08-06T01:00:00+00:00,22.3,64562
2026-08-06,hcmc,accepted,24e8c7cc-d6a4-4479-b54c-284412652b78,22.3,2026-08-06T02:00:00+00:00,22.3,64563
2026-08-06,hcmc,accepted,24e8c7cc-d6a4-4479-b54c-284412652b78,23.2,2026-08-06T03:00:00+00:00,23.2,64564
2026-08-06,hcmc,accepted,24e8c7cc-d6a4-4479-b54c-284412652b78,21.6,2026-08-06T04:00:00+00:00,21.6,64565
2026-08-06,hcmc,accepted,24e8c7cc-d6a4-4479-b54c-284412652b78,20.6,2026-08-06T05:00:00+00:00,20.6,64566
2026-08-06,hcmc,accepted,24e8c7cc-d6a4-4479-b54c-284412652b78,20.3,2026-08-06T06:00:00+00:00,20.3,64567
2026-08-06,hcmc,accepted,24e8c7cc-d6a4-4479-b54c-284412652b78,24.4,2026-08-06T07:00:00+00:00,24.4,64568
2026-08-06,hcmc,accepted,24e8c7cc-d6a4-4479-b54c-284412652b78,25.0,2026-08-06T08:00:00+00:00,25.0,64569
2026-08-06,hcmc,accepted,24e8c7cc-d6a4-4479-b54c-284412652b78,25.0,2026-08-06T09:00:00+00:00,25.0,64570
2026-08-06,hcmc,accepted,24e8c7cc-d6a4-4479-b54c-284412652b78,22.1,2026-08-06T10:00:00+00:00,22.1,64571
2026-08-06,hcmc,accepted,24e8c7cc-d6a4-4479-b54c-284412652b78,25.0,2026-08-06T11:00:00+00:00,25.0,64572
2026-08-06,hcmc,accepted,24e8c7cc-d6a4-4479-b54c-284412652b78,24.1,2026-08-06T12:00:00+00:00,24.1,64573
2026-08-06,hcmc,accepted,24e8c7cc-d6a4-4479-b54c-284412652b78,26.0,2026-08-06T13:00:00+00:00,26.0,64574
2026-08-06,hcmc,accepted,24e8c7cc-d6a4-4479-b54c-284412652b78,27.2,2026-08-06T14:00:00+00:00,27.2,64575
2026-08-06,hcmc,accepted,24e8c7cc-d6a4-4479-b54c-284412652b78,29.6,2026-08-06T15:00:00+00:00,29.6,64576
2026-08-06,hcmc,accepted,24e8c7cc-d6a4-4479-b54c-284412652b78,32.2,2026-08-06T16:00:00+00:00,32.2,64577
2026-08-07,hcmc,accepted,24e8c7cc-d6a4-4479-b54c-284412652b78,33.3,2026-08-06T17:00:00+00:00,33.3,64578
2026-08-07,hcmc,accepted,24e8c7cc-d6a4-4479-b54c-284412652b78,33.3,2026-08-06T18:00:00+00:00,33.3,64579
2026-08-07,hcmc,accepted,24e8c7cc-d6a4-4479-b54c-284412652b78,32.5,2026-08-06T19:00:00+00:00,32.5,64580
2026-08-07,hcmc,accepted,24e8c7cc-d6a4-4479-b54c-284412652b78,31.7,2026-08-06T20:00:00+00:00,31.7,64581
2026-08-07,hcmc,accepted,24e8c7cc-d6a4-4479-b54c-284412652b78,31.4,2026-08-06T21:00:00+00:00,31.4,64582
2026-08-07,hcmc,accepted,24e8c7cc-d6a4-4479-b54c-284412652b78,31.4,2026-08-06T22:00:00+00:00,31.4,64583
2026-08-07,hcmc,accepted,24e8c7cc-d6a4-4479-b54c-284412652b78,31.8,2026-08-06T23:00:00+00:00,31.8,64584
2026-08-07,hcmc,accepted,24e8c7cc-d6a4-4479-b54c-284412652b78,37.8,2026-08-07T00:00:00+00:00,37.8,64585
2026-08-07,hcmc,accepted,24e8c7cc-d6a4-4479-b54c-284412652b78,35.5,2026-08-07T01:00:00+00:00,35.5,64586
2026-08-07,hcmc,accepted,24e8c7cc-d6a4-4479-b54c-284412652b78,35.6,2026-08-07T02:00:00+00:00,35.6,64587
2026-08-07,hcmc,accepted,24e8c7cc-d6a4-4479-b54c-284412652b78,36.6,2026-08-07T03:00:00+00:00,36.6,64588
2026-08-07,hcmc,accepted,24e8c7cc-d6a4-4479-b54c-284412652b78,35.5,2026-08-07T04:00:00+00:00,35.5,64589
2026-08-07,hcmc,accepted,24e8c7cc-d6a4-4479-b54c-284412652b78,32.0,2026-08-07T05:00:00+00:00,32.0,64590
2026-08-07,hcmc,accepted,24e8c7cc-d6a4-4479-b54c-284412652b78,28.3,2026-08-07T06:00:00+00:00,28.3,64591
2026-08-07,hcmc,accepted,24e8c7cc-d6a4-4479-b54c-284412652b78,25.4,2026-08-07T07:00:00+00:00,25.4,64592
2026-08-07,hcmc,accepted,24e8c7cc-d6a4-4479-b54c-284412652b78,24.3,2026-08-07T08:00:00+00:00,24.3,64593
2026-08-07,hcmc,accepted,24e8c7cc-d6a4-4479-b54c-284412652b78,28.8,2026-08-07T09:00:00+00:00,28.8,64594
2026-08-07,hcmc,accepted,24e8c7cc-d6a4-4479-b54c-284412652b78,32.7,2026-08-07T10:00:00+00:00,32.7,64595
2026-08-07,hcmc,accepted,24e8c7cc-d6a4-4479-b54c-284412652b78,37.6,2026-08-07T11:00:00+00:00,37.6,64596
2026-08-07,hcmc,accepted,24e8c7cc-d6a4-4479-b54c-284412652b78,39.3,2026-08-07T12:00:00+00:00,39.3,64597
2026-08-07,hcmc,accepted,24e8c7cc-d6a4-4479-b54c-284412652b78,45.9,2026-08-07T13:00:00+00:00,45.9,64598
2026-08-07,hcmc,accepted,24e8c7cc-d6a4-4479-b54c-284412652b78,50.1,2026-08-07T14:00:00+00:00,50.1,64599
2026-08-07,hcmc,accepted,24e8c7cc-d6a4-4479-b54c-284412652b78,49.7,2026-08-07T15:00:00+00:00,49.7,64600
2026-08-07,hcmc,accepted,24e8c7cc-d6a4-4479-b54c-284412652b78,46.8,2026-08-07T16:00:00+00:00,46.8,64601
2026-08-08,hcmc,accepted,24e8c7cc-d6a4-4479-b54c-284412652b78,41.9,2026-08-07T17:00:00+00:00,41.9,64602
2026-08-08,hcmc,accepted,24e8c7cc-d6a4-4479-b54c-284412652b78,38.6,2026-08-07T18:00:00+00:00,38.6,64603
2026-08-08,hcmc,accepted,24e8c7cc-d6a4-4479-b54c-284412652b78,37.1,2026-08-07T19:00:00+00:00,37.1,64604
2026-08-08,hcmc,accepted,24e8c7cc-d6a4-4479-b54c-284412652b78,37.0,2026-08-07T20:00:00+00:00,37.0,64605
2026-08-08,hcmc,accepted,24e8c7cc-d6a4-4479-b54c-284412652b78,38.4,2026-08-07T21:00:00+00:00,38.4,64606
2026-08-08,hcmc,accepted,24e8c7cc-d6a4-4479-b54c-284412652b78,40.6,2026-08-07T22:00:00+00:00,40.6,64607
2026-08-08,hcmc,accepted,24e8c7cc-d6a4-4479-b54c-284412652b78,43.5,2026-08-07T23:00:00+00:00,43.5,64608
2026-08-08,hcmc,accepted,24e8c7cc-d6a4-4479-b54c-284412652b78,40.7,2026-08-08T00:00:00+00:00,40.7,64609
2026-08-08,hcmc,accepted,24e8c7cc-d6a4-4479-b54c-284412652b78,36.8,2026-08-08T01:00:00+00:00,36.8,64610
2026-08-08,hcmc,accepted,24e8c7cc-d6a4-4479-b54c-284412652b78,29.3,2026-08-08T02:00:00+00:00,29.3,64611
2026-08-08,hcmc,accepted,24e8c7cc-d6a4-4479-b54c-284412652b78,24.1,2026-08-08T03:00:00+00:00,24.1,64612
2026-08-08,hcmc,accepted,24e8c7cc-d6a4-4479-b54c-284412652b78,23.1,2026-08-08T04:00:00+00:00,23.1,64613
2026-08-08,hcmc,accepted,24e8c7cc-d6a4-4479-b54c-284412652b78,23.4,2026-08-08T05:00:00+00:00,23.4,64614
2026-08-08,hcmc,accepted,24e8c7cc-d6a4-4479-b54c-284412652b78,21.8,2026-08-08T06:00:00+00:00,21.8,64615
2026-08-08,hcmc,accepted,24e8c7cc-d6a4-4479-b54c-284412652b78,21.2,2026-08-08T07:00:00+00:00,21.2,64616
2026-08-08,hcmc,accepted,24e8c7cc-d6a4-4479-b54c-284412652b78,22.1,2026-08-08T08:00:00+00:00,22.1,64617
2026-08-08,hcmc,accepted,24e8c7cc-d6a4-4479-b54c-284412652b78,19.9,2026-08-08T09:00:00+00:00,19.9,64618
2026-08-08,hcmc,accepted,24e8c7cc-d6a4-4479-b54c-284412652b78,20.7,2026-08-08T10:00:00+00:00,20.7,64619
2026-08-08,hcmc,accepted,24e8c7cc-d6a4-4479-b54c-284412652b78,27.7,2026-08-08T11:00:00+00:00,27.7,64620
2026-08-08,hcmc,accepted,24e8c7cc-d6a4-4479-b54c-284412652b78,22.0,2026-08-08T12:00:00+00:00,22.0,64621
2026-08-08,hcmc,accepted,24e8c7cc-d6a4-4479-b54c-284412652b78,21.2,2026-08-08T13:00:00+00:00,21.2,64622
2026-08-08,hcmc,accepted,24e8c7cc-d6a4-4479-b54c-284412652b78,20.6,2026-08-08T14:00:00+00:00,20.6,64623
2026-08-08,hcmc,accepted,24e8c7cc-d6a4-4479-b54c-284412652b78,20.4,2026-08-08T15:00:00+00:00,20.4,64624
2026-08-08,hcmc,accepted,24e8c7cc-d6a4-4479-b54c-284412652b78,19.0,2026-08-08T16:00:00+00:00,19.0,64625
2026-08-09,hcmc,accepted,24e8c7cc-d6a4-4479-b54c-284412652b78,18.2,2026-08-08T17:00:00+00:00,18.2,64626
2026-08-09,hcmc,accepted,24e8c7cc-d6a4-4479-b54c-284412652b78,17.8,2026-08-08T18:00:00+00:00,17.8,64627
2026-08-09,hcmc,accepted,24e8c7cc-d6a4-4479-b54c-284412652b78,17.2,2026-08-08T19:00:00+00:00,17.2,64628
2026-08-09,hcmc,accepted,24e8c7cc-d6a4-4479-b54c-284412652b78,16.8,2026-08-08T20:00:00+00:00,16.8,64629
2026-08-09,hcmc,accepted,24e8c7cc-d6a4-4479-b54c-284412652b78,16.7,2026-08-08T21:00:00+00:00,16.7,64630
2026-08-09,hcmc,accepted,24e8c7cc-d6a4-4479-b54c-284412652b78,17.2,2026-08-08T22:00:00+00:00,17.2,64631
2026-08-09,hcmc,accepted,24e8c7cc-d6a4-4479-b54c-284412652b78,18.7,2026-08-08T23:00:00+00:00,18.7,64632
2026-08-09,hcmc,accepted,24e8c7cc-d6a4-4479-b54c-284412652b78,18.0,2026-08-09T00:00:00+00:00,18.0,64633
2026-08-09,hcmc,accepted,24e8c7cc-d6a4-4479-b54c-284412652b78,17.7,2026-08-09T01:00:00+00:00,17.7,64634
2026-08-09,hcmc,accepted,24e8c7cc-d6a4-4479-b54c-284412652b78,17.6,2026-08-09T02:00:00+00:00,17.6,64635
2026-08-09,hcmc,accepted,24e8c7cc-d6a4-4479-b54c-284412652b78,18.4,2026-08-09T03:00:00+00:00,18.4,64636
2026-08-09,hcmc,accepted,24e8c7cc-d6a4-4479-b54c-284412652b78,19.3,2026-08-09T04:00:00+00:00,19.3,64637
2026-08-09,hcmc,accepted,24e8c7cc-d6a4-4479-b54c-284412652b78,17.0,2026-08-09T05:00:00+00:00,17.0,64638
2026-08-09,hcmc,accepted,24e8c7cc-d6a4-4479-b54c-284412652b78,15.6,2026-08-09T06:00:00+00:00,15.6,64639
2026-08-09,hcmc,accepted,24e8c7cc-d6a4-4479-b54c-284412652b78,16.6,2026-08-09T07:00:00+00:00,16.6,64640
2026-08-09,hcmc,accepted,24e8c7cc-d6a4-4479-b54c-284412652b78,17.7,2026-08-09T08:00:00+00:00,17.7,64641
2026-08-09,hcmc,accepted,24e8c7cc-d6a4-4479-b54c-284412652b78,18.0,2026-08-09T09:00:00+00:00,18.0,64642
2026-08-09,hcmc,accepted,24e8c7cc-d6a4-4479-b54c-284412652b78,18.6,2026-08-09T10:00:00+00:00,18.6,64643
2026-08-09,hcmc,accepted,24e8c7cc-d6a4-4479-b54c-284412652b78,20.4,2026-08-09T11:00:00+00:00,20.4,64644
2026-08-09,hcmc,accepted,24e8c7cc-d6a4-4479-b54c-284412652b78,15.7,2026-08-09T12:00:00+00:00,15.7,64645
2026-08-09,hcmc,accepted,24e8c7cc-d6a4-4479-b54c-284412652b78,15.6,2026-08-09T13:00:00+00:00,15.6,64646
2026-08-09,hcmc,accepted,24e8c7cc-d6a4-4479-b54c-284412652b78,16.5,2026-08-09T14:00:00+00:00,16.5,64647
2026-08-09,hcmc,accepted,24e8c7cc-d6a4-4479-b54c-284412652b78,16.9,2026-08-09T15:00:00+00:00,16.9,64648
2026-08-09,hcmc,accepted,24e8c7cc-d6a4-4479-b54c-284412652b78,15.8,2026-08-09T16:00:00+00:00,15.8,64649
2026-08-10,hcmc,accepted,24e8c7cc-d6a4-4479-b54c-284412652b78,13.4,2026-08-09T17:00:00+00:00,13.4,64650
2026-08-10,hcmc,accepted,24e8c7cc-d6a4-4479-b54c-284412652b78,12.2,2026-08-09T18:00:00+00:00,12.2,64651
2026-08-10,hcmc,accepted,24e8c7cc-d6a4-4479-b54c-284412652b78,12.2,2026-08-09T19:00:00+00:00,12.2,64652
2026-08-10,hcmc,accepted,24e8c7cc-d6a4-4479-b54c-284412652b78,12.7,2026-08-09T20:00:00+00:00,12.7,64653
2026-08-10,hcmc,accepted,24e8c7cc-d6a4-4479-b54c-284412652b78,12.9,2026-08-09T21:00:00+00:00,12.9,64654
2026-08-10,hcmc,accepted,24e8c7cc-d6a4-4479-b54c-284412652b78,13.7,2026-08-09T22:00:00+00:00,13.7,64655
2026-08-10,hcmc,accepted,24e8c7cc-d6a4-4479-b54c-284412652b78,15.4,2026-08-09T23:00:00+00:00,15.4,64656
2026-08-10,hcmc,accepted,79de829d-2737-4a50-b2b6-4a4874fa2918,20.1,2026-08-10T00:00:00+00:00,20.1,65665
2026-08-10,hcmc,accepted,79de829d-2737-4a50-b2b6-4a4874fa2918,26.8,2026-08-10T01:00:00+00:00,26.8,65666
2026-08-10,hcmc,accepted,79de829d-2737-4a50-b2b6-4a4874fa2918,26.7,2026-08-10T02:00:00+00:00,26.7,65667
2026-08-10,hcmc,accepted,79de829d-2737-4a50-b2b6-4a4874fa2918,23.8,2026-08-10T03:00:00+00:00,23.8,65668
2026-08-10,hcmc,accepted,79de829d-2737-4a50-b2b6-4a4874fa2918,22.9,2026-08-10T04:00:00+00:00,22.9,65669
2026-08-10,hcmc,accepted,79de829d-2737-4a50-b2b6-4a4874fa2918,21.4,2026-08-10T05:00:00+00:00,21.4,65670
2026-08-10,hcmc,accepted,79de829d-2737-4a50-b2b6-4a4874fa2918,17.9,2026-08-10T06:00:00+00:00,17.9,65671
2026-08-10,hcmc,accepted,79de829d-2737-4a50-b2b6-4a4874fa2918,17.9,2026-08-10T07:00:00+00:00,17.9,65672
2026-08-10,hcmc,accepted,79de829d-2737-4a50-b2b6-4a4874fa2918,19.3,2026-08-10T08:00:00+00:00,19.3,65673
2026-08-10,hcmc,accepted,79de829d-2737-4a50-b2b6-4a4874fa2918,21.5,2026-08-10T09:00:00+00:00,21.5,65674
2026-08-10,hcmc,accepted,79de829d-2737-4a50-b2b6-4a4874fa2918,18.2,2026-08-10T10:00:00+00:00,18.2,65675
2026-08-10,hcmc,accepted,79de829d-2737-4a50-b2b6-4a4874fa2918,19.6,2026-08-10T11:00:00+00:00,19.6,65676
2026-08-10,hcmc,accepted,79de829d-2737-4a50-b2b6-4a4874fa2918,24.8,2026-08-10T12:00:00+00:00,24.8,65677
2026-08-10,hcmc,accepted,79de829d-2737-4a50-b2b6-4a4874fa2918,22.6,2026-08-10T13:00:00+00:00,22.6,65678
2026-08-10,hcmc,accepted,79de829d-2737-4a50-b2b6-4a4874fa2918,21.5,2026-08-10T14:00:00+00:00,21.5,65679
2026-08-10,hcmc,accepted,79de829d-2737-4a50-b2b6-4a4874fa2918,21.8,2026-08-10T15:00:00+00:00,21.8,65680
2026-08-10,hcmc,accepted,79de829d-2737-4a50-b2b6-4a4874fa2918,21.4,2026-08-10T16:00:00+00:00,21.4,65681
2026-08-11,hcmc,accepted,79de829d-2737-4a50-b2b6-4a4874fa2918,18.9,2026-08-10T17:00:00+00:00,18.9,65682
2026-08-11,hcmc,accepted,79de829d-2737-4a50-b2b6-4a4874fa2918,16.8,2026-08-10T18:00:00+00:00,16.8,65683
2026-08-11,hcmc,accepted,79de829d-2737-4a50-b2b6-4a4874fa2918,15.5,2026-08-10T19:00:00+00:00,15.5,65684
2026-08-11,hcmc,accepted,79de829d-2737-4a50-b2b6-4a4874fa2918,15.0,2026-08-10T20:00:00+00:00,15.0,65685
2026-08-11,hcmc,accepted,79de829d-2737-4a50-b2b6-4a4874fa2918,15.4,2026-08-10T21:00:00+00:00,15.4,65686
2026-08-11,hcmc,accepted,79de829d-2737-4a50-b2b6-4a4874fa2918,15.8,2026-08-10T22:00:00+00:00,15.8,65687
2026-08-11,hcmc,accepted,79de829d-2737-4a50-b2b6-4a4874fa2918,17.9,2026-08-10T23:00:00+00:00,17.9,65688
2026-08-11,hcmc,accepted,79de829d-2737-4a50-b2b6-4a4874fa2918,16.9,2026-08-11T00:00:00+00:00,16.9,65689
2026-08-11,hcmc,accepted,79de829d-2737-4a50-b2b6-4a4874fa2918,22.1,2026-08-11T01:00:00+00:00,22.1,65690
2026-08-11,hcmc,accepted,79de829d-2737-4a50-b2b6-4a4874fa2918,21.2,2026-08-11T02:00:00+00:00,21.2,65691
2026-08-11,hcmc,accepted,79de829d-2737-4a50-b2b6-4a4874fa2918,21.1,2026-08-11T03:00:00+00:00,21.1,65692
2026-08-11,hcmc,accepted,79de829d-2737-4a50-b2b6-4a4874fa2918,21.6,2026-08-11T04:00:00+00:00,21.6,65693
2026-08-11,hcmc,accepted,79de829d-2737-4a50-b2b6-4a4874fa2918,20.7,2026-08-11T05:00:00+00:00,20.7,65694
2026-08-11,hcmc,accepted,79de829d-2737-4a50-b2b6-4a4874fa2918,19.6,2026-08-11T06:00:00+00:00,19.6,65695
2026-08-11,hcmc,accepted,79de829d-2737-4a50-b2b6-4a4874fa2918,18.5,2026-08-11T07:00:00+00:00,18.5,65696
2026-08-11,hcmc,accepted,79de829d-2737-4a50-b2b6-4a4874fa2918,17.1,2026-08-11T08:00:00+00:00,17.1,65697
2026-08-11,hcmc,accepted,79de829d-2737-4a50-b2b6-4a4874fa2918,19.0,2026-08-11T09:00:00+00:00,19.0,65698
2026-08-11,hcmc,accepted,79de829d-2737-4a50-b2b6-4a4874fa2918,17.5,2026-08-11T10:00:00+00:00,17.5,65699
2026-08-11,hcmc,accepted,79de829d-2737-4a50-b2b6-4a4874fa2918,22.1,2026-08-11T11:00:00+00:00,22.1,65700
2026-08-11,hcmc,accepted,79de829d-2737-4a50-b2b6-4a4874fa2918,32.2,2026-08-11T12:00:00+00:00,32.2,65701
2026-08-11,hcmc,accepted,79de829d-2737-4a50-b2b6-4a4874fa2918,34.2,2026-08-11T13:00:00+00:00,34.2,65702
2026-08-11,hcmc,accepted,79de829d-2737-4a50-b2b6-4a4874fa2918,33.2,2026-08-11T14:00:00+00:00,33.2,65703
2026-08-11,hcmc,accepted,79de829d-2737-4a50-b2b6-4a4874fa2918,33.1,2026-08-11T15:00:00+00:00,33.1,65704
2026-08-11,hcmc,accepted,79de829d-2737-4a50-b2b6-4a4874fa2918,30.3,2026-08-11T16:00:00+00:00,30.3,65705
2026-08-12,hcmc,accepted,79de829d-2737-4a50-b2b6-4a4874fa2918,25.8,2026-08-11T17:00:00+00:00,25.8,65706
2026-08-12,hcmc,accepted,79de829d-2737-4a50-b2b6-4a4874fa2918,22.6,2026-08-11T18:00:00+00:00,22.6,65707
2026-08-12,hcmc,accepted,79de829d-2737-4a50-b2b6-4a4874fa2918,20.8,2026-08-11T19:00:00+00:00,20.8,65708
2026-08-12,hcmc,accepted,79de829d-2737-4a50-b2b6-4a4874fa2918,20.4,2026-08-11T20:00:00+00:00,20.4,65709
2026-08-12,hcmc,accepted,79de829d-2737-4a50-b2b6-4a4874fa2918,20.4,2026-08-11T21:00:00+00:00,20.4,65710
2026-08-12,hcmc,accepted,79de829d-2737-4a50-b2b6-4a4874fa2918,20.8,2026-08-11T22:00:00+00:00,20.8,65711
2026-08-12,hcmc,accepted,79de829d-2737-4a50-b2b6-4a4874fa2918,22.4,2026-08-11T23:00:00+00:00,22.4,65712
2026-08-12,hcmc,accepted,79de829d-2737-4a50-b2b6-4a4874fa2918,18.5,2026-08-12T00:00:00+00:00,18.5,65713
2026-08-12,hcmc,accepted,79de829d-2737-4a50-b2b6-4a4874fa2918,17.9,2026-08-12T01:00:00+00:00,17.9,65714
2026-08-12,hcmc,accepted,79de829d-2737-4a50-b2b6-4a4874fa2918,18.0,2026-08-12T02:00:00+00:00,18.0,65715
2026-08-12,hcmc,accepted,79de829d-2737-4a50-b2b6-4a4874fa2918,19.0,2026-08-12T03:00:00+00:00,19.0,65716
2026-08-12,hcmc,accepted,79de829d-2737-4a50-b2b6-4a4874fa2918,19.1,2026-08-12T04:00:00+00:00,19.1,65717
2026-08-12,hcmc,accepted,79de829d-2737-4a50-b2b6-4a4874fa2918,18.0,2026-08-12T05:00:00+00:00,18.0,65718
2026-08-12,hcmc,accepted,79de829d-2737-4a50-b2b6-4a4874fa2918,18.0,2026-08-12T06:00:00+00:00,18.0,65719
2026-08-12,hcmc,accepted,79de829d-2737-4a50-b2b6-4a4874fa2918,18.2,2026-08-12T07:00:00+00:00,18.2,65720
2026-08-12,hcmc,accepted,79de829d-2737-4a50-b2b6-4a4874fa2918,19.9,2026-08-12T08:00:00+00:00,19.9,65721
2026-08-12,hcmc,accepted,79de829d-2737-4a50-b2b6-4a4874fa2918,23.1,2026-08-12T09:00:00+00:00,23.1,65722
2026-08-12,hcmc,accepted,79de829d-2737-4a50-b2b6-4a4874fa2918,27.6,2026-08-12T10:00:00+00:00,27.6,65723
2026-08-12,hcmc,accepted,79de829d-2737-4a50-b2b6-4a4874fa2918,33.2,2026-08-12T11:00:00+00:00,33.2,65724
2026-08-12,hcmc,accepted,79de829d-2737-4a50-b2b6-4a4874fa2918,32.9,2026-08-12T12:00:00+00:00,32.9,65725
2026-08-12,hcmc,accepted,79de829d-2737-4a50-b2b6-4a4874fa2918,35.5,2026-08-12T13:00:00+00:00,35.5,65726
2026-08-12,hcmc,accepted,79de829d-2737-4a50-b2b6-4a4874fa2918,34.7,2026-08-12T14:00:00+00:00,34.7,65727
2026-08-12,hcmc,accepted,79de829d-2737-4a50-b2b6-4a4874fa2918,32.7,2026-08-12T15:00:00+00:00,32.7,65728
2026-08-12,hcmc,accepted,79de829d-2737-4a50-b2b6-4a4874fa2918,30.2,2026-08-12T16:00:00+00:00,30.2,65729
2026-08-13,hcmc,accepted,79de829d-2737-4a50-b2b6-4a4874fa2918,26.5,2026-08-12T17:00:00+00:00,26.5,65730
2026-08-13,hcmc,accepted,79de829d-2737-4a50-b2b6-4a4874fa2918,23.9,2026-08-12T18:00:00+00:00,23.9,65731
2026-08-13,hcmc,accepted,79de829d-2737-4a50-b2b6-4a4874fa2918,21.4,2026-08-12T19:00:00+00:00,21.4,65732
2026-08-13,hcmc,accepted,79de829d-2737-4a50-b2b6-4a4874fa2918,20.6,2026-08-12T20:00:00+00:00,20.6,65733
2026-08-13,hcmc,accepted,79de829d-2737-4a50-b2b6-4a4874fa2918,20.3,2026-08-12T21:00:00+00:00,20.3,65734
2026-08-13,hcmc,accepted,79de829d-2737-4a50-b2b6-4a4874fa2918,20.1,2026-08-12T22:00:00+00:00,20.1,65735
2026-08-13,hcmc,accepted,79de829d-2737-4a50-b2b6-4a4874fa2918,20.4,2026-08-12T23:00:00+00:00,20.4,65736
2026-08-13,hcmc,accepted,79de829d-2737-4a50-b2b6-4a4874fa2918,21.9,2026-08-13T00:00:00+00:00,21.9,65737
2026-08-13,hcmc,accepted,79de829d-2737-4a50-b2b6-4a4874fa2918,22.9,2026-08-13T01:00:00+00:00,22.9,65738
2026-08-13,hcmc,accepted,79de829d-2737-4a50-b2b6-4a4874fa2918,21.7,2026-08-13T02:00:00+00:00,21.7,65739
2026-08-13,hcmc,accepted,79de829d-2737-4a50-b2b6-4a4874fa2918,21.5,2026-08-13T03:00:00+00:00,21.5,65740
2026-08-13,hcmc,accepted,79de829d-2737-4a50-b2b6-4a4874fa2918,21.9,2026-08-13T04:00:00+00:00,21.9,65741
2026-08-13,hcmc,accepted,79de829d-2737-4a50-b2b6-4a4874fa2918,22.1,2026-08-13T05:00:00+00:00,22.1,65742
2026-08-13,hcmc,accepted,79de829d-2737-4a50-b2b6-4a4874fa2918,20.8,2026-08-13T06:00:00+00:00,20.8,65743
2026-08-13,hcmc,accepted,79de829d-2737-4a50-b2b6-4a4874fa2918,19.9,2026-08-13T07:00:00+00:00,19.9,65744
2026-08-13,hcmc,accepted,79de829d-2737-4a50-b2b6-4a4874fa2918,20.1,2026-08-13T08:00:00+00:00,20.1,65745
2026-08-13,hcmc,accepted,79de829d-2737-4a50-b2b6-4a4874fa2918,22.8,2026-08-13T09:00:00+00:00,22.8,65746
2026-08-13,hcmc,accepted,79de829d-2737-4a50-b2b6-4a4874fa2918,24.7,2026-08-13T10:00:00+00:00,24.7,65747
2026-08-13,hcmc,accepted,79de829d-2737-4a50-b2b6-4a4874fa2918,24.7,2026-08-13T11:00:00+00:00,24.7,65748
2026-08-13,hcmc,accepted,79de829d-2737-4a50-b2b6-4a4874fa2918,28.6,2026-08-13T12:00:00+00:00,28.6,65749
2026-08-13,hcmc,accepted,79de829d-2737-4a50-b2b6-4a4874fa2918,27.0,2026-08-13T13:00:00+00:00,27.0,65750
2026-08-13,hcmc,accepted,79de829d-2737-4a50-b2b6-4a4874fa2918,25.3,2026-08-13T14:00:00+00:00,25.3,65751
2026-08-13,hcmc,accepted,79de829d-2737-4a50-b2b6-4a4874fa2918,25.9,2026-08-13T15:00:00+00:00,25.9,65752
2026-08-13,hcmc,accepted,79de829d-2737-4a50-b2b6-4a4874fa2918,24.2,2026-08-13T16:00:00+00:00,24.2,65753
2026-08-14,hcmc,accepted,79de829d-2737-4a50-b2b6-4a4874fa2918,19.9,2026-08-13T17:00:00+00:00,19.9,65754
2026-08-14,hcmc,accepted,79de829d-2737-4a50-b2b6-4a4874fa2918,17.1,2026-08-13T18:00:00+00:00,17.1,65755
2026-08-14,hcmc,accepted,79de829d-2737-4a50-b2b6-4a4874fa2918,15.8,2026-08-13T19:00:00+00:00,15.8,65756
2026-08-14,hcmc,accepted,79de829d-2737-4a50-b2b6-4a4874fa2918,15.7,2026-08-13T20:00:00+00:00,15.7,65757
2026-08-14,hcmc,accepted,79de829d-2737-4a50-b2b6-4a4874fa2918,16.2,2026-08-13T21:00:00+00:00,16.2,65758
2026-08-14,hcmc,accepted,79de829d-2737-4a50-b2b6-4a4874fa2918,16.4,2026-08-13T22:00:00+00:00,16.4,65759
2026-08-14,hcmc,accepted,79de829d-2737-4a50-b2b6-4a4874fa2918,17.5,2026-08-13T23:00:00+00:00,17.5,65760
2026-08-14,hcmc,accepted,79de829d-2737-4a50-b2b6-4a4874fa2918,17.4,2026-08-14T00:00:00+00:00,17.4,65761
2026-08-14,hcmc,accepted,79de829d-2737-4a50-b2b6-4a4874fa2918,17.3,2026-08-14T01:00:00+00:00,17.3,65762
2026-08-14,hcmc,accepted,79de829d-2737-4a50-b2b6-4a4874fa2918,16.5,2026-08-14T02:00:00+00:00,16.5,65763
2026-08-14,hcmc,accepted,79de829d-2737-4a50-b2b6-4a4874fa2918,16.9,2026-08-14T03:00:00+00:00,16.9,65764
2026-08-14,hcmc,accepted,79de829d-2737-4a50-b2b6-4a4874fa2918,18.0,2026-08-14T04:00:00+00:00,18.0,65765
2026-08-14,hcmc,accepted,79de829d-2737-4a50-b2b6-4a4874fa2918,18.2,2026-08-14T05:00:00+00:00,18.2,65766
2026-08-14,hcmc,accepted,79de829d-2737-4a50-b2b6-4a4874fa2918,18.6,2026-08-14T06:00:00+00:00,18.6,65767
2026-08-14,hcmc,accepted,79de829d-2737-4a50-b2b6-4a4874fa2918,18.4,2026-08-14T07:00:00+00:00,18.4,65768
2026-08-14,hcmc,accepted,79de829d-2737-4a50-b2b6-4a4874fa2918,18.9,2026-08-14T08:00:00+00:00,18.9,65769
2026-08-14,hcmc,accepted,79de829d-2737-4a50-b2b6-4a4874fa2918,19.2,2026-08-14T09:00:00+00:00,19.2,65770
2026-08-14,hcmc,accepted,79de829d-2737-4a50-b2b6-4a4874fa2918,18.4,2026-08-14T10:00:00+00:00,18.4,65771
2026-08-14,hcmc,accepted,79de829d-2737-4a50-b2b6-4a4874fa2918,20.0,2026-08-14T11:00:00+00:00,20.0,65772
2026-08-14,hcmc,accepted,79de829d-2737-4a50-b2b6-4a4874fa2918,22.6,2026-08-14T12:00:00+00:00,22.6,65773
2026-08-14,hcmc,accepted,79de829d-2737-4a50-b2b6-4a4874fa2918,23.9,2026-08-14T13:00:00+00:00,23.9,65774
2026-08-14,hcmc,accepted,79de829d-2737-4a50-b2b6-4a4874fa2918,24.0,2026-08-14T14:00:00+00:00,24.0,65775
2026-08-14,hcmc,accepted,79de829d-2737-4a50-b2b6-4a4874fa2918,23.6,2026-08-14T15:00:00+00:00,23.6,65776
2026-08-14,hcmc,accepted,79de829d-2737-4a50-b2b6-4a4874fa2918,20.9,2026-08-14T16:00:00+00:00,20.9,65777
2026-08-15,hcmc,accepted,79de829d-2737-4a50-b2b6-4a4874fa2918,18.0,2026-08-14T17:00:00+00:00,18.0,65778
2026-08-15,hcmc,accepted,79de829d-2737-4a50-b2b6-4a4874fa2918,16.8,2026-08-14T18:00:00+00:00,16.8,65779
2026-08-15,hcmc,accepted,79de829d-2737-4a50-b2b6-4a4874fa2918,16.5,2026-08-14T19:00:00+00:00,16.5,65780
2026-08-15,hcmc,accepted,79de829d-2737-4a50-b2b6-4a4874fa2918,16.9,2026-08-14T20:00:00+00:00,16.9,65781
2026-08-15,hcmc,accepted,79de829d-2737-4a50-b2b6-4a4874fa2918,17.6,2026-08-14T21:00:00+00:00,17.6,65782
2026-08-15,hcmc,accepted,79de829d-2737-4a50-b2b6-4a4874fa2918,18.8,2026-08-14T22:00:00+00:00,18.8,65783
2026-08-15,hcmc,accepted,79de829d-2737-4a50-b2b6-4a4874fa2918,21.5,2026-08-14T23:00:00+00:00,21.5,65784
2026-08-15,hcmc,accepted,79de829d-2737-4a50-b2b6-4a4874fa2918,18.7,2026-08-15T00:00:00+00:00,18.7,65785
2026-08-15,hcmc,accepted,79de829d-2737-4a50-b2b6-4a4874fa2918,15.8,2026-08-15T01:00:00+00:00,15.8,65786
2026-08-15,hcmc,accepted,79de829d-2737-4a50-b2b6-4a4874fa2918,15.7,2026-08-15T02:00:00+00:00,15.7,65787
2026-08-15,hcmc,accepted,79de829d-2737-4a50-b2b6-4a4874fa2918,14.9,2026-08-15T03:00:00+00:00,14.9,65788
2026-08-15,hcmc,accepted,79de829d-2737-4a50-b2b6-4a4874fa2918,15.4,2026-08-15T04:00:00+00:00,15.4,65789
2026-08-15,hcmc,accepted,79de829d-2737-4a50-b2b6-4a4874fa2918,16.5,2026-08-15T05:00:00+00:00,16.5,65790
2026-08-15,hcmc,accepted,79de829d-2737-4a50-b2b6-4a4874fa2918,17.9,2026-08-15T06:00:00+00:00,17.9,65791
2026-08-15,hcmc,accepted,79de829d-2737-4a50-b2b6-4a4874fa2918,16.9,2026-08-15T07:00:00+00:00,16.9,65792
2026-08-15,hcmc,accepted,79de829d-2737-4a50-b2b6-4a4874fa2918,15.7,2026-08-15T08:00:00+00:00,15.7,65793
2026-08-15,hcmc,accepted,79de829d-2737-4a50-b2b6-4a4874fa2918,15.2,2026-08-15T09:00:00+00:00,15.2,65794
2026-08-15,hcmc,accepted,79de829d-2737-4a50-b2b6-4a4874fa2918,17.6,2026-08-15T10:00:00+00:00,17.6,65795
2026-08-15,hcmc,accepted,79de829d-2737-4a50-b2b6-4a4874fa2918,20.6,2026-08-15T11:00:00+00:00,20.6,65796
2026-08-15,hcmc,accepted,79de829d-2737-4a50-b2b6-4a4874fa2918,18.6,2026-08-15T12:00:00+00:00,18.6,65797
2026-08-15,hcmc,accepted,79de829d-2737-4a50-b2b6-4a4874fa2918,19.6,2026-08-15T13:00:00+00:00,19.6,65798
2026-08-15,hcmc,accepted,79de829d-2737-4a50-b2b6-4a4874fa2918,19.3,2026-08-15T14:00:00+00:00,19.3,65799
2026-08-15,hcmc,accepted,79de829d-2737-4a50-b2b6-4a4874fa2918,20.4,2026-08-15T15:00:00+00:00,20.4,65800
2026-08-15,hcmc,accepted,79de829d-2737-4a50-b2b6-4a4874fa2918,21.2,2026-08-15T16:00:00+00:00,21.2,65801
2026-08-16,hcmc,accepted,79de829d-2737-4a50-b2b6-4a4874fa2918,20.1,2026-08-15T17:00:00+00:00,20.1,65802
2026-08-16,hcmc,accepted,79de829d-2737-4a50-b2b6-4a4874fa2918,19.0,2026-08-15T18:00:00+00:00,19.0,65803
2026-08-16,hcmc,accepted,79de829d-2737-4a50-b2b6-4a4874fa2918,18.5,2026-08-15T19:00:00+00:00,18.5,65804
2026-08-16,hcmc,accepted,79de829d-2737-4a50-b2b6-4a4874fa2918,18.9,2026-08-15T20:00:00+00:00,18.9,65805
2026-08-16,hcmc,accepted,79de829d-2737-4a50-b2b6-4a4874fa2918,19.4,2026-08-15T21:00:00+00:00,19.4,65806
2026-08-16,hcmc,accepted,79de829d-2737-4a50-b2b6-4a4874fa2918,19.7,2026-08-15T22:00:00+00:00,19.7,65807
2026-08-16,hcmc,accepted,79de829d-2737-4a50-b2b6-4a4874fa2918,20.8,2026-08-15T23:00:00+00:00,20.8,65808
2026-08-16,hcmc,accepted,79de829d-2737-4a50-b2b6-4a4874fa2918,15.8,2026-08-16T00:00:00+00:00,15.8,65809
2026-08-16,hcmc,accepted,79de829d-2737-4a50-b2b6-4a4874fa2918,16.9,2026-08-16T01:00:00+00:00,16.9,65810
2026-08-16,hcmc,accepted,79de829d-2737-4a50-b2b6-4a4874fa2918,16.3,2026-08-16T02:00:00+00:00,16.3,65811
2026-08-16,hcmc,accepted,79de829d-2737-4a50-b2b6-4a4874fa2918,17.6,2026-08-16T03:00:00+00:00,17.6,65812
2026-08-16,hcmc,accepted,79de829d-2737-4a50-b2b6-4a4874fa2918,18.5,2026-08-16T04:00:00+00:00,18.5,65813
2026-08-16,hcmc,accepted,79de829d-2737-4a50-b2b6-4a4874fa2918,16.8,2026-08-16T05:00:00+00:00,16.8,65814
2026-08-16,hcmc,accepted,79de829d-2737-4a50-b2b6-4a4874fa2918,15.7,2026-08-16T06:00:00+00:00,15.7,65815
2026-08-16,hcmc,accepted,79de829d-2737-4a50-b2b6-4a4874fa2918,16.8,2026-08-16T07:00:00+00:00,16.8,65816
2026-08-16,hcmc,accepted,79de829d-2737-4a50-b2b6-4a4874fa2918,18.0,2026-08-16T08:00:00+00:00,18.0,65817
2026-08-16,hcmc,accepted,79de829d-2737-4a50-b2b6-4a4874fa2918,20.7,2026-08-16T09:00:00+00:00,20.7,65818
2026-08-16,hcmc,accepted,79de829d-2737-4a50-b2b6-4a4874fa2918,22.9,2026-08-16T10:00:00+00:00,22.9,65819
2026-08-16,hcmc,accepted,79de829d-2737-4a50-b2b6-4a4874fa2918,26.3,2026-08-16T11:00:00+00:00,26.3,65820
2026-08-16,hcmc,accepted,79de829d-2737-4a50-b2b6-4a4874fa2918,21.4,2026-08-16T12:00:00+00:00,21.4,65821
2026-08-16,hcmc,accepted,79de829d-2737-4a50-b2b6-4a4874fa2918,18.7,2026-08-16T13:00:00+00:00,18.7,65822
2026-08-16,hcmc,accepted,79de829d-2737-4a50-b2b6-4a4874fa2918,18.3,2026-08-16T14:00:00+00:00,18.3,65823
2026-08-16,hcmc,accepted,79de829d-2737-4a50-b2b6-4a4874fa2918,18.7,2026-08-16T15:00:00+00:00,18.7,65824
2026-08-16,hcmc,accepted,79de829d-2737-4a50-b2b6-4a4874fa2918,18.7,2026-08-16T16:00:00+00:00,18.7,65825
2026-08-17,hcmc,accepted,79de829d-2737-4a50-b2b6-4a4874fa2918,17.6,2026-08-16T17:00:00+00:00,17.6,65826
2026-08-17,hcmc,accepted,79de829d-2737-4a50-b2b6-4a4874fa2918,16.2,2026-08-16T18:00:00+00:00,16.2,65827
2026-08-17,hcmc,accepted,79de829d-2737-4a50-b2b6-4a4874fa2918,15.0,2026-08-16T19:00:00+00:00,15.0,65828
2026-08-17,hcmc,accepted,79de829d-2737-4a50-b2b6-4a4874fa2918,14.6,2026-08-16T20:00:00+00:00,14.6,65829
2026-08-17,hcmc,accepted,79de829d-2737-4a50-b2b6-4a4874fa2918,14.4,2026-08-16T21:00:00+00:00,14.4,65830
2026-08-17,hcmc,accepted,79de829d-2737-4a50-b2b6-4a4874fa2918,14.4,2026-08-16T22:00:00+00:00,14.4,65831
2026-08-17,hcmc,accepted,79de829d-2737-4a50-b2b6-4a4874fa2918,15.4,2026-08-16T23:00:00+00:00,15.4,65832
2026-08-17,hcmc,accepted,5a4f0c6e-42e8-4001-85dc-80200b31c560,13.6,2026-08-17T00:00:00+00:00,13.6,66841
2026-08-17,hcmc,accepted,5a4f0c6e-42e8-4001-85dc-80200b31c560,15.8,2026-08-17T01:00:00+00:00,15.8,66842
2026-08-17,hcmc,accepted,5a4f0c6e-42e8-4001-85dc-80200b31c560,15.8,2026-08-17T02:00:00+00:00,15.8,66843
2026-08-17,hcmc,accepted,5a4f0c6e-42e8-4001-85dc-80200b31c560,16.7,2026-08-17T03:00:00+00:00,16.7,66844
2026-08-17,hcmc,accepted,5a4f0c6e-42e8-4001-85dc-80200b31c560,17.8,2026-08-17T04:00:00+00:00,17.8,66845
2026-08-17,hcmc,accepted,5a4f0c6e-42e8-4001-85dc-80200b31c560,20.0,2026-08-17T05:00:00+00:00,20.0,66846
2026-08-17,hcmc,accepted,5a4f0c6e-42e8-4001-85dc-80200b31c560,20.4,2026-08-17T06:00:00+00:00,20.4,66847
2026-08-17,hcmc,accepted,5a4f0c6e-42e8-4001-85dc-80200b31c560,20.7,2026-08-17T07:00:00+00:00,20.7,66848
2026-08-17,hcmc,accepted,5a4f0c6e-42e8-4001-85dc-80200b31c560,21.0,2026-08-17T08:00:00+00:00,21.0,66849
2026-08-17,hcmc,accepted,5a4f0c6e-42e8-4001-85dc-80200b31c560,21.6,2026-08-17T09:00:00+00:00,21.6,66850
2026-08-17,hcmc,accepted,5a4f0c6e-42e8-4001-85dc-80200b31c560,24.2,2026-08-17T10:00:00+00:00,24.2,66851
2026-08-17,hcmc,accepted,5a4f0c6e-42e8-4001-85dc-80200b31c560,27.9,2026-08-17T11:00:00+00:00,27.9,66852
2026-08-17,hcmc,accepted,5a4f0c6e-42e8-4001-85dc-80200b31c560,31.9,2026-08-17T12:00:00+00:00,31.9,66853
2026-08-17,hcmc,accepted,5a4f0c6e-42e8-4001-85dc-80200b31c560,38.9,2026-08-17T13:00:00+00:00,38.9,66854
2026-08-17,hcmc,accepted,5a4f0c6e-42e8-4001-85dc-80200b31c560,48.1,2026-08-17T14:00:00+00:00,48.1,66855
2026-08-17,hcmc,accepted,5a4f0c6e-42e8-4001-85dc-80200b31c560,59.6,2026-08-17T15:00:00+00:00,59.6,66856
2026-08-17,hcmc,accepted,5a4f0c6e-42e8-4001-85dc-80200b31c560,64.3,2026-08-17T16:00:00+00:00,64.3,66857
2026-08-18,hcmc,accepted,5a4f0c6e-42e8-4001-85dc-80200b31c560,52.7,2026-08-17T17:00:00+00:00,52.7,66858
2026-08-18,hcmc,accepted,5a4f0c6e-42e8-4001-85dc-80200b31c560,36.4,2026-08-17T18:00:00+00:00,36.4,66859
2026-08-18,hcmc,accepted,5a4f0c6e-42e8-4001-85dc-80200b31c560,26.9,2026-08-17T19:00:00+00:00,26.9,66860
2026-08-18,hcmc,accepted,5a4f0c6e-42e8-4001-85dc-80200b31c560,20.4,2026-08-17T20:00:00+00:00,20.4,66861
2026-08-18,hcmc,accepted,5a4f0c6e-42e8-4001-85dc-80200b31c560,16.7,2026-08-17T21:00:00+00:00,16.7,66862
2026-08-18,hcmc,accepted,5a4f0c6e-42e8-4001-85dc-80200b31c560,15.8,2026-08-17T22:00:00+00:00,15.8,66863
2026-08-18,hcmc,accepted,5a4f0c6e-42e8-4001-85dc-80200b31c560,16.7,2026-08-17T23:00:00+00:00,16.7,66864
2026-08-18,hcmc,accepted,5a4f0c6e-42e8-4001-85dc-80200b31c560,20.5,2026-08-18T00:00:00+00:00,20.5,66865
2026-08-18,hcmc,accepted,5a4f0c6e-42e8-4001-85dc-80200b31c560,20.2,2026-08-18T01:00:00+00:00,20.2,66866
2026-08-18,hcmc,accepted,5a4f0c6e-42e8-4001-85dc-80200b31c560,19.6,2026-08-18T02:00:00+00:00,19.6,66867
2026-08-18,hcmc,accepted,5a4f0c6e-42e8-4001-85dc-80200b31c560,20.6,2026-08-18T03:00:00+00:00,20.6,66868
2026-08-18,hcmc,accepted,5a4f0c6e-42e8-4001-85dc-80200b31c560,21.8,2026-08-18T04:00:00+00:00,21.8,66869
2026-08-18,hcmc,accepted,5a4f0c6e-42e8-4001-85dc-80200b31c560,20.5,2026-08-18T05:00:00+00:00,20.5,66870
2026-08-18,hcmc,accepted,5a4f0c6e-42e8-4001-85dc-80200b31c560,19.4,2026-08-18T06:00:00+00:00,19.4,66871
2026-08-18,hcmc,accepted,5a4f0c6e-42e8-4001-85dc-80200b31c560,22.5,2026-08-18T07:00:00+00:00,22.5,66872
2026-08-18,hcmc,accepted,5a4f0c6e-42e8-4001-85dc-80200b31c560,20.0,2026-08-18T08:00:00+00:00,20.0,66873
2026-08-18,hcmc,accepted,5a4f0c6e-42e8-4001-85dc-80200b31c560,21.3,2026-08-18T09:00:00+00:00,21.3,66874
2026-08-18,hcmc,accepted,5a4f0c6e-42e8-4001-85dc-80200b31c560,21.0,2026-08-18T10:00:00+00:00,21.0,66875
2026-08-18,hcmc,accepted,5a4f0c6e-42e8-4001-85dc-80200b31c560,21.3,2026-08-18T11:00:00+00:00,21.3,66876
2026-08-18,hcmc,accepted,5a4f0c6e-42e8-4001-85dc-80200b31c560,22.3,2026-08-18T12:00:00+00:00,22.3,66877
2026-08-18,hcmc,accepted,5a4f0c6e-42e8-4001-85dc-80200b31c560,25.6,2026-08-18T13:00:00+00:00,25.6,66878
2026-08-18,hcmc,accepted,5a4f0c6e-42e8-4001-85dc-80200b31c560,26.7,2026-08-18T14:00:00+00:00,26.7,66879
2026-08-18,hcmc,accepted,5a4f0c6e-42e8-4001-85dc-80200b31c560,23.5,2026-08-18T15:00:00+00:00,23.5,66880
2026-08-18,hcmc,accepted,5a4f0c6e-42e8-4001-85dc-80200b31c560,20.1,2026-08-18T16:00:00+00:00,20.1,66881
2026-08-19,hcmc,accepted,5a4f0c6e-42e8-4001-85dc-80200b31c560,16.8,2026-08-18T17:00:00+00:00,16.8,66882
2026-08-19,hcmc,accepted,5a4f0c6e-42e8-4001-85dc-80200b31c560,14.6,2026-08-18T18:00:00+00:00,14.6,66883
2026-08-19,hcmc,accepted,5a4f0c6e-42e8-4001-85dc-80200b31c560,13.7,2026-08-18T19:00:00+00:00,13.7,66884
2026-08-19,hcmc,accepted,5a4f0c6e-42e8-4001-85dc-80200b31c560,13.1,2026-08-18T20:00:00+00:00,13.1,66885
2026-08-19,hcmc,accepted,5a4f0c6e-42e8-4001-85dc-80200b31c560,12.7,2026-08-18T21:00:00+00:00,12.7,66886
2026-08-19,hcmc,accepted,5a4f0c6e-42e8-4001-85dc-80200b31c560,13.0,2026-08-18T22:00:00+00:00,13.0,66887
2026-08-19,hcmc,accepted,5a4f0c6e-42e8-4001-85dc-80200b31c560,13.7,2026-08-18T23:00:00+00:00,13.7,66888
2026-08-19,hcmc,accepted,5a4f0c6e-42e8-4001-85dc-80200b31c560,14.6,2026-08-19T00:00:00+00:00,14.6,66889
2026-08-19,hcmc,accepted,5a4f0c6e-42e8-4001-85dc-80200b31c560,14.4,2026-08-19T01:00:00+00:00,14.4,66890
2026-08-19,hcmc,accepted,5a4f0c6e-42e8-4001-85dc-80200b31c560,15.3,2026-08-19T02:00:00+00:00,15.3,66891
2026-08-19,hcmc,accepted,5a4f0c6e-42e8-4001-85dc-80200b31c560,15.9,2026-08-19T03:00:00+00:00,15.9,66892
2026-08-19,hcmc,accepted,5a4f0c6e-42e8-4001-85dc-80200b31c560,16.3,2026-08-19T04:00:00+00:00,16.3,66893
2026-08-19,hcmc,accepted,5a4f0c6e-42e8-4001-85dc-80200b31c560,16.6,2026-08-19T05:00:00+00:00,16.6,66894
2026-08-19,hcmc,accepted,5a4f0c6e-42e8-4001-85dc-80200b31c560,15.6,2026-08-19T06:00:00+00:00,15.6,66895
2026-08-19,hcmc,accepted,5a4f0c6e-42e8-4001-85dc-80200b31c560,16.5,2026-08-19T07:00:00+00:00,16.5,66896
2026-08-19,hcmc,accepted,5a4f0c6e-42e8-4001-85dc-80200b31c560,16.5,2026-08-19T08:00:00+00:00,16.5,66897
2026-08-19,hcmc,accepted,5a4f0c6e-42e8-4001-85dc-80200b31c560,15.9,2026-08-19T09:00:00+00:00,15.9,66898
2026-08-19,hcmc,accepted,5a4f0c6e-42e8-4001-85dc-80200b31c560,17.6,2026-08-19T10:00:00+00:00,17.6,66899
2026-08-19,hcmc,accepted,5a4f0c6e-42e8-4001-85dc-80200b31c560,19.3,2026-08-19T11:00:00+00:00,19.3,66900
2026-08-19,hcmc,accepted,5a4f0c6e-42e8-4001-85dc-80200b31c560,22.1,2026-08-19T12:00:00+00:00,22.1,66901
2026-08-19,hcmc,accepted,5a4f0c6e-42e8-4001-85dc-80200b31c560,22.8,2026-08-19T13:00:00+00:00,22.8,66902
2026-08-19,hcmc,accepted,5a4f0c6e-42e8-4001-85dc-80200b31c560,22.9,2026-08-19T14:00:00+00:00,22.9,66903
2026-08-19,hcmc,accepted,5a4f0c6e-42e8-4001-85dc-80200b31c560,23.5,2026-08-19T15:00:00+00:00,23.5,66904
2026-08-19,hcmc,accepted,5a4f0c6e-42e8-4001-85dc-80200b31c560,23.8,2026-08-19T16:00:00+00:00,23.8,66905
2026-08-20,hcmc,accepted,5a4f0c6e-42e8-4001-85dc-80200b31c560,23.0,2026-08-19T17:00:00+00:00,23.0,66906
2026-08-20,hcmc,accepted,5a4f0c6e-42e8-4001-85dc-80200b31c560,20.1,2026-08-19T18:00:00+00:00,20.1,66907
2026-08-20,hcmc,accepted,5a4f0c6e-42e8-4001-85dc-80200b31c560,18.6,2026-08-19T19:00:00+00:00,18.6,66908
2026-08-20,hcmc,accepted,5a4f0c6e-42e8-4001-85dc-80200b31c560,17.5,2026-08-19T20:00:00+00:00,17.5,66909
2026-08-20,hcmc,accepted,5a4f0c6e-42e8-4001-85dc-80200b31c560,16.9,2026-08-19T21:00:00+00:00,16.9,66910
2026-08-20,hcmc,accepted,5a4f0c6e-42e8-4001-85dc-80200b31c560,17.1,2026-08-19T22:00:00+00:00,17.1,66911
2026-08-20,hcmc,accepted,5a4f0c6e-42e8-4001-85dc-80200b31c560,17.8,2026-08-19T23:00:00+00:00,17.8,66912
2026-08-20,hcmc,accepted,5a4f0c6e-42e8-4001-85dc-80200b31c560,20.4,2026-08-20T00:00:00+00:00,20.4,66913
2026-08-20,hcmc,accepted,5a4f0c6e-42e8-4001-85dc-80200b31c560,24.0,2026-08-20T01:00:00+00:00,24.0,66914
2026-08-20,hcmc,accepted,5a4f0c6e-42e8-4001-85dc-80200b31c560,25.0,2026-08-20T02:00:00+00:00,25.0,66915
2026-08-20,hcmc,accepted,5a4f0c6e-42e8-4001-85dc-80200b31c560,23.5,2026-08-20T03:00:00+00:00,23.5,66916
2026-08-20,hcmc,accepted,5a4f0c6e-42e8-4001-85dc-80200b31c560,23.9,2026-08-20T04:00:00+00:00,23.9,66917
2026-08-20,hcmc,accepted,5a4f0c6e-42e8-4001-85dc-80200b31c560,23.4,2026-08-20T05:00:00+00:00,23.4,66918
2026-08-20,hcmc,accepted,5a4f0c6e-42e8-4001-85dc-80200b31c560,22.4,2026-08-20T06:00:00+00:00,22.4,66919
2026-08-20,hcmc,accepted,5a4f0c6e-42e8-4001-85dc-80200b31c560,19.2,2026-08-20T07:00:00+00:00,19.2,66920
2026-08-20,hcmc,accepted,5a4f0c6e-42e8-4001-85dc-80200b31c560,20.8,2026-08-20T08:00:00+00:00,20.8,66921
2026-08-20,hcmc,accepted,5a4f0c6e-42e8-4001-85dc-80200b31c560,21.1,2026-08-20T09:00:00+00:00,21.1,66922
2026-08-20,hcmc,accepted,5a4f0c6e-42e8-4001-85dc-80200b31c560,22.1,2026-08-20T10:00:00+00:00,22.1,66923
2026-08-20,hcmc,accepted,5a4f0c6e-42e8-4001-85dc-80200b31c560,23.6,2026-08-20T11:00:00+00:00,23.6,66924
2026-08-20,hcmc,accepted,5a4f0c6e-42e8-4001-85dc-80200b31c560,21.8,2026-08-20T12:00:00+00:00,21.8,66925
2026-08-20,hcmc,accepted,5a4f0c6e-42e8-4001-85dc-80200b31c560,21.8,2026-08-20T13:00:00+00:00,21.8,66926
2026-08-20,hcmc,accepted,5a4f0c6e-42e8-4001-85dc-80200b31c560,22.2,2026-08-20T14:00:00+00:00,22.2,66927
2026-08-20,hcmc,accepted,5a4f0c6e-42e8-4001-85dc-80200b31c560,23.6,2026-08-20T15:00:00+00:00,23.6,66928
2026-08-20,hcmc,accepted,5a4f0c6e-42e8-4001-85dc-80200b31c560,24.6,2026-08-20T16:00:00+00:00,24.6,66929
2026-08-21,hcmc,accepted,5a4f0c6e-42e8-4001-85dc-80200b31c560,21.8,2026-08-20T17:00:00+00:00,21.8,66930
2026-08-21,hcmc,accepted,5a4f0c6e-42e8-4001-85dc-80200b31c560,20.8,2026-08-20T18:00:00+00:00,20.8,66931
2026-08-21,hcmc,accepted,5a4f0c6e-42e8-4001-85dc-80200b31c560,20.3,2026-08-20T19:00:00+00:00,20.3,66932
2026-08-21,hcmc,accepted,5a4f0c6e-42e8-4001-85dc-80200b31c560,20.0,2026-08-20T20:00:00+00:00,20.0,66933
2026-08-21,hcmc,accepted,5a4f0c6e-42e8-4001-85dc-80200b31c560,20.1,2026-08-20T21:00:00+00:00,20.1,66934
2026-08-21,hcmc,accepted,5a4f0c6e-42e8-4001-85dc-80200b31c560,20.8,2026-08-20T22:00:00+00:00,20.8,66935
2026-08-21,hcmc,accepted,5a4f0c6e-42e8-4001-85dc-80200b31c560,22.8,2026-08-20T23:00:00+00:00,22.8,66936
2026-08-21,hcmc,accepted,5a4f0c6e-42e8-4001-85dc-80200b31c560,19.8,2026-08-21T00:00:00+00:00,19.8,66937
2026-08-21,hcmc,accepted,5a4f0c6e-42e8-4001-85dc-80200b31c560,20.3,2026-08-21T01:00:00+00:00,20.3,66938
2026-08-21,hcmc,accepted,5a4f0c6e-42e8-4001-85dc-80200b31c560,20.6,2026-08-21T02:00:00+00:00,20.6,66939
2026-08-21,hcmc,accepted,5a4f0c6e-42e8-4001-85dc-80200b31c560,21.4,2026-08-21T03:00:00+00:00,21.4,66940
2026-08-21,hcmc,accepted,5a4f0c6e-42e8-4001-85dc-80200b31c560,21.9,2026-08-21T04:00:00+00:00,21.9,66941
2026-08-21,hcmc,accepted,5a4f0c6e-42e8-4001-85dc-80200b31c560,20.8,2026-08-21T05:00:00+00:00,20.8,66942
2026-08-21,hcmc,accepted,5a4f0c6e-42e8-4001-85dc-80200b31c560,19.1,2026-08-21T06:00:00+00:00,19.1,66943
2026-08-21,hcmc,accepted,5a4f0c6e-42e8-4001-85dc-80200b31c560,19.5,2026-08-21T07:00:00+00:00,19.5,66944
2026-08-21,hcmc,accepted,5a4f0c6e-42e8-4001-85dc-80200b31c560,19.2,2026-08-21T08:00:00+00:00,19.2,66945
2026-08-21,hcmc,accepted,5a4f0c6e-42e8-4001-85dc-80200b31c560,20.3,2026-08-21T09:00:00+00:00,20.3,66946
2026-08-21,hcmc,accepted,5a4f0c6e-42e8-4001-85dc-80200b31c560,20.0,2026-08-21T10:00:00+00:00,20.0,66947
2026-08-21,hcmc,accepted,5a4f0c6e-42e8-4001-85dc-80200b31c560,23.4,2026-08-21T11:00:00+00:00,23.4,66948
2026-08-21,hcmc,accepted,5a4f0c6e-42e8-4001-85dc-80200b31c560,23.9,2026-08-21T12:00:00+00:00,23.9,66949
2026-08-21,hcmc,accepted,5a4f0c6e-42e8-4001-85dc-80200b31c560,26.6,2026-08-21T13:00:00+00:00,26.6,66950
2026-08-21,hcmc,accepted,5a4f0c6e-42e8-4001-85dc-80200b31c560,28.8,2026-08-21T14:00:00+00:00,28.8,66951
2026-08-21,hcmc,accepted,5a4f0c6e-42e8-4001-85dc-80200b31c560,30.0,2026-08-21T15:00:00+00:00,30.0,66952
2026-08-21,hcmc,accepted,5a4f0c6e-42e8-4001-85dc-80200b31c560,29.3,2026-08-21T16:00:00+00:00,29.3,66953
2026-08-22,hcmc,accepted,5a4f0c6e-42e8-4001-85dc-80200b31c560,26.0,2026-08-21T17:00:00+00:00,26.0,66954
2026-08-22,hcmc,accepted,5a4f0c6e-42e8-4001-85dc-80200b31c560,23.8,2026-08-21T18:00:00+00:00,23.8,66955
2026-08-22,hcmc,accepted,5a4f0c6e-42e8-4001-85dc-80200b31c560,22.5,2026-08-21T19:00:00+00:00,22.5,66956
2026-08-22,hcmc,accepted,5a4f0c6e-42e8-4001-85dc-80200b31c560,21.9,2026-08-21T20:00:00+00:00,21.9,66957
2026-08-22,hcmc,accepted,5a4f0c6e-42e8-4001-85dc-80200b31c560,22.1,2026-08-21T21:00:00+00:00,22.1,66958
2026-08-22,hcmc,accepted,5a4f0c6e-42e8-4001-85dc-80200b31c560,23.1,2026-08-21T22:00:00+00:00,23.1,66959
2026-08-22,hcmc,accepted,5a4f0c6e-42e8-4001-85dc-80200b31c560,25.8,2026-08-21T23:00:00+00:00,25.8,66960
2026-08-22,hcmc,accepted,5a4f0c6e-42e8-4001-85dc-80200b31c560,16.6,2026-08-22T00:00:00+00:00,16.6,66961
2026-08-22,hcmc,accepted,5a4f0c6e-42e8-4001-85dc-80200b31c560,16.7,2026-08-22T01:00:00+00:00,16.7,66962
2026-08-22,hcmc,accepted,5a4f0c6e-42e8-4001-85dc-80200b31c560,15.1,2026-08-22T02:00:00+00:00,15.1,66963
2026-08-22,hcmc,accepted,5a4f0c6e-42e8-4001-85dc-80200b31c560,15.1,2026-08-22T03:00:00+00:00,15.1,66964
2026-08-22,hcmc,accepted,5a4f0c6e-42e8-4001-85dc-80200b31c560,15.4,2026-08-22T04:00:00+00:00,15.4,66965
2026-08-22,hcmc,accepted,5a4f0c6e-42e8-4001-85dc-80200b31c560,16.0,2026-08-22T05:00:00+00:00,16.0,66966
2026-08-22,hcmc,accepted,5a4f0c6e-42e8-4001-85dc-80200b31c560,16.6,2026-08-22T06:00:00+00:00,16.6,66967
2026-08-22,hcmc,accepted,5a4f0c6e-42e8-4001-85dc-80200b31c560,16.1,2026-08-22T07:00:00+00:00,16.1,66968
2026-08-22,hcmc,accepted,5a4f0c6e-42e8-4001-85dc-80200b31c560,15.0,2026-08-22T08:00:00+00:00,15.0,66969
2026-08-22,hcmc,accepted,5a4f0c6e-42e8-4001-85dc-80200b31c560,17.1,2026-08-22T09:00:00+00:00,17.1,66970
2026-08-22,hcmc,accepted,5a4f0c6e-42e8-4001-85dc-80200b31c560,22.0,2026-08-22T10:00:00+00:00,22.0,66971
2026-08-22,hcmc,accepted,5a4f0c6e-42e8-4001-85dc-80200b31c560,25.6,2026-08-22T11:00:00+00:00,25.6,66972
2026-08-22,hcmc,accepted,5a4f0c6e-42e8-4001-85dc-80200b31c560,29.9,2026-08-22T12:00:00+00:00,29.9,66973
2026-08-22,hcmc,accepted,5a4f0c6e-42e8-4001-85dc-80200b31c560,29.9,2026-08-22T13:00:00+00:00,29.9,66974
2026-08-22,hcmc,accepted,5a4f0c6e-42e8-4001-85dc-80200b31c560,30.0,2026-08-22T14:00:00+00:00,30.0,66975
2026-08-22,hcmc,accepted,5a4f0c6e-42e8-4001-85dc-80200b31c560,30.4,2026-08-22T15:00:00+00:00,30.4,66976
2026-08-22,hcmc,accepted,5a4f0c6e-42e8-4001-85dc-80200b31c560,30.2,2026-08-22T16:00:00+00:00,30.2,66977
2026-08-23,hcmc,accepted,5a4f0c6e-42e8-4001-85dc-80200b31c560,27.4,2026-08-22T17:00:00+00:00,27.4,66978
2026-08-23,hcmc,accepted,5a4f0c6e-42e8-4001-85dc-80200b31c560,26.1,2026-08-22T18:00:00+00:00,26.1,66979
2026-08-23,hcmc,accepted,5a4f0c6e-42e8-4001-85dc-80200b31c560,25.9,2026-08-22T19:00:00+00:00,25.9,66980
2026-08-23,hcmc,accepted,5a4f0c6e-42e8-4001-85dc-80200b31c560,26.3,2026-08-22T20:00:00+00:00,26.3,66981
2026-08-23,hcmc,accepted,5a4f0c6e-42e8-4001-85dc-80200b31c560,27.0,2026-08-22T21:00:00+00:00,27.0,66982
2026-08-23,hcmc,accepted,5a4f0c6e-42e8-4001-85dc-80200b31c560,28.1,2026-08-22T22:00:00+00:00,28.1,66983
2026-08-23,hcmc,accepted,5a4f0c6e-42e8-4001-85dc-80200b31c560,30.2,2026-08-22T23:00:00+00:00,30.2,66984
2026-08-23,hcmc,accepted,5a4f0c6e-42e8-4001-85dc-80200b31c560,27.5,2026-08-23T00:00:00+00:00,27.5,66985
2026-08-23,hcmc,accepted,5a4f0c6e-42e8-4001-85dc-80200b31c560,28.0,2026-08-23T01:00:00+00:00,28.0,66986
2026-08-23,hcmc,accepted,5a4f0c6e-42e8-4001-85dc-80200b31c560,28.3,2026-08-23T02:00:00+00:00,28.3,66987
2026-08-23,hcmc,accepted,5a4f0c6e-42e8-4001-85dc-80200b31c560,28.3,2026-08-23T03:00:00+00:00,28.3,66988
2026-08-23,hcmc,accepted,5a4f0c6e-42e8-4001-85dc-80200b31c560,25.0,2026-08-23T04:00:00+00:00,25.0,66989
2026-08-23,hcmc,accepted,5a4f0c6e-42e8-4001-85dc-80200b31c560,20.2,2026-08-23T05:00:00+00:00,20.2,66990
2026-08-23,hcmc,accepted,5a4f0c6e-42e8-4001-85dc-80200b31c560,21.2,2026-08-23T06:00:00+00:00,21.2,66991
2026-08-23,hcmc,accepted,5a4f0c6e-42e8-4001-85dc-80200b31c560,21.7,2026-08-23T07:00:00+00:00,21.7,66992
2026-08-23,hcmc,accepted,5a4f0c6e-42e8-4001-85dc-80200b31c560,22.6,2026-08-23T08:00:00+00:00,22.6,66993
2026-08-23,hcmc,accepted,5a4f0c6e-42e8-4001-85dc-80200b31c560,23.9,2026-08-23T09:00:00+00:00,23.9,66994
2026-08-23,hcmc,accepted,5a4f0c6e-42e8-4001-85dc-80200b31c560,24.8,2026-08-23T10:00:00+00:00,24.8,66995
2026-08-23,hcmc,accepted,5a4f0c6e-42e8-4001-85dc-80200b31c560,26.4,2026-08-23T11:00:00+00:00,26.4,66996
2026-08-23,hcmc,accepted,5a4f0c6e-42e8-4001-85dc-80200b31c560,24.8,2026-08-23T12:00:00+00:00,24.8,66997
2026-08-23,hcmc,accepted,5a4f0c6e-42e8-4001-85dc-80200b31c560,22.5,2026-08-23T13:00:00+00:00,22.5,66998
2026-08-23,hcmc,accepted,5a4f0c6e-42e8-4001-85dc-80200b31c560,20.8,2026-08-23T14:00:00+00:00,20.8,66999
2026-08-23,hcmc,accepted,5a4f0c6e-42e8-4001-85dc-80200b31c560,19.9,2026-08-23T15:00:00+00:00,19.9,67000
2026-08-23,hcmc,accepted,5a4f0c6e-42e8-4001-85dc-80200b31c560,19.2,2026-08-23T16:00:00+00:00,19.2,67001
2026-08-24,hcmc,accepted,5a4f0c6e-42e8-4001-85dc-80200b31c560,17.9,2026-08-23T17:00:00+00:00,17.9,67002
2026-08-24,hcmc,accepted,5a4f0c6e-42e8-4001-85dc-80200b31c560,17.4,2026-08-23T18:00:00+00:00,17.4,67003
2026-08-24,hcmc,accepted,5a4f0c6e-42e8-4001-85dc-80200b31c560,17.1,2026-08-23T19:00:00+00:00,17.1,67004
2026-08-24,hcmc,accepted,5a4f0c6e-42e8-4001-85dc-80200b31c560,16.7,2026-08-23T20:00:00+00:00,16.7,67005
2026-08-24,hcmc,accepted,5a4f0c6e-42e8-4001-85dc-80200b31c560,16.4,2026-08-23T21:00:00+00:00,16.4,67006
2026-08-24,hcmc,accepted,5a4f0c6e-42e8-4001-85dc-80200b31c560,16.7,2026-08-23T22:00:00+00:00,16.7,67007
2026-08-24,hcmc,accepted,5a4f0c6e-42e8-4001-85dc-80200b31c560,17.8,2026-08-23T23:00:00+00:00,17.8,67008
2026-08-24,hcmc,accepted,d583bdc8-fdc7-47d7-bad5-dd2074255dd6,15.4,2026-08-24T00:00:00+00:00,15.4,68017
2026-08-24,hcmc,accepted,d583bdc8-fdc7-47d7-bad5-dd2074255dd6,16.0,2026-08-24T01:00:00+00:00,16.0,68018
2026-08-24,hcmc,accepted,d583bdc8-fdc7-47d7-bad5-dd2074255dd6,17.2,2026-08-24T02:00:00+00:00,17.2,68019
2026-08-24,hcmc,accepted,d583bdc8-fdc7-47d7-bad5-dd2074255dd6,17.7,2026-08-24T03:00:00+00:00,17.7,68020
2026-08-24,hcmc,accepted,d583bdc8-fdc7-47d7-bad5-dd2074255dd6,17.1,2026-08-24T04:00:00+00:00,17.1,68021
2026-08-24,hcmc,accepted,d583bdc8-fdc7-47d7-bad5-dd2074255dd6,15.9,2026-08-24T05:00:00+00:00,15.9,68022
2026-08-24,hcmc,accepted,d583bdc8-fdc7-47d7-bad5-dd2074255dd6,14.9,2026-08-24T06:00:00+00:00,14.9,68023
2026-08-24,hcmc,accepted,d583bdc8-fdc7-47d7-bad5-dd2074255dd6,14.8,2026-08-24T07:00:00+00:00,14.8,68024
2026-08-24,hcmc,accepted,d583bdc8-fdc7-47d7-bad5-dd2074255dd6,16.8,2026-08-24T08:00:00+00:00,16.8,68025
2026-08-24,hcmc,accepted,d583bdc8-fdc7-47d7-bad5-dd2074255dd6,17.9,2026-08-24T09:00:00+00:00,17.9,68026
2026-08-24,hcmc,accepted,d583bdc8-fdc7-47d7-bad5-dd2074255dd6,19.4,2026-08-24T10:00:00+00:00,19.4,68027
2026-08-24,hcmc,accepted,d583bdc8-fdc7-47d7-bad5-dd2074255dd6,19.1,2026-08-24T11:00:00+00:00,19.1,68028
2026-08-24,hcmc,accepted,d583bdc8-fdc7-47d7-bad5-dd2074255dd6,20.4,2026-08-24T12:00:00+00:00,20.4,68029
2026-08-24,hcmc,accepted,d583bdc8-fdc7-47d7-bad5-dd2074255dd6,16.8,2026-08-24T13:00:00+00:00,16.8,68030
2026-08-24,hcmc,accepted,d583bdc8-fdc7-47d7-bad5-dd2074255dd6,15.1,2026-08-24T14:00:00+00:00,15.1,68031
2026-08-24,hcmc,accepted,d583bdc8-fdc7-47d7-bad5-dd2074255dd6,14.7,2026-08-24T15:00:00+00:00,14.7,68032
2026-08-24,hcmc,accepted,d583bdc8-fdc7-47d7-bad5-dd2074255dd6,12.5,2026-08-24T16:00:00+00:00,12.5,68033
2026-08-25,hcmc,accepted,d583bdc8-fdc7-47d7-bad5-dd2074255dd6,10.4,2026-08-24T17:00:00+00:00,10.4,68034
2026-08-25,hcmc,accepted,d583bdc8-fdc7-47d7-bad5-dd2074255dd6,9.2,2026-08-24T18:00:00+00:00,9.2,68035
2026-08-25,hcmc,accepted,d583bdc8-fdc7-47d7-bad5-dd2074255dd6,8.6,2026-08-24T19:00:00+00:00,8.6,68036
2026-08-25,hcmc,accepted,d583bdc8-fdc7-47d7-bad5-dd2074255dd6,8.5,2026-08-24T20:00:00+00:00,8.5,68037
2026-08-25,hcmc,accepted,d583bdc8-fdc7-47d7-bad5-dd2074255dd6,9.0,2026-08-24T21:00:00+00:00,9.0,68038
2026-08-25,hcmc,accepted,d583bdc8-fdc7-47d7-bad5-dd2074255dd6,10.1,2026-08-24T22:00:00+00:00,10.1,68039
2026-08-25,hcmc,accepted,d583bdc8-fdc7-47d7-bad5-dd2074255dd6,12.2,2026-08-24T23:00:00+00:00,12.2,68040
2026-08-25,hcmc,accepted,d583bdc8-fdc7-47d7-bad5-dd2074255dd6,10.8,2026-08-25T00:00:00+00:00,10.8,68041
2026-08-25,hcmc,accepted,d583bdc8-fdc7-47d7-bad5-dd2074255dd6,12.3,2026-08-25T01:00:00+00:00,12.3,68042
2026-08-25,hcmc,accepted,d583bdc8-fdc7-47d7-bad5-dd2074255dd6,13.8,2026-08-25T02:00:00+00:00,13.8,68043
2026-08-25,hcmc,accepted,d583bdc8-fdc7-47d7-bad5-dd2074255dd6,15.4,2026-08-25T03:00:00+00:00,15.4,68044
2026-08-25,hcmc,accepted,d583bdc8-fdc7-47d7-bad5-dd2074255dd6,16.3,2026-08-25T04:00:00+00:00,16.3,68045
2026-08-25,hcmc,accepted,d583bdc8-fdc7-47d7-bad5-dd2074255dd6,16.1,2026-08-25T05:00:00+00:00,16.1,68046
2026-08-25,hcmc,accepted,d583bdc8-fdc7-47d7-bad5-dd2074255dd6,15.0,2026-08-25T06:00:00+00:00,15.0,68047
2026-08-25,hcmc,accepted,d583bdc8-fdc7-47d7-bad5-dd2074255dd6,16.9,2026-08-25T07:00:00+00:00,16.9,68048
2026-08-25,hcmc,accepted,d583bdc8-fdc7-47d7-bad5-dd2074255dd6,17.6,2026-08-25T08:00:00+00:00,17.6,68049
2026-08-25,hcmc,accepted,d583bdc8-fdc7-47d7-bad5-dd2074255dd6,19.3,2026-08-25T09:00:00+00:00,19.3,68050
2026-08-25,hcmc,accepted,d583bdc8-fdc7-47d7-bad5-dd2074255dd6,19.2,2026-08-25T10:00:00+00:00,19.2,68051
2026-08-25,hcmc,accepted,d583bdc8-fdc7-47d7-bad5-dd2074255dd6,20.7,2026-08-25T11:00:00+00:00,20.7,68052
2026-08-25,hcmc,accepted,d583bdc8-fdc7-47d7-bad5-dd2074255dd6,21.5,2026-08-25T12:00:00+00:00,21.5,68053
2026-08-25,hcmc,accepted,d583bdc8-fdc7-47d7-bad5-dd2074255dd6,21.0,2026-08-25T13:00:00+00:00,21.0,68054
2026-08-25,hcmc,accepted,d583bdc8-fdc7-47d7-bad5-dd2074255dd6,19.9,2026-08-25T14:00:00+00:00,19.9,68055
2026-08-25,hcmc,accepted,d583bdc8-fdc7-47d7-bad5-dd2074255dd6,19.3,2026-08-25T15:00:00+00:00,19.3,68056
2026-08-25,hcmc,accepted,d583bdc8-fdc7-47d7-bad5-dd2074255dd6,18.7,2026-08-25T16:00:00+00:00,18.7,68057
2026-08-26,hcmc,accepted,d583bdc8-fdc7-47d7-bad5-dd2074255dd6,17.3,2026-08-25T17:00:00+00:00,17.3,68058
2026-08-26,hcmc,accepted,d583bdc8-fdc7-47d7-bad5-dd2074255dd6,16.5,2026-08-25T18:00:00+00:00,16.5,68059
2026-08-26,hcmc,accepted,d583bdc8-fdc7-47d7-bad5-dd2074255dd6,15.1,2026-08-25T19:00:00+00:00,15.1,68060
2026-08-26,hcmc,accepted,d583bdc8-fdc7-47d7-bad5-dd2074255dd6,15.0,2026-08-25T20:00:00+00:00,15.0,68061
2026-08-26,hcmc,accepted,d583bdc8-fdc7-47d7-bad5-dd2074255dd6,15.5,2026-08-25T21:00:00+00:00,15.5,68062
2026-08-26,hcmc,accepted,d583bdc8-fdc7-47d7-bad5-dd2074255dd6,16.3,2026-08-25T22:00:00+00:00,16.3,68063
2026-08-26,hcmc,accepted,d583bdc8-fdc7-47d7-bad5-dd2074255dd6,17.6,2026-08-25T23:00:00+00:00,17.6,68064
2026-08-26,hcmc,accepted,d583bdc8-fdc7-47d7-bad5-dd2074255dd6,15.5,2026-08-26T00:00:00+00:00,15.5,68065
2026-08-26,hcmc,accepted,d583bdc8-fdc7-47d7-bad5-dd2074255dd6,15.3,2026-08-26T01:00:00+00:00,15.3,68066
2026-08-26,hcmc,accepted,d583bdc8-fdc7-47d7-bad5-dd2074255dd6,16.3,2026-08-26T02:00:00+00:00,16.3,68067
2026-08-26,hcmc,accepted,d583bdc8-fdc7-47d7-bad5-dd2074255dd6,17.7,2026-08-26T03:00:00+00:00,17.7,68068
2026-08-26,hcmc,accepted,d583bdc8-fdc7-47d7-bad5-dd2074255dd6,18.0,2026-08-26T04:00:00+00:00,18.0,68069
2026-08-26,hcmc,accepted,d583bdc8-fdc7-47d7-bad5-dd2074255dd6,18.0,2026-08-26T05:00:00+00:00,18.0,68070
2026-08-26,hcmc,accepted,d583bdc8-fdc7-47d7-bad5-dd2074255dd6,18.9,2026-08-26T06:00:00+00:00,18.9,68071
2026-08-26,hcmc,accepted,d583bdc8-fdc7-47d7-bad5-dd2074255dd6,19.8,2026-08-26T07:00:00+00:00,19.8,68072
2026-08-26,hcmc,accepted,d583bdc8-fdc7-47d7-bad5-dd2074255dd6,17.3,2026-08-26T08:00:00+00:00,17.3,68073
2026-08-26,hcmc,accepted,d583bdc8-fdc7-47d7-bad5-dd2074255dd6,15.7,2026-08-26T09:00:00+00:00,15.7,68074
2026-08-26,hcmc,accepted,d583bdc8-fdc7-47d7-bad5-dd2074255dd6,16.1,2026-08-26T10:00:00+00:00,16.1,68075
2026-08-26,hcmc,accepted,d583bdc8-fdc7-47d7-bad5-dd2074255dd6,17.0,2026-08-26T11:00:00+00:00,17.0,68076
2026-08-26,hcmc,accepted,d583bdc8-fdc7-47d7-bad5-dd2074255dd6,23.9,2026-08-26T12:00:00+00:00,23.9,68077
2026-08-26,hcmc,accepted,d583bdc8-fdc7-47d7-bad5-dd2074255dd6,22.5,2026-08-26T13:00:00+00:00,22.5,68078
2026-08-26,hcmc,accepted,d583bdc8-fdc7-47d7-bad5-dd2074255dd6,22.0,2026-08-26T14:00:00+00:00,22.0,68079
2026-08-26,hcmc,accepted,d583bdc8-fdc7-47d7-bad5-dd2074255dd6,22.2,2026-08-26T15:00:00+00:00,22.2,68080
2026-08-26,hcmc,accepted,d583bdc8-fdc7-47d7-bad5-dd2074255dd6,22.1,2026-08-26T16:00:00+00:00,22.1,68081
2026-08-27,hcmc,accepted,d583bdc8-fdc7-47d7-bad5-dd2074255dd6,21.1,2026-08-26T17:00:00+00:00,21.1,68082
2026-08-27,hcmc,accepted,d583bdc8-fdc7-47d7-bad5-dd2074255dd6,20.1,2026-08-26T18:00:00+00:00,20.1,68083
2026-08-27,hcmc,accepted,d583bdc8-fdc7-47d7-bad5-dd2074255dd6,19.8,2026-08-26T19:00:00+00:00,19.8,68084
2026-08-27,hcmc,accepted,d583bdc8-fdc7-47d7-bad5-dd2074255dd6,20.3,2026-08-26T20:00:00+00:00,20.3,68085
2026-08-27,hcmc,accepted,d583bdc8-fdc7-47d7-bad5-dd2074255dd6,21.1,2026-08-26T21:00:00+00:00,21.1,68086
2026-08-27,hcmc,accepted,d583bdc8-fdc7-47d7-bad5-dd2074255dd6,21.8,2026-08-26T22:00:00+00:00,21.8,68087
2026-08-27,hcmc,accepted,d583bdc8-fdc7-47d7-bad5-dd2074255dd6,23.9,2026-08-26T23:00:00+00:00,23.9,68088
2026-08-27,hcmc,accepted,d583bdc8-fdc7-47d7-bad5-dd2074255dd6,16.2,2026-08-27T00:00:00+00:00,16.2,68089
2026-08-27,hcmc,accepted,d583bdc8-fdc7-47d7-bad5-dd2074255dd6,16.4,2026-08-27T01:00:00+00:00,16.4,68090
2026-08-27,hcmc,accepted,d583bdc8-fdc7-47d7-bad5-dd2074255dd6,16.0,2026-08-27T02:00:00+00:00,16.0,68091
2026-08-27,hcmc,accepted,d583bdc8-fdc7-47d7-bad5-dd2074255dd6,17.3,2026-08-27T03:00:00+00:00,17.3,68092
2026-08-27,hcmc,accepted,d583bdc8-fdc7-47d7-bad5-dd2074255dd6,17.6,2026-08-27T04:00:00+00:00,17.6,68093
2026-08-27,hcmc,accepted,d583bdc8-fdc7-47d7-bad5-dd2074255dd6,16.3,2026-08-27T05:00:00+00:00,16.3,68094
2026-08-27,hcmc,accepted,d583bdc8-fdc7-47d7-bad5-dd2074255dd6,14.6,2026-08-27T06:00:00+00:00,14.6,68095
2026-08-27,hcmc,accepted,d583bdc8-fdc7-47d7-bad5-dd2074255dd6,15.5,2026-08-27T07:00:00+00:00,15.5,68096
2026-08-27,hcmc,accepted,d583bdc8-fdc7-47d7-bad5-dd2074255dd6,16.2,2026-08-27T08:00:00+00:00,16.2,68097
2026-08-27,hcmc,accepted,d583bdc8-fdc7-47d7-bad5-dd2074255dd6,16.1,2026-08-27T09:00:00+00:00,16.1,68098
2026-08-27,hcmc,accepted,d583bdc8-fdc7-47d7-bad5-dd2074255dd6,19.8,2026-08-27T10:00:00+00:00,19.8,68099
2026-08-27,hcmc,accepted,d583bdc8-fdc7-47d7-bad5-dd2074255dd6,25.4,2026-08-27T11:00:00+00:00,25.4,68100
2026-08-27,hcmc,accepted,d583bdc8-fdc7-47d7-bad5-dd2074255dd6,31.3,2026-08-27T12:00:00+00:00,31.3,68101
2026-08-27,hcmc,accepted,d583bdc8-fdc7-47d7-bad5-dd2074255dd6,30.6,2026-08-27T13:00:00+00:00,30.6,68102
2026-08-27,hcmc,accepted,d583bdc8-fdc7-47d7-bad5-dd2074255dd6,26.9,2026-08-27T14:00:00+00:00,26.9,68103
2026-08-27,hcmc,accepted,d583bdc8-fdc7-47d7-bad5-dd2074255dd6,24.9,2026-08-27T15:00:00+00:00,24.9,68104
2026-08-27,hcmc,accepted,d583bdc8-fdc7-47d7-bad5-dd2074255dd6,22.8,2026-08-27T16:00:00+00:00,22.8,68105
2026-08-28,hcmc,accepted,d583bdc8-fdc7-47d7-bad5-dd2074255dd6,18.9,2026-08-27T17:00:00+00:00,18.9,68106
2026-08-28,hcmc,accepted,d583bdc8-fdc7-47d7-bad5-dd2074255dd6,16.5,2026-08-27T18:00:00+00:00,16.5,68107
2026-08-28,hcmc,accepted,d583bdc8-fdc7-47d7-bad5-dd2074255dd6,15.3,2026-08-27T19:00:00+00:00,15.3,68108
2026-08-28,hcmc,accepted,d583bdc8-fdc7-47d7-bad5-dd2074255dd6,15.0,2026-08-27T20:00:00+00:00,15.0,68109
2026-08-28,hcmc,accepted,d583bdc8-fdc7-47d7-bad5-dd2074255dd6,15.1,2026-08-27T21:00:00+00:00,15.1,68110
2026-08-28,hcmc,accepted,d583bdc8-fdc7-47d7-bad5-dd2074255dd6,15.4,2026-08-27T22:00:00+00:00,15.4,68111
2026-08-28,hcmc,accepted,d583bdc8-fdc7-47d7-bad5-dd2074255dd6,16.8,2026-08-27T23:00:00+00:00,16.8,68112
2026-08-28,hcmc,accepted,d583bdc8-fdc7-47d7-bad5-dd2074255dd6,11.4,2026-08-28T00:00:00+00:00,11.4,68113
2026-08-28,hcmc,accepted,d583bdc8-fdc7-47d7-bad5-dd2074255dd6,12.7,2026-08-28T01:00:00+00:00,12.7,68114
2026-08-28,hcmc,accepted,d583bdc8-fdc7-47d7-bad5-dd2074255dd6,17.6,2026-08-28T02:00:00+00:00,17.6,68115
2026-08-28,hcmc,accepted,d583bdc8-fdc7-47d7-bad5-dd2074255dd6,22.4,2026-08-28T03:00:00+00:00,22.4,68116
2026-08-28,hcmc,accepted,d583bdc8-fdc7-47d7-bad5-dd2074255dd6,24.1,2026-08-28T04:00:00+00:00,24.1,68117
2026-08-28,hcmc,accepted,d583bdc8-fdc7-47d7-bad5-dd2074255dd6,25.2,2026-08-28T05:00:00+00:00,25.2,68118
2026-08-28,hcmc,accepted,d583bdc8-fdc7-47d7-bad5-dd2074255dd6,30.4,2026-08-28T06:00:00+00:00,30.4,68119
2026-08-28,hcmc,accepted,d583bdc8-fdc7-47d7-bad5-dd2074255dd6,27.4,2026-08-28T07:00:00+00:00,27.4,68120
2026-08-28,hcmc,accepted,d583bdc8-fdc7-47d7-bad5-dd2074255dd6,23.0,2026-08-28T08:00:00+00:00,23.0,68121
2026-08-28,hcmc,accepted,d583bdc8-fdc7-47d7-bad5-dd2074255dd6,19.0,2026-08-28T09:00:00+00:00,19.0,68122
2026-08-28,hcmc,accepted,d583bdc8-fdc7-47d7-bad5-dd2074255dd6,24.4,2026-08-28T10:00:00+00:00,24.4,68123
2026-08-28,hcmc,accepted,d583bdc8-fdc7-47d7-bad5-dd2074255dd6,27.4,2026-08-28T11:00:00+00:00,27.4,68124
2026-08-28,hcmc,accepted,d583bdc8-fdc7-47d7-bad5-dd2074255dd6,19.3,2026-08-28T12:00:00+00:00,19.3,68125
2026-08-28,hcmc,accepted,d583bdc8-fdc7-47d7-bad5-dd2074255dd6,19.6,2026-08-28T13:00:00+00:00,19.6,68126
2026-08-28,hcmc,accepted,d583bdc8-fdc7-47d7-bad5-dd2074255dd6,20.6,2026-08-28T14:00:00+00:00,20.6,68127
2026-08-28,hcmc,accepted,d583bdc8-fdc7-47d7-bad5-dd2074255dd6,24.4,2026-08-28T15:00:00+00:00,24.4,68128
2026-08-28,hcmc,accepted,d583bdc8-fdc7-47d7-bad5-dd2074255dd6,27.4,2026-08-28T16:00:00+00:00,27.4,68129
2026-08-29,hcmc,accepted,d583bdc8-fdc7-47d7-bad5-dd2074255dd6,24.3,2026-08-28T17:00:00+00:00,24.3,68130
2026-08-29,hcmc,accepted,d583bdc8-fdc7-47d7-bad5-dd2074255dd6,21.5,2026-08-28T18:00:00+00:00,21.5,68131
2026-08-29,hcmc,accepted,d583bdc8-fdc7-47d7-bad5-dd2074255dd6,20.2,2026-08-28T19:00:00+00:00,20.2,68132
2026-08-29,hcmc,accepted,d583bdc8-fdc7-47d7-bad5-dd2074255dd6,20.1,2026-08-28T20:00:00+00:00,20.1,68133
2026-08-29,hcmc,accepted,d583bdc8-fdc7-47d7-bad5-dd2074255dd6,21.2,2026-08-28T21:00:00+00:00,21.2,68134
2026-08-29,hcmc,accepted,d583bdc8-fdc7-47d7-bad5-dd2074255dd6,23.2,2026-08-28T22:00:00+00:00,23.2,68135
2026-08-29,hcmc,accepted,d583bdc8-fdc7-47d7-bad5-dd2074255dd6,26.4,2026-08-28T23:00:00+00:00,26.4,68136
2026-08-29,hcmc,accepted,d583bdc8-fdc7-47d7-bad5-dd2074255dd6,29.0,2026-08-29T00:00:00+00:00,29.0,68137
2026-08-29,hcmc,accepted,d583bdc8-fdc7-47d7-bad5-dd2074255dd6,29.9,2026-08-29T01:00:00+00:00,29.9,68138
2026-08-29,hcmc,accepted,d583bdc8-fdc7-47d7-bad5-dd2074255dd6,31.7,2026-08-29T02:00:00+00:00,31.7,68139
2026-08-29,hcmc,accepted,d583bdc8-fdc7-47d7-bad5-dd2074255dd6,33.6,2026-08-29T03:00:00+00:00,33.6,68140
2026-08-29,hcmc,accepted,d583bdc8-fdc7-47d7-bad5-dd2074255dd6,35.2,2026-08-29T04:00:00+00:00,35.2,68141
2026-08-29,hcmc,accepted,d583bdc8-fdc7-47d7-bad5-dd2074255dd6,30.7,2026-08-29T05:00:00+00:00,30.7,68142
2026-08-29,hcmc,accepted,d583bdc8-fdc7-47d7-bad5-dd2074255dd6,27.5,2026-08-29T06:00:00+00:00,27.5,68143
2026-08-29,hcmc,accepted,d583bdc8-fdc7-47d7-bad5-dd2074255dd6,27.2,2026-08-29T07:00:00+00:00,27.2,68144
2026-08-29,hcmc,accepted,d583bdc8-fdc7-47d7-bad5-dd2074255dd6,24.3,2026-08-29T08:00:00+00:00,24.3,68145
2026-08-29,hcmc,accepted,d583bdc8-fdc7-47d7-bad5-dd2074255dd6,22.5,2026-08-29T09:00:00+00:00,22.5,68146
2026-08-29,hcmc,accepted,d583bdc8-fdc7-47d7-bad5-dd2074255dd6,22.8,2026-08-29T10:00:00+00:00,22.8,68147
2026-08-29,hcmc,accepted,d583bdc8-fdc7-47d7-bad5-dd2074255dd6,24.2,2026-08-29T11:00:00+00:00,24.2,68148
2026-08-29,hcmc,accepted,d583bdc8-fdc7-47d7-bad5-dd2074255dd6,29.7,2026-08-29T12:00:00+00:00,29.7,68149
2026-08-29,hcmc,accepted,d583bdc8-fdc7-47d7-bad5-dd2074255dd6,29.8,2026-08-29T13:00:00+00:00,29.8,68150
2026-08-29,hcmc,accepted,d583bdc8-fdc7-47d7-bad5-dd2074255dd6,28.9,2026-08-29T14:00:00+00:00,28.9,68151
2026-08-29,hcmc,accepted,d583bdc8-fdc7-47d7-bad5-dd2074255dd6,28.8,2026-08-29T15:00:00+00:00,28.8,68152
2026-08-29,hcmc,accepted,d583bdc8-fdc7-47d7-bad5-dd2074255dd6,27.7,2026-08-29T16:00:00+00:00,27.7,68153
2026-08-30,hcmc,accepted,d583bdc8-fdc7-47d7-bad5-dd2074255dd6,25.0,2026-08-29T17:00:00+00:00,25.0,68154
2026-08-30,hcmc,accepted,d583bdc8-fdc7-47d7-bad5-dd2074255dd6,22.8,2026-08-29T18:00:00+00:00,22.8,68155
2026-08-30,hcmc,accepted,d583bdc8-fdc7-47d7-bad5-dd2074255dd6,21.0,2026-08-29T19:00:00+00:00,21.0,68156
2026-08-30,hcmc,accepted,d583bdc8-fdc7-47d7-bad5-dd2074255dd6,19.6,2026-08-29T20:00:00+00:00,19.6,68157
2026-08-30,hcmc,accepted,d583bdc8-fdc7-47d7-bad5-dd2074255dd6,18.1,2026-08-29T21:00:00+00:00,18.1,68158
2026-08-30,hcmc,accepted,d583bdc8-fdc7-47d7-bad5-dd2074255dd6,17.1,2026-08-29T22:00:00+00:00,17.1,68159
2026-08-30,hcmc,accepted,d583bdc8-fdc7-47d7-bad5-dd2074255dd6,17.7,2026-08-29T23:00:00+00:00,17.7,68160
2026-08-30,hcmc,accepted,d583bdc8-fdc7-47d7-bad5-dd2074255dd6,14.5,2026-08-30T00:00:00+00:00,14.5,68161
2026-08-30,hcmc,accepted,d583bdc8-fdc7-47d7-bad5-dd2074255dd6,17.0,2026-08-30T01:00:00+00:00,17.0,68162
2026-08-30,hcmc,accepted,d583bdc8-fdc7-47d7-bad5-dd2074255dd6,15.8,2026-08-30T02:00:00+00:00,15.8,68163
2026-08-30,hcmc,accepted,d583bdc8-fdc7-47d7-bad5-dd2074255dd6,15.1,2026-08-30T03:00:00+00:00,15.1,68164
2026-08-30,hcmc,accepted,d583bdc8-fdc7-47d7-bad5-dd2074255dd6,15.4,2026-08-30T04:00:00+00:00,15.4,68165
2026-08-30,hcmc,accepted,d583bdc8-fdc7-47d7-bad5-dd2074255dd6,15.3,2026-08-30T05:00:00+00:00,15.3,68166
2026-08-30,hcmc,accepted,d583bdc8-fdc7-47d7-bad5-dd2074255dd6,15.4,2026-08-30T06:00:00+00:00,15.4,68167
2026-08-30,hcmc,accepted,d583bdc8-fdc7-47d7-bad5-dd2074255dd6,15.9,2026-08-30T07:00:00+00:00,15.9,68168
2026-08-30,hcmc,accepted,d583bdc8-fdc7-47d7-bad5-dd2074255dd6,15.9,2026-08-30T08:00:00+00:00,15.9,68169
2026-08-30,hcmc,accepted,d583bdc8-fdc7-47d7-bad5-dd2074255dd6,17.2,2026-08-30T09:00:00+00:00,17.2,68170
2026-08-30,hcmc,accepted,d583bdc8-fdc7-47d7-bad5-dd2074255dd6,17.5,2026-08-30T10:00:00+00:00,17.5,68171
2026-08-30,hcmc,accepted,d583bdc8-fdc7-47d7-bad5-dd2074255dd6,21.8,2026-08-30T11:00:00+00:00,21.8,68172
2026-08-30,hcmc,accepted,d583bdc8-fdc7-47d7-bad5-dd2074255dd6,23.5,2026-08-30T12:00:00+00:00,23.5,68173
2026-08-30,hcmc,accepted,d583bdc8-fdc7-47d7-bad5-dd2074255dd6,24.2,2026-08-30T13:00:00+00:00,24.2,68174
2026-08-30,hcmc,accepted,d583bdc8-fdc7-47d7-bad5-dd2074255dd6,24.6,2026-08-30T14:00:00+00:00,24.6,68175
2026-08-30,hcmc,accepted,d583bdc8-fdc7-47d7-bad5-dd2074255dd6,23.5,2026-08-30T15:00:00+00:00,23.5,68176
2026-08-30,hcmc,accepted,d583bdc8-fdc7-47d7-bad5-dd2074255dd6,21.7,2026-08-30T16:00:00+00:00,21.7,68177
2026-08-31,hcmc,accepted,d583bdc8-fdc7-47d7-bad5-dd2074255dd6,19.4,2026-08-30T17:00:00+00:00,19.4,68178
2026-08-31,hcmc,accepted,d583bdc8-fdc7-47d7-bad5-dd2074255dd6,17.8,2026-08-30T18:00:00+00:00,17.8,68179
2026-08-31,hcmc,accepted,d583bdc8-fdc7-47d7-bad5-dd2074255dd6,16.8,2026-08-30T19:00:00+00:00,16.8,68180
2026-08-31,hcmc,accepted,d583bdc8-fdc7-47d7-bad5-dd2074255dd6,16.4,2026-08-30T20:00:00+00:00,16.4,68181
2026-08-31,hcmc,accepted,d583bdc8-fdc7-47d7-bad5-dd2074255dd6,16.3,2026-08-30T21:00:00+00:00,16.3,68182
2026-08-31,hcmc,accepted,d583bdc8-fdc7-47d7-bad5-dd2074255dd6,16.4,2026-08-30T22:00:00+00:00,16.4,68183
2026-08-31,hcmc,accepted,d583bdc8-fdc7-47d7-bad5-dd2074255dd6,17.0,2026-08-30T23:00:00+00:00,17.0,68184
2026-08-31,hcmc,accepted,1fbbe0a9-9853-4c79-8dea-b72f0b4a04ad,14.6,2026-08-31T00:00:00+00:00,14.6,69193
2026-08-31,hcmc,accepted,1fbbe0a9-9853-4c79-8dea-b72f0b4a04ad,16.6,2026-08-31T01:00:00+00:00,16.6,69194
2026-08-31,hcmc,accepted,1fbbe0a9-9853-4c79-8dea-b72f0b4a04ad,17.7,2026-08-31T02:00:00+00:00,17.7,69195
2026-08-31,hcmc,accepted,1fbbe0a9-9853-4c79-8dea-b72f0b4a04ad,18.3,2026-08-31T03:00:00+00:00,18.3,69196
2026-08-31,hcmc,accepted,1fbbe0a9-9853-4c79-8dea-b72f0b4a04ad,18.8,2026-08-31T04:00:00+00:00,18.8,69197
2026-08-31,hcmc,accepted,1fbbe0a9-9853-4c79-8dea-b72f0b4a04ad,18.6,2026-08-31T05:00:00+00:00,18.6,69198
2026-08-31,hcmc,accepted,1fbbe0a9-9853-4c79-8dea-b72f0b4a04ad,17.3,2026-08-31T06:00:00+00:00,17.3,69199
2026-08-31,hcmc,accepted,1fbbe0a9-9853-4c79-8dea-b72f0b4a04ad,18.5,2026-08-31T07:00:00+00:00,18.5,69200
2026-08-31,hcmc,accepted,1fbbe0a9-9853-4c79-8dea-b72f0b4a04ad,18.7,2026-08-31T08:00:00+00:00,18.7,69201
2026-08-31,hcmc,accepted,1fbbe0a9-9853-4c79-8dea-b72f0b4a04ad,16.8,2026-08-31T09:00:00+00:00,16.8,69202
2026-08-31,hcmc,accepted,1fbbe0a9-9853-4c79-8dea-b72f0b4a04ad,18.7,2026-08-31T10:00:00+00:00,18.7,69203
2026-08-31,hcmc,accepted,1fbbe0a9-9853-4c79-8dea-b72f0b4a04ad,24.2,2026-08-31T11:00:00+00:00,24.2,69204
2026-08-31,hcmc,accepted,1fbbe0a9-9853-4c79-8dea-b72f0b4a04ad,18.7,2026-08-31T12:00:00+00:00,18.7,69205
2026-08-31,hcmc,accepted,1fbbe0a9-9853-4c79-8dea-b72f0b4a04ad,20.4,2026-08-31T13:00:00+00:00,20.4,69206
2026-08-31,hcmc,accepted,1fbbe0a9-9853-4c79-8dea-b72f0b4a04ad,22.3,2026-08-31T14:00:00+00:00,22.3,69207
2026-08-31,hcmc,accepted,1fbbe0a9-9853-4c79-8dea-b72f0b4a04ad,22.8,2026-08-31T15:00:00+00:00,22.8,69208
2026-08-31,hcmc,accepted,1fbbe0a9-9853-4c79-8dea-b72f0b4a04ad,23.1,2026-08-31T16:00:00+00:00,23.1,69209
2026-09-01,hcmc,accepted,1fbbe0a9-9853-4c79-8dea-b72f0b4a04ad,21.5,2026-08-31T17:00:00+00:00,21.5,69210
2026-09-01,hcmc,accepted,1fbbe0a9-9853-4c79-8dea-b72f0b4a04ad,20.4,2026-08-31T18:00:00+00:00,20.4,69211
2026-09-01,hcmc,accepted,1fbbe0a9-9853-4c79-8dea-b72f0b4a04ad,19.7,2026-08-31T19:00:00+00:00,19.7,69212
2026-09-01,hcmc,accepted,1fbbe0a9-9853-4c79-8dea-b72f0b4a04ad,19.4,2026-08-31T20:00:00+00:00,19.4,69213
2026-09-01,hcmc,accepted,1fbbe0a9-9853-4c79-8dea-b72f0b4a04ad,19.2,2026-08-31T21:00:00+00:00,19.2,69214
2026-09-01,hcmc,accepted,1fbbe0a9-9853-4c79-8dea-b72f0b4a04ad,19.1,2026-08-31T22:00:00+00:00,19.1,69215
2026-09-01,hcmc,accepted,1fbbe0a9-9853-4c79-8dea-b72f0b4a04ad,20.0,2026-08-31T23:00:00+00:00,20.0,69216
2026-09-01,hcmc,accepted,1fbbe0a9-9853-4c79-8dea-b72f0b4a04ad,21.2,2026-09-01T00:00:00+00:00,21.2,69217
2026-09-01,hcmc,accepted,1fbbe0a9-9853-4c79-8dea-b72f0b4a04ad,21.0,2026-09-01T01:00:00+00:00,21.0,69218
2026-09-01,hcmc,accepted,1fbbe0a9-9853-4c79-8dea-b72f0b4a04ad,19.8,2026-09-01T02:00:00+00:00,19.8,69219
2026-09-01,hcmc,accepted,1fbbe0a9-9853-4c79-8dea-b72f0b4a04ad,20.3,2026-09-01T03:00:00+00:00,20.3,69220
2026-09-01,hcmc,accepted,1fbbe0a9-9853-4c79-8dea-b72f0b4a04ad,20.3,2026-09-01T04:00:00+00:00,20.3,69221
2026-09-01,hcmc,accepted,1fbbe0a9-9853-4c79-8dea-b72f0b4a04ad,19.3,2026-09-01T05:00:00+00:00,19.3,69222
2026-09-01,hcmc,accepted,1fbbe0a9-9853-4c79-8dea-b72f0b4a04ad,17.3,2026-09-01T06:00:00+00:00,17.3,69223
2026-09-01,hcmc,accepted,1fbbe0a9-9853-4c79-8dea-b72f0b4a04ad,16.8,2026-09-01T07:00:00+00:00,16.8,69224
2026-09-01,hcmc,accepted,1fbbe0a9-9853-4c79-8dea-b72f0b4a04ad,17.6,2026-09-01T08:00:00+00:00,17.6,69225
2026-09-01,hcmc,accepted,1fbbe0a9-9853-4c79-8dea-b72f0b4a04ad,19.3,2026-09-01T09:00:00+00:00,19.3,69226
2026-09-01,hcmc,accepted,1fbbe0a9-9853-4c79-8dea-b72f0b4a04ad,22.1,2026-09-01T10:00:00+00:00,22.1,69227
2026-09-01,hcmc,accepted,1fbbe0a9-9853-4c79-8dea-b72f0b4a04ad,25.0,2026-09-01T11:00:00+00:00,25.0,69228
2026-09-01,hcmc,accepted,1fbbe0a9-9853-4c79-8dea-b72f0b4a04ad,31.4,2026-09-01T12:00:00+00:00,31.4,69229
2026-09-01,hcmc,accepted,1fbbe0a9-9853-4c79-8dea-b72f0b4a04ad,36.8,2026-09-01T13:00:00+00:00,36.8,69230
2026-09-01,hcmc,accepted,1fbbe0a9-9853-4c79-8dea-b72f0b4a04ad,36.9,2026-09-01T14:00:00+00:00,36.9,69231
2026-09-01,hcmc,accepted,1fbbe0a9-9853-4c79-8dea-b72f0b4a04ad,32.8,2026-09-01T15:00:00+00:00,32.8,69232
2026-09-01,hcmc,accepted,1fbbe0a9-9853-4c79-8dea-b72f0b4a04ad,27.7,2026-09-01T16:00:00+00:00,27.7,69233
2026-09-02,hcmc,accepted,1fbbe0a9-9853-4c79-8dea-b72f0b4a04ad,23.3,2026-09-01T17:00:00+00:00,23.3,69234
2026-09-02,hcmc,accepted,1fbbe0a9-9853-4c79-8dea-b72f0b4a04ad,21.5,2026-09-01T18:00:00+00:00,21.5,69235
2026-09-02,hcmc,accepted,1fbbe0a9-9853-4c79-8dea-b72f0b4a04ad,21.2,2026-09-01T19:00:00+00:00,21.2,69236
2026-09-02,hcmc,accepted,1fbbe0a9-9853-4c79-8dea-b72f0b4a04ad,21.8,2026-09-01T20:00:00+00:00,21.8,69237
2026-09-02,hcmc,accepted,1fbbe0a9-9853-4c79-8dea-b72f0b4a04ad,22.4,2026-09-01T21:00:00+00:00,22.4,69238
2026-09-02,hcmc,accepted,1fbbe0a9-9853-4c79-8dea-b72f0b4a04ad,23.4,2026-09-01T22:00:00+00:00,23.4,69239
2026-09-02,hcmc,accepted,1fbbe0a9-9853-4c79-8dea-b72f0b4a04ad,26.3,2026-09-01T23:00:00+00:00,26.3,69240
2026-09-02,hcmc,accepted,1fbbe0a9-9853-4c79-8dea-b72f0b4a04ad,21.5,2026-09-02T00:00:00+00:00,21.5,69241
2026-09-02,hcmc,accepted,1fbbe0a9-9853-4c79-8dea-b72f0b4a04ad,23.1,2026-09-02T01:00:00+00:00,23.1,69242
2026-09-02,hcmc,accepted,1fbbe0a9-9853-4c79-8dea-b72f0b4a04ad,22.0,2026-09-02T02:00:00+00:00,22.0,69243
2026-09-02,hcmc,accepted,1fbbe0a9-9853-4c79-8dea-b72f0b4a04ad,21.0,2026-09-02T03:00:00+00:00,21.0,69244
2026-09-02,hcmc,accepted,1fbbe0a9-9853-4c79-8dea-b72f0b4a04ad,22.1,2026-09-02T04:00:00+00:00,22.1,69245
2026-09-02,hcmc,accepted,1fbbe0a9-9853-4c79-8dea-b72f0b4a04ad,24.0,2026-09-02T05:00:00+00:00,24.0,69246
2026-09-02,hcmc,accepted,1fbbe0a9-9853-4c79-8dea-b72f0b4a04ad,23.4,2026-09-02T06:00:00+00:00,23.4,69247
2026-09-02,hcmc,accepted,1fbbe0a9-9853-4c79-8dea-b72f0b4a04ad,21.5,2026-09-02T07:00:00+00:00,21.5,69248
2026-09-02,hcmc,accepted,1fbbe0a9-9853-4c79-8dea-b72f0b4a04ad,20.5,2026-09-02T08:00:00+00:00,20.5,69249
2026-09-02,hcmc,accepted,1fbbe0a9-9853-4c79-8dea-b72f0b4a04ad,20.0,2026-09-02T09:00:00+00:00,20.0,69250
2026-09-02,hcmc,accepted,1fbbe0a9-9853-4c79-8dea-b72f0b4a04ad,21.2,2026-09-02T10:00:00+00:00,21.2,69251
2026-09-02,hcmc,accepted,1fbbe0a9-9853-4c79-8dea-b72f0b4a04ad,23.3,2026-09-02T11:00:00+00:00,23.3,69252
2026-09-02,hcmc,accepted,1fbbe0a9-9853-4c79-8dea-b72f0b4a04ad,33.2,2026-09-02T12:00:00+00:00,33.2,69253
2026-09-02,hcmc,accepted,1fbbe0a9-9853-4c79-8dea-b72f0b4a04ad,32.4,2026-09-02T13:00:00+00:00,32.4,69254
2026-09-02,hcmc,accepted,1fbbe0a9-9853-4c79-8dea-b72f0b4a04ad,28.8,2026-09-02T14:00:00+00:00,28.8,69255
2026-09-02,hcmc,accepted,1fbbe0a9-9853-4c79-8dea-b72f0b4a04ad,25.6,2026-09-02T15:00:00+00:00,25.6,69256
2026-09-02,hcmc,accepted,1fbbe0a9-9853-4c79-8dea-b72f0b4a04ad,23.2,2026-09-02T16:00:00+00:00,23.2,69257
2026-09-03,hcmc,accepted,1fbbe0a9-9853-4c79-8dea-b72f0b4a04ad,21.4,2026-09-02T17:00:00+00:00,21.4,69258
2026-09-03,hcmc,accepted,1fbbe0a9-9853-4c79-8dea-b72f0b4a04ad,18.2,2026-09-02T18:00:00+00:00,18.2,69259
2026-09-03,hcmc,accepted,1fbbe0a9-9853-4c79-8dea-b72f0b4a04ad,17.6,2026-09-02T19:00:00+00:00,17.6,69260
2026-09-03,hcmc,accepted,1fbbe0a9-9853-4c79-8dea-b72f0b4a04ad,17.6,2026-09-02T20:00:00+00:00,17.6,69261
2026-09-03,hcmc,accepted,1fbbe0a9-9853-4c79-8dea-b72f0b4a04ad,17.9,2026-09-02T21:00:00+00:00,17.9,69262
2026-09-03,hcmc,accepted,1fbbe0a9-9853-4c79-8dea-b72f0b4a04ad,18.6,2026-09-02T22:00:00+00:00,18.6,69263
2026-09-03,hcmc,accepted,1fbbe0a9-9853-4c79-8dea-b72f0b4a04ad,19.7,2026-09-02T23:00:00+00:00,19.7,69264
2026-09-03,hcmc,accepted,1fbbe0a9-9853-4c79-8dea-b72f0b4a04ad,15.4,2026-09-03T00:00:00+00:00,15.4,69265
2026-09-03,hcmc,accepted,1fbbe0a9-9853-4c79-8dea-b72f0b4a04ad,16.5,2026-09-03T01:00:00+00:00,16.5,69266
2026-09-03,hcmc,accepted,1fbbe0a9-9853-4c79-8dea-b72f0b4a04ad,16.5,2026-09-03T02:00:00+00:00,16.5,69267
2026-09-03,hcmc,accepted,1fbbe0a9-9853-4c79-8dea-b72f0b4a04ad,18.0,2026-09-03T03:00:00+00:00,18.0,69268
2026-09-03,hcmc,accepted,1fbbe0a9-9853-4c79-8dea-b72f0b4a04ad,19.5,2026-09-03T04:00:00+00:00,19.5,69269
2026-09-03,hcmc,accepted,1fbbe0a9-9853-4c79-8dea-b72f0b4a04ad,18.7,2026-09-03T05:00:00+00:00,18.7,69270
2026-09-03,hcmc,accepted,1fbbe0a9-9853-4c79-8dea-b72f0b4a04ad,16.8,2026-09-03T06:00:00+00:00,16.8,69271
2026-09-03,hcmc,accepted,1fbbe0a9-9853-4c79-8dea-b72f0b4a04ad,17.3,2026-09-03T07:00:00+00:00,17.3,69272
2026-09-03,hcmc,accepted,1fbbe0a9-9853-4c79-8dea-b72f0b4a04ad,19.6,2026-09-03T08:00:00+00:00,19.6,69273
2026-09-03,hcmc,accepted,1fbbe0a9-9853-4c79-8dea-b72f0b4a04ad,18.8,2026-09-03T09:00:00+00:00,18.8,69274
2026-09-03,hcmc,accepted,1fbbe0a9-9853-4c79-8dea-b72f0b4a04ad,18.3,2026-09-03T10:00:00+00:00,18.3,69275
2026-09-03,hcmc,accepted,1fbbe0a9-9853-4c79-8dea-b72f0b4a04ad,25.1,2026-09-03T11:00:00+00:00,25.1,69276
2026-09-03,hcmc,accepted,1fbbe0a9-9853-4c79-8dea-b72f0b4a04ad,43.1,2026-09-03T12:00:00+00:00,43.1,69277
2026-09-03,hcmc,accepted,1fbbe0a9-9853-4c79-8dea-b72f0b4a04ad,39.9,2026-09-03T13:00:00+00:00,39.9,69278
2026-09-03,hcmc,accepted,1fbbe0a9-9853-4c79-8dea-b72f0b4a04ad,33.3,2026-09-03T14:00:00+00:00,33.3,69279
2026-09-03,hcmc,accepted,1fbbe0a9-9853-4c79-8dea-b72f0b4a04ad,25.8,2026-09-03T15:00:00+00:00,25.8,69280
2026-09-03,hcmc,accepted,1fbbe0a9-9853-4c79-8dea-b72f0b4a04ad,19.8,2026-09-03T16:00:00+00:00,19.8,69281
2026-09-04,hcmc,accepted,1fbbe0a9-9853-4c79-8dea-b72f0b4a04ad,16.8,2026-09-03T17:00:00+00:00,16.8,69282
2026-09-04,hcmc,accepted,1fbbe0a9-9853-4c79-8dea-b72f0b4a04ad,15.5,2026-09-03T18:00:00+00:00,15.5,69283
2026-09-04,hcmc,accepted,1fbbe0a9-9853-4c79-8dea-b72f0b4a04ad,15.2,2026-09-03T19:00:00+00:00,15.2,69284
2026-09-04,hcmc,accepted,1fbbe0a9-9853-4c79-8dea-b72f0b4a04ad,15.4,2026-09-03T20:00:00+00:00,15.4,69285
2026-09-04,hcmc,accepted,1fbbe0a9-9853-4c79-8dea-b72f0b4a04ad,15.9,2026-09-03T21:00:00+00:00,15.9,69286
2026-09-04,hcmc,accepted,1fbbe0a9-9853-4c79-8dea-b72f0b4a04ad,17.1,2026-09-03T22:00:00+00:00,17.1,69287
2026-09-04,hcmc,accepted,1fbbe0a9-9853-4c79-8dea-b72f0b4a04ad,19.8,2026-09-03T23:00:00+00:00,19.8,69288
2026-09-04,hcmc,accepted,1fbbe0a9-9853-4c79-8dea-b72f0b4a04ad,15.7,2026-09-04T00:00:00+00:00,15.7,69289
2026-09-04,hcmc,accepted,1fbbe0a9-9853-4c79-8dea-b72f0b4a04ad,15.4,2026-09-04T01:00:00+00:00,15.4,69290
2026-09-04,hcmc,accepted,1fbbe0a9-9853-4c79-8dea-b72f0b4a04ad,15.7,2026-09-04T02:00:00+00:00,15.7,69291
2026-09-04,hcmc,accepted,1fbbe0a9-9853-4c79-8dea-b72f0b4a04ad,16.2,2026-09-04T03:00:00+00:00,16.2,69292
2026-09-04,hcmc,accepted,1fbbe0a9-9853-4c79-8dea-b72f0b4a04ad,16.4,2026-09-04T04:00:00+00:00,16.4,69293
2026-09-04,hcmc,accepted,1fbbe0a9-9853-4c79-8dea-b72f0b4a04ad,15.5,2026-09-04T05:00:00+00:00,15.5,69294
2026-09-04,hcmc,accepted,1fbbe0a9-9853-4c79-8dea-b72f0b4a04ad,13.2,2026-09-04T06:00:00+00:00,13.2,69295
2026-09-04,hcmc,accepted,1fbbe0a9-9853-4c79-8dea-b72f0b4a04ad,15.2,2026-09-04T07:00:00+00:00,15.2,69296
2026-09-04,hcmc,accepted,1fbbe0a9-9853-4c79-8dea-b72f0b4a04ad,16.8,2026-09-04T08:00:00+00:00,16.8,69297
2026-09-04,hcmc,accepted,1fbbe0a9-9853-4c79-8dea-b72f0b4a04ad,20.4,2026-09-04T09:00:00+00:00,20.4,69298
2026-09-04,hcmc,accepted,1fbbe0a9-9853-4c79-8dea-b72f0b4a04ad,23.1,2026-09-04T10:00:00+00:00,23.1,69299
2026-09-04,hcmc,accepted,1fbbe0a9-9853-4c79-8dea-b72f0b4a04ad,29.0,2026-09-04T11:00:00+00:00,29.0,69300
2026-09-04,hcmc,accepted,1fbbe0a9-9853-4c79-8dea-b72f0b4a04ad,40.0,2026-09-04T12:00:00+00:00,40.0,69301
2026-09-04,hcmc,accepted,1fbbe0a9-9853-4c79-8dea-b72f0b4a04ad,46.1,2026-09-04T13:00:00+00:00,46.1,69302
2026-09-04,hcmc,accepted,1fbbe0a9-9853-4c79-8dea-b72f0b4a04ad,50.9,2026-09-04T14:00:00+00:00,50.9,69303
2026-09-04,hcmc,accepted,1fbbe0a9-9853-4c79-8dea-b72f0b4a04ad,48.0,2026-09-04T15:00:00+00:00,48.0,69304
2026-09-04,hcmc,accepted,1fbbe0a9-9853-4c79-8dea-b72f0b4a04ad,49.7,2026-09-04T16:00:00+00:00,49.7,69305
2026-09-05,hcmc,accepted,1fbbe0a9-9853-4c79-8dea-b72f0b4a04ad,46.8,2026-09-04T17:00:00+00:00,46.8,69306
2026-09-05,hcmc,accepted,1fbbe0a9-9853-4c79-8dea-b72f0b4a04ad,41.6,2026-09-04T18:00:00+00:00,41.6,69307
2026-09-05,hcmc,accepted,1fbbe0a9-9853-4c79-8dea-b72f0b4a04ad,35.3,2026-09-04T19:00:00+00:00,35.3,69308
2026-09-05,hcmc,accepted,1fbbe0a9-9853-4c79-8dea-b72f0b4a04ad,29.7,2026-09-04T20:00:00+00:00,29.7,69309
2026-09-05,hcmc,accepted,1fbbe0a9-9853-4c79-8dea-b72f0b4a04ad,26.6,2026-09-04T21:00:00+00:00,26.6,69310
2026-09-05,hcmc,accepted,1fbbe0a9-9853-4c79-8dea-b72f0b4a04ad,26.4,2026-09-04T22:00:00+00:00,26.4,69311
2026-09-05,hcmc,accepted,1fbbe0a9-9853-4c79-8dea-b72f0b4a04ad,27.9,2026-09-04T23:00:00+00:00,27.9,69312
2026-09-05,hcmc,accepted,1fbbe0a9-9853-4c79-8dea-b72f0b4a04ad,22.1,2026-09-05T00:00:00+00:00,22.1,69313
2026-09-05,hcmc,accepted,1fbbe0a9-9853-4c79-8dea-b72f0b4a04ad,16.8,2026-09-05T01:00:00+00:00,16.8,69314
2026-09-05,hcmc,accepted,1fbbe0a9-9853-4c79-8dea-b72f0b4a04ad,15.7,2026-09-05T02:00:00+00:00,15.7,69315
2026-09-05,hcmc,accepted,1fbbe0a9-9853-4c79-8dea-b72f0b4a04ad,16.2,2026-09-05T03:00:00+00:00,16.2,69316
2026-09-05,hcmc,accepted,1fbbe0a9-9853-4c79-8dea-b72f0b4a04ad,16.8,2026-09-05T04:00:00+00:00,16.8,69317
2026-09-05,hcmc,accepted,1fbbe0a9-9853-4c79-8dea-b72f0b4a04ad,15.4,2026-09-05T05:00:00+00:00,15.4,69318
2026-09-05,hcmc,accepted,1fbbe0a9-9853-4c79-8dea-b72f0b4a04ad,14.7,2026-09-05T06:00:00+00:00,14.7,69319
2026-09-05,hcmc,accepted,1fbbe0a9-9853-4c79-8dea-b72f0b4a04ad,16.8,2026-09-05T07:00:00+00:00,16.8,69320
2026-09-05,hcmc,accepted,1fbbe0a9-9853-4c79-8dea-b72f0b4a04ad,21.6,2026-09-05T08:00:00+00:00,21.6,69321
2026-09-05,hcmc,accepted,1fbbe0a9-9853-4c79-8dea-b72f0b4a04ad,15.9,2026-09-05T09:00:00+00:00,15.9,69322
2026-09-05,hcmc,accepted,1fbbe0a9-9853-4c79-8dea-b72f0b4a04ad,16.1,2026-09-05T10:00:00+00:00,16.1,69323
2026-09-05,hcmc,accepted,1fbbe0a9-9853-4c79-8dea-b72f0b4a04ad,19.3,2026-09-05T11:00:00+00:00,19.3,69324
2026-09-05,hcmc,accepted,1fbbe0a9-9853-4c79-8dea-b72f0b4a04ad,27.6,2026-09-05T12:00:00+00:00,27.6,69325
2026-09-05,hcmc,accepted,1fbbe0a9-9853-4c79-8dea-b72f0b4a04ad,27.6,2026-09-05T13:00:00+00:00,27.6,69326
2026-09-05,hcmc,accepted,1fbbe0a9-9853-4c79-8dea-b72f0b4a04ad,25.6,2026-09-05T14:00:00+00:00,25.6,69327
2026-09-05,hcmc,accepted,1fbbe0a9-9853-4c79-8dea-b72f0b4a04ad,24.3,2026-09-05T15:00:00+00:00,24.3,69328
2026-09-05,hcmc,accepted,1fbbe0a9-9853-4c79-8dea-b72f0b4a04ad,23.9,2026-09-05T16:00:00+00:00,23.9,69329
2026-09-06,hcmc,accepted,1fbbe0a9-9853-4c79-8dea-b72f0b4a04ad,22.8,2026-09-05T17:00:00+00:00,22.8,69330
2026-09-06,hcmc,accepted,1fbbe0a9-9853-4c79-8dea-b72f0b4a04ad,22.2,2026-09-05T18:00:00+00:00,22.2,69331
2026-09-06,hcmc,accepted,1fbbe0a9-9853-4c79-8dea-b72f0b4a04ad,21.8,2026-09-05T19:00:00+00:00,21.8,69332
2026-09-06,hcmc,accepted,1fbbe0a9-9853-4c79-8dea-b72f0b4a04ad,21.4,2026-09-05T20:00:00+00:00,21.4,69333
2026-09-06,hcmc,accepted,1fbbe0a9-9853-4c79-8dea-b72f0b4a04ad,20.8,2026-09-05T21:00:00+00:00,20.8,69334
2026-09-06,hcmc,accepted,1fbbe0a9-9853-4c79-8dea-b72f0b4a04ad,20.8,2026-09-05T22:00:00+00:00,20.8,69335
2026-09-06,hcmc,accepted,1fbbe0a9-9853-4c79-8dea-b72f0b4a04ad,22.8,2026-09-05T23:00:00+00:00,22.8,69336
2026-06-08,da_nang,accepted,31d377f4-1f18-4648-b82a-cdb752ef6dc5,8.1,2026-06-08T00:00:00+00:00,8.1,70201
2026-06-08,da_nang,accepted,31d377f4-1f18-4648-b82a-cdb752ef6dc5,7.9,2026-06-08T01:00:00+00:00,7.9,70202
2026-06-08,da_nang,accepted,31d377f4-1f18-4648-b82a-cdb752ef6dc5,8.1,2026-06-08T02:00:00+00:00,8.1,70203
2026-06-08,da_nang,accepted,31d377f4-1f18-4648-b82a-cdb752ef6dc5,6.8,2026-06-08T03:00:00+00:00,6.8,70204
2026-06-08,da_nang,accepted,31d377f4-1f18-4648-b82a-cdb752ef6dc5,6.8,2026-06-08T04:00:00+00:00,6.8,70205
2026-06-08,da_nang,accepted,31d377f4-1f18-4648-b82a-cdb752ef6dc5,6.6,2026-06-08T05:00:00+00:00,6.6,70206
2026-06-08,da_nang,accepted,31d377f4-1f18-4648-b82a-cdb752ef6dc5,8.1,2026-06-08T06:00:00+00:00,8.1,70207
2026-06-08,da_nang,accepted,31d377f4-1f18-4648-b82a-cdb752ef6dc5,9.9,2026-06-08T07:00:00+00:00,9.9,70208
2026-06-08,da_nang,accepted,31d377f4-1f18-4648-b82a-cdb752ef6dc5,13.6,2026-06-08T08:00:00+00:00,13.6,70209
2026-06-08,da_nang,accepted,31d377f4-1f18-4648-b82a-cdb752ef6dc5,17.7,2026-06-08T09:00:00+00:00,17.7,70210
2026-06-08,da_nang,accepted,31d377f4-1f18-4648-b82a-cdb752ef6dc5,20.8,2026-06-08T10:00:00+00:00,20.8,70211
2026-06-08,da_nang,accepted,31d377f4-1f18-4648-b82a-cdb752ef6dc5,19.6,2026-06-08T11:00:00+00:00,19.6,70212
2026-06-08,da_nang,accepted,31d377f4-1f18-4648-b82a-cdb752ef6dc5,16.5,2026-06-08T12:00:00+00:00,16.5,70213
2026-06-08,da_nang,accepted,31d377f4-1f18-4648-b82a-cdb752ef6dc5,15.1,2026-06-08T13:00:00+00:00,15.1,70214
2026-06-08,da_nang,accepted,31d377f4-1f18-4648-b82a-cdb752ef6dc5,11.7,2026-06-08T14:00:00+00:00,11.7,70215
2026-06-08,da_nang,accepted,31d377f4-1f18-4648-b82a-cdb752ef6dc5,10.3,2026-06-08T15:00:00+00:00,10.3,70216
2026-06-08,da_nang,accepted,31d377f4-1f18-4648-b82a-cdb752ef6dc5,10.2,2026-06-08T16:00:00+00:00,10.2,70217
2026-06-09,da_nang,accepted,31d377f4-1f18-4648-b82a-cdb752ef6dc5,9.9,2026-06-08T17:00:00+00:00,9.9,70218
2026-06-09,da_nang,accepted,31d377f4-1f18-4648-b82a-cdb752ef6dc5,8.9,2026-06-08T18:00:00+00:00,8.9,70219
2026-06-09,da_nang,accepted,31d377f4-1f18-4648-b82a-cdb752ef6dc5,8.0,2026-06-08T19:00:00+00:00,8.0,70220
2026-06-09,da_nang,accepted,31d377f4-1f18-4648-b82a-cdb752ef6dc5,8.0,2026-06-08T20:00:00+00:00,8.0,70221
2026-06-09,da_nang,accepted,31d377f4-1f18-4648-b82a-cdb752ef6dc5,6.9,2026-06-08T21:00:00+00:00,6.9,70222
2026-06-09,da_nang,accepted,31d377f4-1f18-4648-b82a-cdb752ef6dc5,6.0,2026-06-08T22:00:00+00:00,6.0,70223
2026-06-09,da_nang,accepted,31d377f4-1f18-4648-b82a-cdb752ef6dc5,6.1,2026-06-08T23:00:00+00:00,6.1,70224
2026-06-09,da_nang,accepted,31d377f4-1f18-4648-b82a-cdb752ef6dc5,10.2,2026-06-09T00:00:00+00:00,10.2,70225
2026-06-09,da_nang,accepted,31d377f4-1f18-4648-b82a-cdb752ef6dc5,11.7,2026-06-09T01:00:00+00:00,11.7,70226
2026-06-09,da_nang,accepted,31d377f4-1f18-4648-b82a-cdb752ef6dc5,12.0,2026-06-09T02:00:00+00:00,12.0,70227
2026-06-09,da_nang,accepted,31d377f4-1f18-4648-b82a-cdb752ef6dc5,12.4,2026-06-09T03:00:00+00:00,12.4,70228
2026-06-09,da_nang,accepted,31d377f4-1f18-4648-b82a-cdb752ef6dc5,10.9,2026-06-09T04:00:00+00:00,10.9,70229
2026-06-09,da_nang,accepted,31d377f4-1f18-4648-b82a-cdb752ef6dc5,15.6,2026-06-09T05:00:00+00:00,15.6,70230
2026-06-09,da_nang,accepted,31d377f4-1f18-4648-b82a-cdb752ef6dc5,20.5,2026-06-09T06:00:00+00:00,20.5,70231
2026-06-09,da_nang,accepted,31d377f4-1f18-4648-b82a-cdb752ef6dc5,22.2,2026-06-09T07:00:00+00:00,22.2,70232
2026-06-09,da_nang,accepted,31d377f4-1f18-4648-b82a-cdb752ef6dc5,22.4,2026-06-09T08:00:00+00:00,22.4,70233
2026-06-09,da_nang,accepted,31d377f4-1f18-4648-b82a-cdb752ef6dc5,22.2,2026-06-09T09:00:00+00:00,22.2,70234
2026-06-09,da_nang,accepted,31d377f4-1f18-4648-b82a-cdb752ef6dc5,21.6,2026-06-09T10:00:00+00:00,21.6,70235
2026-06-09,da_nang,accepted,31d377f4-1f18-4648-b82a-cdb752ef6dc5,20.0,2026-06-09T11:00:00+00:00,20.0,70236
2026-06-09,da_nang,accepted,31d377f4-1f18-4648-b82a-cdb752ef6dc5,15.9,2026-06-09T12:00:00+00:00,15.9,70237
2026-06-09,da_nang,accepted,31d377f4-1f18-4648-b82a-cdb752ef6dc5,16.9,2026-06-09T13:00:00+00:00,16.9,70238
2026-06-09,da_nang,accepted,31d377f4-1f18-4648-b82a-cdb752ef6dc5,17.9,2026-06-09T14:00:00+00:00,17.9,70239
2026-06-09,da_nang,accepted,31d377f4-1f18-4648-b82a-cdb752ef6dc5,17.9,2026-06-09T15:00:00+00:00,17.9,70240
2026-06-09,da_nang,accepted,31d377f4-1f18-4648-b82a-cdb752ef6dc5,17.3,2026-06-09T16:00:00+00:00,17.3,70241
2026-06-10,da_nang,accepted,31d377f4-1f18-4648-b82a-cdb752ef6dc5,18.0,2026-06-09T17:00:00+00:00,18.0,70242
2026-06-10,da_nang,accepted,31d377f4-1f18-4648-b82a-cdb752ef6dc5,18.5,2026-06-09T18:00:00+00:00,18.5,70243
2026-06-10,da_nang,accepted,31d377f4-1f18-4648-b82a-cdb752ef6dc5,17.9,2026-06-09T19:00:00+00:00,17.9,70244
2026-06-10,da_nang,accepted,31d377f4-1f18-4648-b82a-cdb752ef6dc5,16.6,2026-06-09T20:00:00+00:00,16.6,70245
2026-06-10,da_nang,accepted,31d377f4-1f18-4648-b82a-cdb752ef6dc5,15.9,2026-06-09T21:00:00+00:00,15.9,70246
2026-06-10,da_nang,accepted,31d377f4-1f18-4648-b82a-cdb752ef6dc5,14.8,2026-06-09T22:00:00+00:00,14.8,70247
2026-06-10,da_nang,accepted,31d377f4-1f18-4648-b82a-cdb752ef6dc5,13.4,2026-06-09T23:00:00+00:00,13.4,70248
2026-06-10,da_nang,accepted,31d377f4-1f18-4648-b82a-cdb752ef6dc5,15.5,2026-06-10T00:00:00+00:00,15.5,70249
2026-06-10,da_nang,accepted,31d377f4-1f18-4648-b82a-cdb752ef6dc5,14.6,2026-06-10T01:00:00+00:00,14.6,70250
2026-06-10,da_nang,accepted,31d377f4-1f18-4648-b82a-cdb752ef6dc5,13.9,2026-06-10T02:00:00+00:00,13.9,70251
2026-06-10,da_nang,accepted,31d377f4-1f18-4648-b82a-cdb752ef6dc5,13.7,2026-06-10T03:00:00+00:00,13.7,70252
2026-06-10,da_nang,accepted,31d377f4-1f18-4648-b82a-cdb752ef6dc5,13.5,2026-06-10T04:00:00+00:00,13.5,70253
2026-06-10,da_nang,accepted,31d377f4-1f18-4648-b82a-cdb752ef6dc5,13.1,2026-06-10T05:00:00+00:00,13.1,70254
2026-06-10,da_nang,accepted,31d377f4-1f18-4648-b82a-cdb752ef6dc5,11.8,2026-06-10T06:00:00+00:00,11.8,70255
2026-06-10,da_nang,accepted,31d377f4-1f18-4648-b82a-cdb752ef6dc5,11.0,2026-06-10T07:00:00+00:00,11.0,70256
2026-06-10,da_nang,accepted,31d377f4-1f18-4648-b82a-cdb752ef6dc5,10.5,2026-06-10T08:00:00+00:00,10.5,70257
2026-06-10,da_nang,accepted,31d377f4-1f18-4648-b82a-cdb752ef6dc5,11.3,2026-06-10T09:00:00+00:00,11.3,70258
2026-06-10,da_nang,accepted,31d377f4-1f18-4648-b82a-cdb752ef6dc5,12.3,2026-06-10T10:00:00+00:00,12.3,70259
2026-06-10,da_nang,accepted,31d377f4-1f18-4648-b82a-cdb752ef6dc5,12.5,2026-06-10T11:00:00+00:00,12.5,70260
2026-06-10,da_nang,accepted,31d377f4-1f18-4648-b82a-cdb752ef6dc5,12.6,2026-06-10T12:00:00+00:00,12.6,70261
2026-06-10,da_nang,accepted,31d377f4-1f18-4648-b82a-cdb752ef6dc5,13.6,2026-06-10T13:00:00+00:00,13.6,70262
2026-06-10,da_nang,accepted,31d377f4-1f18-4648-b82a-cdb752ef6dc5,13.9,2026-06-10T14:00:00+00:00,13.9,70263
2026-06-10,da_nang,accepted,31d377f4-1f18-4648-b82a-cdb752ef6dc5,13.8,2026-06-10T15:00:00+00:00,13.8,70264
2026-06-10,da_nang,accepted,31d377f4-1f18-4648-b82a-cdb752ef6dc5,13.9,2026-06-10T16:00:00+00:00,13.9,70265
2026-06-11,da_nang,accepted,31d377f4-1f18-4648-b82a-cdb752ef6dc5,15.0,2026-06-10T17:00:00+00:00,15.0,70266
2026-06-11,da_nang,accepted,31d377f4-1f18-4648-b82a-cdb752ef6dc5,17.3,2026-06-10T18:00:00+00:00,17.3,70267
2026-06-11,da_nang,accepted,31d377f4-1f18-4648-b82a-cdb752ef6dc5,20.0,2026-06-10T19:00:00+00:00,20.0,70268
2026-06-11,da_nang,accepted,31d377f4-1f18-4648-b82a-cdb752ef6dc5,22.4,2026-06-10T20:00:00+00:00,22.4,70269
2026-06-11,da_nang,accepted,31d377f4-1f18-4648-b82a-cdb752ef6dc5,23.8,2026-06-10T21:00:00+00:00,23.8,70270
2026-06-11,da_nang,accepted,31d377f4-1f18-4648-b82a-cdb752ef6dc5,23.0,2026-06-10T22:00:00+00:00,23.0,70271
2026-06-11,da_nang,accepted,31d377f4-1f18-4648-b82a-cdb752ef6dc5,23.4,2026-06-10T23:00:00+00:00,23.4,70272
2026-06-11,da_nang,accepted,31d377f4-1f18-4648-b82a-cdb752ef6dc5,16.1,2026-06-11T00:00:00+00:00,16.1,70273
2026-06-11,da_nang,accepted,31d377f4-1f18-4648-b82a-cdb752ef6dc5,16.7,2026-06-11T01:00:00+00:00,16.7,70274
2026-06-11,da_nang,accepted,31d377f4-1f18-4648-b82a-cdb752ef6dc5,18.6,2026-06-11T02:00:00+00:00,18.6,70275
2026-06-11,da_nang,accepted,31d377f4-1f18-4648-b82a-cdb752ef6dc5,20.3,2026-06-11T03:00:00+00:00,20.3,70276
2026-06-11,da_nang,accepted,31d377f4-1f18-4648-b82a-cdb752ef6dc5,21.2,2026-06-11T04:00:00+00:00,21.2,70277
2026-06-11,da_nang,accepted,31d377f4-1f18-4648-b82a-cdb752ef6dc5,23.3,2026-06-11T05:00:00+00:00,23.3,70278
2026-06-11,da_nang,accepted,31d377f4-1f18-4648-b82a-cdb752ef6dc5,26.3,2026-06-11T06:00:00+00:00,26.3,70279
2026-06-11,da_nang,accepted,31d377f4-1f18-4648-b82a-cdb752ef6dc5,28.3,2026-06-11T07:00:00+00:00,28.3,70280
2026-06-11,da_nang,accepted,31d377f4-1f18-4648-b82a-cdb752ef6dc5,27.1,2026-06-11T08:00:00+00:00,27.1,70281
2026-06-11,da_nang,accepted,31d377f4-1f18-4648-b82a-cdb752ef6dc5,24.2,2026-06-11T09:00:00+00:00,24.2,70282
2026-06-11,da_nang,accepted,31d377f4-1f18-4648-b82a-cdb752ef6dc5,20.4,2026-06-11T10:00:00+00:00,20.4,70283
2026-06-11,da_nang,accepted,31d377f4-1f18-4648-b82a-cdb752ef6dc5,17.8,2026-06-11T11:00:00+00:00,17.8,70284
2026-06-11,da_nang,accepted,31d377f4-1f18-4648-b82a-cdb752ef6dc5,20.4,2026-06-11T12:00:00+00:00,20.4,70285
2026-06-11,da_nang,accepted,31d377f4-1f18-4648-b82a-cdb752ef6dc5,19.0,2026-06-11T13:00:00+00:00,19.0,70286
2026-06-11,da_nang,accepted,31d377f4-1f18-4648-b82a-cdb752ef6dc5,19.6,2026-06-11T14:00:00+00:00,19.6,70287
2026-06-11,da_nang,accepted,31d377f4-1f18-4648-b82a-cdb752ef6dc5,17.9,2026-06-11T15:00:00+00:00,17.9,70288
2026-06-11,da_nang,accepted,31d377f4-1f18-4648-b82a-cdb752ef6dc5,17.2,2026-06-11T16:00:00+00:00,17.2,70289
2026-06-12,da_nang,accepted,31d377f4-1f18-4648-b82a-cdb752ef6dc5,17.7,2026-06-11T17:00:00+00:00,17.7,70290
2026-06-12,da_nang,accepted,31d377f4-1f18-4648-b82a-cdb752ef6dc5,19.2,2026-06-11T18:00:00+00:00,19.2,70291
2026-06-12,da_nang,accepted,31d377f4-1f18-4648-b82a-cdb752ef6dc5,20.8,2026-06-11T19:00:00+00:00,20.8,70292
2026-06-12,da_nang,accepted,31d377f4-1f18-4648-b82a-cdb752ef6dc5,22.2,2026-06-11T20:00:00+00:00,22.2,70293
2026-06-12,da_nang,accepted,31d377f4-1f18-4648-b82a-cdb752ef6dc5,22.9,2026-06-11T21:00:00+00:00,22.9,70294
2026-06-12,da_nang,accepted,31d377f4-1f18-4648-b82a-cdb752ef6dc5,23.3,2026-06-11T22:00:00+00:00,23.3,70295
2026-06-12,da_nang,accepted,31d377f4-1f18-4648-b82a-cdb752ef6dc5,24.5,2026-06-11T23:00:00+00:00,24.5,70296
2026-06-12,da_nang,accepted,31d377f4-1f18-4648-b82a-cdb752ef6dc5,21.0,2026-06-12T00:00:00+00:00,21.0,70297
2026-06-12,da_nang,accepted,31d377f4-1f18-4648-b82a-cdb752ef6dc5,24.0,2026-06-12T01:00:00+00:00,24.0,70298
2026-06-12,da_nang,accepted,31d377f4-1f18-4648-b82a-cdb752ef6dc5,25.7,2026-06-12T02:00:00+00:00,25.7,70299
2026-06-12,da_nang,accepted,31d377f4-1f18-4648-b82a-cdb752ef6dc5,30.5,2026-06-12T03:00:00+00:00,30.5,70300
2026-06-12,da_nang,accepted,31d377f4-1f18-4648-b82a-cdb752ef6dc5,34.5,2026-06-12T04:00:00+00:00,34.5,70301
2026-06-12,da_nang,accepted,31d377f4-1f18-4648-b82a-cdb752ef6dc5,33.9,2026-06-12T05:00:00+00:00,33.9,70302
2026-06-12,da_nang,accepted,31d377f4-1f18-4648-b82a-cdb752ef6dc5,28.9,2026-06-12T06:00:00+00:00,28.9,70303
2026-06-12,da_nang,accepted,31d377f4-1f18-4648-b82a-cdb752ef6dc5,22.4,2026-06-12T07:00:00+00:00,22.4,70304
2026-06-12,da_nang,accepted,31d377f4-1f18-4648-b82a-cdb752ef6dc5,17.7,2026-06-12T08:00:00+00:00,17.7,70305
2026-06-12,da_nang,accepted,31d377f4-1f18-4648-b82a-cdb752ef6dc5,16.9,2026-06-12T09:00:00+00:00,16.9,70306
2026-06-12,da_nang,accepted,31d377f4-1f18-4648-b82a-cdb752ef6dc5,16.1,2026-06-12T10:00:00+00:00,16.1,70307
2026-06-12,da_nang,accepted,31d377f4-1f18-4648-b82a-cdb752ef6dc5,16.3,2026-06-12T11:00:00+00:00,16.3,70308
2026-06-12,da_nang,accepted,31d377f4-1f18-4648-b82a-cdb752ef6dc5,16.9,2026-06-12T12:00:00+00:00,16.9,70309
2026-06-12,da_nang,accepted,31d377f4-1f18-4648-b82a-cdb752ef6dc5,18.7,2026-06-12T13:00:00+00:00,18.7,70310
2026-06-12,da_nang,accepted,31d377f4-1f18-4648-b82a-cdb752ef6dc5,20.7,2026-06-12T14:00:00+00:00,20.7,70311
2026-06-12,da_nang,accepted,31d377f4-1f18-4648-b82a-cdb752ef6dc5,22.7,2026-06-12T15:00:00+00:00,22.7,70312
2026-06-12,da_nang,accepted,31d377f4-1f18-4648-b82a-cdb752ef6dc5,24.6,2026-06-12T16:00:00+00:00,24.6,70313
2026-06-13,da_nang,accepted,31d377f4-1f18-4648-b82a-cdb752ef6dc5,26.3,2026-06-12T17:00:00+00:00,26.3,70314
2026-06-13,da_nang,accepted,31d377f4-1f18-4648-b82a-cdb752ef6dc5,27.5,2026-06-12T18:00:00+00:00,27.5,70315
2026-06-13,da_nang,accepted,31d377f4-1f18-4648-b82a-cdb752ef6dc5,28.6,2026-06-12T19:00:00+00:00,28.6,70316
2026-06-13,da_nang,accepted,31d377f4-1f18-4648-b82a-cdb752ef6dc5,29.2,2026-06-12T20:00:00+00:00,29.2,70317
2026-06-13,da_nang,accepted,31d377f4-1f18-4648-b82a-cdb752ef6dc5,30.3,2026-06-12T21:00:00+00:00,30.3,70318
2026-06-13,da_nang,accepted,31d377f4-1f18-4648-b82a-cdb752ef6dc5,33.3,2026-06-12T22:00:00+00:00,33.3,70319
2026-06-13,da_nang,accepted,31d377f4-1f18-4648-b82a-cdb752ef6dc5,40.5,2026-06-12T23:00:00+00:00,40.5,70320
2026-06-13,da_nang,accepted,31d377f4-1f18-4648-b82a-cdb752ef6dc5,18.3,2026-06-13T00:00:00+00:00,18.3,70321
2026-06-13,da_nang,accepted,31d377f4-1f18-4648-b82a-cdb752ef6dc5,16.4,2026-06-13T01:00:00+00:00,16.4,70322
2026-06-13,da_nang,accepted,31d377f4-1f18-4648-b82a-cdb752ef6dc5,16.5,2026-06-13T02:00:00+00:00,16.5,70323
2026-06-13,da_nang,accepted,31d377f4-1f18-4648-b82a-cdb752ef6dc5,19.5,2026-06-13T03:00:00+00:00,19.5,70324
2026-06-13,da_nang,accepted,31d377f4-1f18-4648-b82a-cdb752ef6dc5,21.9,2026-06-13T04:00:00+00:00,21.9,70325
2026-06-13,da_nang,accepted,31d377f4-1f18-4648-b82a-cdb752ef6dc5,22.1,2026-06-13T05:00:00+00:00,22.1,70326
2026-06-13,da_nang,accepted,31d377f4-1f18-4648-b82a-cdb752ef6dc5,20.2,2026-06-13T06:00:00+00:00,20.2,70327
2026-06-13,da_nang,accepted,31d377f4-1f18-4648-b82a-cdb752ef6dc5,17.3,2026-06-13T07:00:00+00:00,17.3,70328
2026-06-13,da_nang,accepted,31d377f4-1f18-4648-b82a-cdb752ef6dc5,13.7,2026-06-13T08:00:00+00:00,13.7,70329
2026-06-13,da_nang,accepted,31d377f4-1f18-4648-b82a-cdb752ef6dc5,11.8,2026-06-13T09:00:00+00:00,11.8,70330
2026-06-13,da_nang,accepted,31d377f4-1f18-4648-b82a-cdb752ef6dc5,12.5,2026-06-13T10:00:00+00:00,12.5,70331
2026-06-13,da_nang,accepted,31d377f4-1f18-4648-b82a-cdb752ef6dc5,14.0,2026-06-13T11:00:00+00:00,14.0,70332
2026-06-13,da_nang,accepted,31d377f4-1f18-4648-b82a-cdb752ef6dc5,13.9,2026-06-13T12:00:00+00:00,13.9,70333
2026-06-13,da_nang,accepted,31d377f4-1f18-4648-b82a-cdb752ef6dc5,16.6,2026-06-13T13:00:00+00:00,16.6,70334
2026-06-13,da_nang,accepted,31d377f4-1f18-4648-b82a-cdb752ef6dc5,17.5,2026-06-13T14:00:00+00:00,17.5,70335
2026-06-13,da_nang,accepted,31d377f4-1f18-4648-b82a-cdb752ef6dc5,19.3,2026-06-13T15:00:00+00:00,19.3,70336
2026-06-13,da_nang,accepted,31d377f4-1f18-4648-b82a-cdb752ef6dc5,23.9,2026-06-13T16:00:00+00:00,23.9,70337
2026-06-14,da_nang,accepted,31d377f4-1f18-4648-b82a-cdb752ef6dc5,28.6,2026-06-13T17:00:00+00:00,28.6,70338
2026-06-14,da_nang,accepted,31d377f4-1f18-4648-b82a-cdb752ef6dc5,35.5,2026-06-13T18:00:00+00:00,35.5,70339
2026-06-14,da_nang,accepted,31d377f4-1f18-4648-b82a-cdb752ef6dc5,33.3,2026-06-13T19:00:00+00:00,33.3,70340
2026-06-14,da_nang,accepted,31d377f4-1f18-4648-b82a-cdb752ef6dc5,34.3,2026-06-13T20:00:00+00:00,34.3,70341
2026-06-14,da_nang,accepted,31d377f4-1f18-4648-b82a-cdb752ef6dc5,35.5,2026-06-13T21:00:00+00:00,35.5,70342
2026-06-14,da_nang,accepted,31d377f4-1f18-4648-b82a-cdb752ef6dc5,36.4,2026-06-13T22:00:00+00:00,36.4,70343
2026-06-14,da_nang,accepted,31d377f4-1f18-4648-b82a-cdb752ef6dc5,38.1,2026-06-13T23:00:00+00:00,38.1,70344
2026-06-14,da_nang,accepted,31d377f4-1f18-4648-b82a-cdb752ef6dc5,29.6,2026-06-14T00:00:00+00:00,29.6,70345
2026-06-14,da_nang,accepted,31d377f4-1f18-4648-b82a-cdb752ef6dc5,24.0,2026-06-14T01:00:00+00:00,24.0,70346
2026-06-14,da_nang,accepted,31d377f4-1f18-4648-b82a-cdb752ef6dc5,21.2,2026-06-14T02:00:00+00:00,21.2,70347
2026-06-14,da_nang,accepted,31d377f4-1f18-4648-b82a-cdb752ef6dc5,22.6,2026-06-14T03:00:00+00:00,22.6,70348
2026-06-14,da_nang,accepted,31d377f4-1f18-4648-b82a-cdb752ef6dc5,25.8,2026-06-14T04:00:00+00:00,25.8,70349
2026-06-14,da_nang,accepted,31d377f4-1f18-4648-b82a-cdb752ef6dc5,27.5,2026-06-14T05:00:00+00:00,27.5,70350
2026-06-14,da_nang,accepted,31d377f4-1f18-4648-b82a-cdb752ef6dc5,26.8,2026-06-14T06:00:00+00:00,26.8,70351
2026-06-14,da_nang,accepted,31d377f4-1f18-4648-b82a-cdb752ef6dc5,26.7,2026-06-14T07:00:00+00:00,26.7,70352
2026-06-14,da_nang,accepted,31d377f4-1f18-4648-b82a-cdb752ef6dc5,23.7,2026-06-14T08:00:00+00:00,23.7,70353
2026-06-14,da_nang,accepted,31d377f4-1f18-4648-b82a-cdb752ef6dc5,20.6,2026-06-14T09:00:00+00:00,20.6,70354
2026-06-14,da_nang,accepted,31d377f4-1f18-4648-b82a-cdb752ef6dc5,18.6,2026-06-14T10:00:00+00:00,18.6,70355
2026-06-14,da_nang,accepted,31d377f4-1f18-4648-b82a-cdb752ef6dc5,16.1,2026-06-14T11:00:00+00:00,16.1,70356
2026-06-14,da_nang,accepted,31d377f4-1f18-4648-b82a-cdb752ef6dc5,21.8,2026-06-14T12:00:00+00:00,21.8,70357
2026-06-14,da_nang,accepted,31d377f4-1f18-4648-b82a-cdb752ef6dc5,23.9,2026-06-14T13:00:00+00:00,23.9,70358
2026-06-14,da_nang,accepted,31d377f4-1f18-4648-b82a-cdb752ef6dc5,26.5,2026-06-14T14:00:00+00:00,26.5,70359
2026-06-14,da_nang,accepted,31d377f4-1f18-4648-b82a-cdb752ef6dc5,28.5,2026-06-14T15:00:00+00:00,28.5,70360
2026-06-14,da_nang,accepted,31d377f4-1f18-4648-b82a-cdb752ef6dc5,30.5,2026-06-14T16:00:00+00:00,30.5,70361
2026-06-15,da_nang,accepted,31d377f4-1f18-4648-b82a-cdb752ef6dc5,27.9,2026-06-14T17:00:00+00:00,27.9,70362
2026-06-15,da_nang,accepted,31d377f4-1f18-4648-b82a-cdb752ef6dc5,27.2,2026-06-14T18:00:00+00:00,27.2,70363
2026-06-15,da_nang,accepted,31d377f4-1f18-4648-b82a-cdb752ef6dc5,21.9,2026-06-14T19:00:00+00:00,21.9,70364
2026-06-15,da_nang,accepted,31d377f4-1f18-4648-b82a-cdb752ef6dc5,22.9,2026-06-14T20:00:00+00:00,22.9,70365
2026-06-15,da_nang,accepted,31d377f4-1f18-4648-b82a-cdb752ef6dc5,20.8,2026-06-14T21:00:00+00:00,20.8,70366
2026-06-15,da_nang,accepted,31d377f4-1f18-4648-b82a-cdb752ef6dc5,21.7,2026-06-14T22:00:00+00:00,21.7,70367
2026-06-15,da_nang,accepted,31d377f4-1f18-4648-b82a-cdb752ef6dc5,23.2,2026-06-14T23:00:00+00:00,23.2,70368
2026-06-15,da_nang,accepted,0d2f3bd8-31cc-4004-afd1-61a9b2c92a6f,14.3,2026-06-15T00:00:00+00:00,14.3,71377
2026-06-15,da_nang,accepted,0d2f3bd8-31cc-4004-afd1-61a9b2c92a6f,14.8,2026-06-15T01:00:00+00:00,14.8,71378
2026-06-15,da_nang,accepted,0d2f3bd8-31cc-4004-afd1-61a9b2c92a6f,13.8,2026-06-15T02:00:00+00:00,13.8,71379
2026-06-15,da_nang,accepted,0d2f3bd8-31cc-4004-afd1-61a9b2c92a6f,15.9,2026-06-15T03:00:00+00:00,15.9,71380
2026-06-15,da_nang,accepted,0d2f3bd8-31cc-4004-afd1-61a9b2c92a6f,21.9,2026-06-15T04:00:00+00:00,21.9,71381
2026-06-15,da_nang,accepted,0d2f3bd8-31cc-4004-afd1-61a9b2c92a6f,26.5,2026-06-15T05:00:00+00:00,26.5,71382
2026-06-15,da_nang,accepted,0d2f3bd8-31cc-4004-afd1-61a9b2c92a6f,26.1,2026-06-15T06:00:00+00:00,26.1,71383
2026-06-15,da_nang,accepted,0d2f3bd8-31cc-4004-afd1-61a9b2c92a6f,22.0,2026-06-15T07:00:00+00:00,22.0,71384
2026-06-15,da_nang,accepted,0d2f3bd8-31cc-4004-afd1-61a9b2c92a6f,16.4,2026-06-15T08:00:00+00:00,16.4,71385
2026-06-15,da_nang,accepted,0d2f3bd8-31cc-4004-afd1-61a9b2c92a6f,13.6,2026-06-15T09:00:00+00:00,13.6,71386
2026-06-15,da_nang,accepted,0d2f3bd8-31cc-4004-afd1-61a9b2c92a6f,12.0,2026-06-15T10:00:00+00:00,12.0,71387
2026-06-15,da_nang,accepted,0d2f3bd8-31cc-4004-afd1-61a9b2c92a6f,12.7,2026-06-15T11:00:00+00:00,12.7,71388
2026-06-15,da_nang,accepted,0d2f3bd8-31cc-4004-afd1-61a9b2c92a6f,21.1,2026-06-15T12:00:00+00:00,21.1,71389
2026-06-15,da_nang,accepted,0d2f3bd8-31cc-4004-afd1-61a9b2c92a6f,19.7,2026-06-15T13:00:00+00:00,19.7,71390
2026-06-15,da_nang,accepted,0d2f3bd8-31cc-4004-afd1-61a9b2c92a6f,18.4,2026-06-15T14:00:00+00:00,18.4,71391
2026-06-15,da_nang,accepted,0d2f3bd8-31cc-4004-afd1-61a9b2c92a6f,18.5,2026-06-15T15:00:00+00:00,18.5,71392
2026-06-15,da_nang,accepted,0d2f3bd8-31cc-4004-afd1-61a9b2c92a6f,18.8,2026-06-15T16:00:00+00:00,18.8,71393
2026-06-16,da_nang,accepted,0d2f3bd8-31cc-4004-afd1-61a9b2c92a6f,20.1,2026-06-15T17:00:00+00:00,20.1,71394
2026-06-16,da_nang,accepted,0d2f3bd8-31cc-4004-afd1-61a9b2c92a6f,22.5,2026-06-15T18:00:00+00:00,22.5,71395
2026-06-16,da_nang,accepted,0d2f3bd8-31cc-4004-afd1-61a9b2c92a6f,25.8,2026-06-15T19:00:00+00:00,25.8,71396
2026-06-16,da_nang,accepted,0d2f3bd8-31cc-4004-afd1-61a9b2c92a6f,30.9,2026-06-15T20:00:00+00:00,30.9,71397
2026-06-16,da_nang,accepted,0d2f3bd8-31cc-4004-afd1-61a9b2c92a6f,34.8,2026-06-15T21:00:00+00:00,34.8,71398
2026-06-16,da_nang,accepted,0d2f3bd8-31cc-4004-afd1-61a9b2c92a6f,37.1,2026-06-15T22:00:00+00:00,37.1,71399
2026-06-16,da_nang,accepted,0d2f3bd8-31cc-4004-afd1-61a9b2c92a6f,38.9,2026-06-15T23:00:00+00:00,38.9,71400
2026-06-16,da_nang,accepted,0d2f3bd8-31cc-4004-afd1-61a9b2c92a6f,28.8,2026-06-16T00:00:00+00:00,28.8,71401
2026-06-16,da_nang,accepted,0d2f3bd8-31cc-4004-afd1-61a9b2c92a6f,28.9,2026-06-16T01:00:00+00:00,28.9,71402
2026-06-16,da_nang,accepted,0d2f3bd8-31cc-4004-afd1-61a9b2c92a6f,27.5,2026-06-16T02:00:00+00:00,27.5,71403
2026-06-16,da_nang,accepted,0d2f3bd8-31cc-4004-afd1-61a9b2c92a6f,26.7,2026-06-16T03:00:00+00:00,26.7,71404
2026-06-16,da_nang,accepted,0d2f3bd8-31cc-4004-afd1-61a9b2c92a6f,33.1,2026-06-16T04:00:00+00:00,33.1,71405
2026-06-16,da_nang,accepted,0d2f3bd8-31cc-4004-afd1-61a9b2c92a6f,39.7,2026-06-16T05:00:00+00:00,39.7,71406
2026-06-16,da_nang,accepted,0d2f3bd8-31cc-4004-afd1-61a9b2c92a6f,41.9,2026-06-16T06:00:00+00:00,41.9,71407
2026-06-16,da_nang,accepted,0d2f3bd8-31cc-4004-afd1-61a9b2c92a6f,38.1,2026-06-16T07:00:00+00:00,38.1,71408
2026-06-16,da_nang,accepted,0d2f3bd8-31cc-4004-afd1-61a9b2c92a6f,31.5,2026-06-16T08:00:00+00:00,31.5,71409
2026-06-16,da_nang,accepted,0d2f3bd8-31cc-4004-afd1-61a9b2c92a6f,24.3,2026-06-16T09:00:00+00:00,24.3,71410
2026-06-16,da_nang,accepted,0d2f3bd8-31cc-4004-afd1-61a9b2c92a6f,20.4,2026-06-16T10:00:00+00:00,20.4,71411
2026-06-16,da_nang,accepted,0d2f3bd8-31cc-4004-afd1-61a9b2c92a6f,18.2,2026-06-16T11:00:00+00:00,18.2,71412
2026-06-16,da_nang,accepted,0d2f3bd8-31cc-4004-afd1-61a9b2c92a6f,25.4,2026-06-16T12:00:00+00:00,25.4,71413
2026-06-16,da_nang,accepted,0d2f3bd8-31cc-4004-afd1-61a9b2c92a6f,26.5,2026-06-16T13:00:00+00:00,26.5,71414
2026-06-16,da_nang,accepted,0d2f3bd8-31cc-4004-afd1-61a9b2c92a6f,26.7,2026-06-16T14:00:00+00:00,26.7,71415
2026-06-16,da_nang,accepted,0d2f3bd8-31cc-4004-afd1-61a9b2c92a6f,26.8,2026-06-16T15:00:00+00:00,26.8,71416
2026-06-16,da_nang,accepted,0d2f3bd8-31cc-4004-afd1-61a9b2c92a6f,26.5,2026-06-16T16:00:00+00:00,26.5,71417
2026-06-17,da_nang,accepted,0d2f3bd8-31cc-4004-afd1-61a9b2c92a6f,26.0,2026-06-16T17:00:00+00:00,26.0,71418
2026-06-17,da_nang,accepted,0d2f3bd8-31cc-4004-afd1-61a9b2c92a6f,27.2,2026-06-16T18:00:00+00:00,27.2,71419
2026-06-17,da_nang,accepted,0d2f3bd8-31cc-4004-afd1-61a9b2c92a6f,28.3,2026-06-16T19:00:00+00:00,28.3,71420
2026-06-17,da_nang,accepted,0d2f3bd8-31cc-4004-afd1-61a9b2c92a6f,26.0,2026-06-16T20:00:00+00:00,26.0,71421
2026-06-17,da_nang,accepted,0d2f3bd8-31cc-4004-afd1-61a9b2c92a6f,26.3,2026-06-16T21:00:00+00:00,26.3,71422
2026-06-17,da_nang,accepted,0d2f3bd8-31cc-4004-afd1-61a9b2c92a6f,28.1,2026-06-16T22:00:00+00:00,28.1,71423
2026-06-17,da_nang,accepted,0d2f3bd8-31cc-4004-afd1-61a9b2c92a6f,28.0,2026-06-16T23:00:00+00:00,28.0,71424
2026-06-17,da_nang,accepted,0d2f3bd8-31cc-4004-afd1-61a9b2c92a6f,13.7,2026-06-17T00:00:00+00:00,13.7,71425
2026-06-17,da_nang,accepted,0d2f3bd8-31cc-4004-afd1-61a9b2c92a6f,17.1,2026-06-17T01:00:00+00:00,17.1,71426
2026-06-17,da_nang,accepted,0d2f3bd8-31cc-4004-afd1-61a9b2c92a6f,17.2,2026-06-17T02:00:00+00:00,17.2,71427
2026-06-17,da_nang,accepted,0d2f3bd8-31cc-4004-afd1-61a9b2c92a6f,20.0,2026-06-17T03:00:00+00:00,20.0,71428
2026-06-17,da_nang,accepted,0d2f3bd8-31cc-4004-afd1-61a9b2c92a6f,25.1,2026-06-17T04:00:00+00:00,25.1,71429
2026-06-17,da_nang,accepted,0d2f3bd8-31cc-4004-afd1-61a9b2c92a6f,30.4,2026-06-17T05:00:00+00:00,30.4,71430
2026-06-17,da_nang,accepted,0d2f3bd8-31cc-4004-afd1-61a9b2c92a6f,31.8,2026-06-17T06:00:00+00:00,31.8,71431
2026-06-17,da_nang,accepted,0d2f3bd8-31cc-4004-afd1-61a9b2c92a6f,28.2,2026-06-17T07:00:00+00:00,28.2,71432
2026-06-17,da_nang,accepted,0d2f3bd8-31cc-4004-afd1-61a9b2c92a6f,23.6,2026-06-17T08:00:00+00:00,23.6,71433
2026-06-17,da_nang,accepted,0d2f3bd8-31cc-4004-afd1-61a9b2c92a6f,18.3,2026-06-17T09:00:00+00:00,18.3,71434
2026-06-17,da_nang,accepted,0d2f3bd8-31cc-4004-afd1-61a9b2c92a6f,17.3,2026-06-17T10:00:00+00:00,17.3,71435
2026-06-17,da_nang,accepted,0d2f3bd8-31cc-4004-afd1-61a9b2c92a6f,19.1,2026-06-17T11:00:00+00:00,19.1,71436
2026-06-17,da_nang,accepted,0d2f3bd8-31cc-4004-afd1-61a9b2c92a6f,14.9,2026-06-17T12:00:00+00:00,14.9,71437
2026-06-17,da_nang,accepted,0d2f3bd8-31cc-4004-afd1-61a9b2c92a6f,17.1,2026-06-17T13:00:00+00:00,17.1,71438
2026-06-17,da_nang,accepted,0d2f3bd8-31cc-4004-afd1-61a9b2c92a6f,18.0,2026-06-17T14:00:00+00:00,18.0,71439
2026-06-17,da_nang,accepted,0d2f3bd8-31cc-4004-afd1-61a9b2c92a6f,18.5,2026-06-17T15:00:00+00:00,18.5,71440
2026-06-17,da_nang,accepted,0d2f3bd8-31cc-4004-afd1-61a9b2c92a6f,19.7,2026-06-17T16:00:00+00:00,19.7,71441
2026-06-18,da_nang,accepted,0d2f3bd8-31cc-4004-afd1-61a9b2c92a6f,20.4,2026-06-17T17:00:00+00:00,20.4,71442
2026-06-18,da_nang,accepted,0d2f3bd8-31cc-4004-afd1-61a9b2c92a6f,19.6,2026-06-17T18:00:00+00:00,19.6,71443
2026-06-18,da_nang,accepted,0d2f3bd8-31cc-4004-afd1-61a9b2c92a6f,20.7,2026-06-17T19:00:00+00:00,20.7,71444
2026-06-18,da_nang,accepted,0d2f3bd8-31cc-4004-afd1-61a9b2c92a6f,21.7,2026-06-17T20:00:00+00:00,21.7,71445
2026-06-18,da_nang,accepted,0d2f3bd8-31cc-4004-afd1-61a9b2c92a6f,24.9,2026-06-17T21:00:00+00:00,24.9,71446
2026-06-18,da_nang,accepted,0d2f3bd8-31cc-4004-afd1-61a9b2c92a6f,27.9,2026-06-17T22:00:00+00:00,27.9,71447
2026-06-18,da_nang,accepted,0d2f3bd8-31cc-4004-afd1-61a9b2c92a6f,31.9,2026-06-17T23:00:00+00:00,31.9,71448
2026-06-18,da_nang,accepted,0d2f3bd8-31cc-4004-afd1-61a9b2c92a6f,26.9,2026-06-18T00:00:00+00:00,26.9,71449
2026-06-18,da_nang,accepted,0d2f3bd8-31cc-4004-afd1-61a9b2c92a6f,28.2,2026-06-18T01:00:00+00:00,28.2,71450
2026-06-18,da_nang,accepted,0d2f3bd8-31cc-4004-afd1-61a9b2c92a6f,26.4,2026-06-18T02:00:00+00:00,26.4,71451
2026-06-18,da_nang,accepted,0d2f3bd8-31cc-4004-afd1-61a9b2c92a6f,27.2,2026-06-18T03:00:00+00:00,27.2,71452
2026-06-18,da_nang,accepted,0d2f3bd8-31cc-4004-afd1-61a9b2c92a6f,30.6,2026-06-18T04:00:00+00:00,30.6,71453
2026-06-18,da_nang,accepted,0d2f3bd8-31cc-4004-afd1-61a9b2c92a6f,33.9,2026-06-18T05:00:00+00:00,33.9,71454
2026-06-18,da_nang,accepted,0d2f3bd8-31cc-4004-afd1-61a9b2c92a6f,34.8,2026-06-18T06:00:00+00:00,34.8,71455
2026-06-18,da_nang,accepted,0d2f3bd8-31cc-4004-afd1-61a9b2c92a6f,33.9,2026-06-18T07:00:00+00:00,33.9,71456
2026-06-18,da_nang,accepted,0d2f3bd8-31cc-4004-afd1-61a9b2c92a6f,31.7,2026-06-18T08:00:00+00:00,31.7,71457
2026-06-18,da_nang,accepted,0d2f3bd8-31cc-4004-afd1-61a9b2c92a6f,28.4,2026-06-18T09:00:00+00:00,28.4,71458
2026-06-18,da_nang,accepted,0d2f3bd8-31cc-4004-afd1-61a9b2c92a6f,25.7,2026-06-18T10:00:00+00:00,25.7,71459
2026-06-18,da_nang,accepted,0d2f3bd8-31cc-4004-afd1-61a9b2c92a6f,24.1,2026-06-18T11:00:00+00:00,24.1,71460
2026-06-18,da_nang,accepted,0d2f3bd8-31cc-4004-afd1-61a9b2c92a6f,21.0,2026-06-18T12:00:00+00:00,21.0,71461
2026-06-18,da_nang,accepted,0d2f3bd8-31cc-4004-afd1-61a9b2c92a6f,20.2,2026-06-18T13:00:00+00:00,20.2,71462
2026-06-18,da_nang,accepted,0d2f3bd8-31cc-4004-afd1-61a9b2c92a6f,19.8,2026-06-18T14:00:00+00:00,19.8,71463
2026-06-18,da_nang,accepted,0d2f3bd8-31cc-4004-afd1-61a9b2c92a6f,21.1,2026-06-18T15:00:00+00:00,21.1,71464
2026-06-18,da_nang,accepted,0d2f3bd8-31cc-4004-afd1-61a9b2c92a6f,23.1,2026-06-18T16:00:00+00:00,23.1,71465
2026-06-19,da_nang,accepted,0d2f3bd8-31cc-4004-afd1-61a9b2c92a6f,25.0,2026-06-18T17:00:00+00:00,25.0,71466
2026-06-19,da_nang,accepted,0d2f3bd8-31cc-4004-afd1-61a9b2c92a6f,26.3,2026-06-18T18:00:00+00:00,26.3,71467
2026-06-19,da_nang,accepted,0d2f3bd8-31cc-4004-afd1-61a9b2c92a6f,27.1,2026-06-18T19:00:00+00:00,27.1,71468
2026-06-19,da_nang,accepted,0d2f3bd8-31cc-4004-afd1-61a9b2c92a6f,31.1,2026-06-18T20:00:00+00:00,31.1,71469
2026-06-19,da_nang,accepted,0d2f3bd8-31cc-4004-afd1-61a9b2c92a6f,32.4,2026-06-18T21:00:00+00:00,32.4,71470
2026-06-19,da_nang,accepted,0d2f3bd8-31cc-4004-afd1-61a9b2c92a6f,31.5,2026-06-18T22:00:00+00:00,31.5,71471
2026-06-19,da_nang,accepted,0d2f3bd8-31cc-4004-afd1-61a9b2c92a6f,32.4,2026-06-18T23:00:00+00:00,32.4,71472
2026-06-19,da_nang,accepted,0d2f3bd8-31cc-4004-afd1-61a9b2c92a6f,30.3,2026-06-19T00:00:00+00:00,30.3,71473
2026-06-19,da_nang,accepted,0d2f3bd8-31cc-4004-afd1-61a9b2c92a6f,33.8,2026-06-19T01:00:00+00:00,33.8,71474
2026-06-19,da_nang,accepted,0d2f3bd8-31cc-4004-afd1-61a9b2c92a6f,24.3,2026-06-19T02:00:00+00:00,24.3,71475
2026-06-19,da_nang,accepted,0d2f3bd8-31cc-4004-afd1-61a9b2c92a6f,24.9,2026-06-19T03:00:00+00:00,24.9,71476
2026-06-19,da_nang,accepted,0d2f3bd8-31cc-4004-afd1-61a9b2c92a6f,31.1,2026-06-19T04:00:00+00:00,31.1,71477
2026-06-19,da_nang,accepted,0d2f3bd8-31cc-4004-afd1-61a9b2c92a6f,37.6,2026-06-19T05:00:00+00:00,37.6,71478
2026-06-19,da_nang,accepted,0d2f3bd8-31cc-4004-afd1-61a9b2c92a6f,39.1,2026-06-19T06:00:00+00:00,39.1,71479
2026-06-19,da_nang,accepted,0d2f3bd8-31cc-4004-afd1-61a9b2c92a6f,35.4,2026-06-19T07:00:00+00:00,35.4,71480
2026-06-19,da_nang,accepted,0d2f3bd8-31cc-4004-afd1-61a9b2c92a6f,28.9,2026-06-19T08:00:00+00:00,28.9,71481
2026-06-19,da_nang,accepted,0d2f3bd8-31cc-4004-afd1-61a9b2c92a6f,25.4,2026-06-19T09:00:00+00:00,25.4,71482
2026-06-19,da_nang,accepted,0d2f3bd8-31cc-4004-afd1-61a9b2c92a6f,21.2,2026-06-19T10:00:00+00:00,21.2,71483
2026-06-19,da_nang,accepted,0d2f3bd8-31cc-4004-afd1-61a9b2c92a6f,20.4,2026-06-19T11:00:00+00:00,20.4,71484
2026-06-19,da_nang,accepted,0d2f3bd8-31cc-4004-afd1-61a9b2c92a6f,14.7,2026-06-19T12:00:00+00:00,14.7,71485
2026-06-19,da_nang,accepted,0d2f3bd8-31cc-4004-afd1-61a9b2c92a6f,16.5,2026-06-19T13:00:00+00:00,16.5,71486
2026-06-19,da_nang,accepted,0d2f3bd8-31cc-4004-afd1-61a9b2c92a6f,18.1,2026-06-19T14:00:00+00:00,18.1,71487
2026-06-19,da_nang,accepted,0d2f3bd8-31cc-4004-afd1-61a9b2c92a6f,19.7,2026-06-19T15:00:00+00:00,19.7,71488
2026-06-19,da_nang,accepted,0d2f3bd8-31cc-4004-afd1-61a9b2c92a6f,20.9,2026-06-19T16:00:00+00:00,20.9,71489
2026-06-20,da_nang,accepted,0d2f3bd8-31cc-4004-afd1-61a9b2c92a6f,21.7,2026-06-19T17:00:00+00:00,21.7,71490
2026-06-20,da_nang,accepted,0d2f3bd8-31cc-4004-afd1-61a9b2c92a6f,23.7,2026-06-19T18:00:00+00:00,23.7,71491
2026-06-20,da_nang,accepted,0d2f3bd8-31cc-4004-afd1-61a9b2c92a6f,27.0,2026-06-19T19:00:00+00:00,27.0,71492
2026-06-20,da_nang,accepted,0d2f3bd8-31cc-4004-afd1-61a9b2c92a6f,31.2,2026-06-19T20:00:00+00:00,31.2,71493
2026-06-20,da_nang,accepted,0d2f3bd8-31cc-4004-afd1-61a9b2c92a6f,33.2,2026-06-19T21:00:00+00:00,33.2,71494
2026-06-20,da_nang,accepted,0d2f3bd8-31cc-4004-afd1-61a9b2c92a6f,32.7,2026-06-19T22:00:00+00:00,32.7,71495
2026-06-20,da_nang,accepted,0d2f3bd8-31cc-4004-afd1-61a9b2c92a6f,34.9,2026-06-19T23:00:00+00:00,34.9,71496
2026-06-20,da_nang,accepted,0d2f3bd8-31cc-4004-afd1-61a9b2c92a6f,26.8,2026-06-20T00:00:00+00:00,26.8,71497
2026-06-20,da_nang,accepted,0d2f3bd8-31cc-4004-afd1-61a9b2c92a6f,22.8,2026-06-20T01:00:00+00:00,22.8,71498
2026-06-20,da_nang,accepted,0d2f3bd8-31cc-4004-afd1-61a9b2c92a6f,24.7,2026-06-20T02:00:00+00:00,24.7,71499
2026-06-20,da_nang,accepted,0d2f3bd8-31cc-4004-afd1-61a9b2c92a6f,27.1,2026-06-20T03:00:00+00:00,27.1,71500
2026-06-20,da_nang,accepted,0d2f3bd8-31cc-4004-afd1-61a9b2c92a6f,31.1,2026-06-20T04:00:00+00:00,31.1,71501
2026-06-20,da_nang,accepted,0d2f3bd8-31cc-4004-afd1-61a9b2c92a6f,33.4,2026-06-20T05:00:00+00:00,33.4,71502
2026-06-20,da_nang,accepted,0d2f3bd8-31cc-4004-afd1-61a9b2c92a6f,31.4,2026-06-20T06:00:00+00:00,31.4,71503
2026-06-20,da_nang,accepted,0d2f3bd8-31cc-4004-afd1-61a9b2c92a6f,27.5,2026-06-20T07:00:00+00:00,27.5,71504
2026-06-20,da_nang,accepted,0d2f3bd8-31cc-4004-afd1-61a9b2c92a6f,21.8,2026-06-20T08:00:00+00:00,21.8,71505
2026-06-20,da_nang,accepted,0d2f3bd8-31cc-4004-afd1-61a9b2c92a6f,17.4,2026-06-20T09:00:00+00:00,17.4,71506
2026-06-20,da_nang,accepted,0d2f3bd8-31cc-4004-afd1-61a9b2c92a6f,16.2,2026-06-20T10:00:00+00:00,16.2,71507
2026-06-20,da_nang,accepted,0d2f3bd8-31cc-4004-afd1-61a9b2c92a6f,15.8,2026-06-20T11:00:00+00:00,15.8,71508
2026-06-20,da_nang,accepted,0d2f3bd8-31cc-4004-afd1-61a9b2c92a6f,13.7,2026-06-20T12:00:00+00:00,13.7,71509
2026-06-20,da_nang,accepted,0d2f3bd8-31cc-4004-afd1-61a9b2c92a6f,15.9,2026-06-20T13:00:00+00:00,15.9,71510
2026-06-20,da_nang,accepted,0d2f3bd8-31cc-4004-afd1-61a9b2c92a6f,17.2,2026-06-20T14:00:00+00:00,17.2,71511
2026-06-20,da_nang,accepted,0d2f3bd8-31cc-4004-afd1-61a9b2c92a6f,19.0,2026-06-20T15:00:00+00:00,19.0,71512
2026-06-20,da_nang,accepted,0d2f3bd8-31cc-4004-afd1-61a9b2c92a6f,20.4,2026-06-20T16:00:00+00:00,20.4,71513
2026-06-21,da_nang,accepted,0d2f3bd8-31cc-4004-afd1-61a9b2c92a6f,21.7,2026-06-20T17:00:00+00:00,21.7,71514
2026-06-21,da_nang,accepted,0d2f3bd8-31cc-4004-afd1-61a9b2c92a6f,23.0,2026-06-20T18:00:00+00:00,23.0,71515
2026-06-21,da_nang,accepted,0d2f3bd8-31cc-4004-afd1-61a9b2c92a6f,24.3,2026-06-20T19:00:00+00:00,24.3,71516
2026-06-21,da_nang,accepted,0d2f3bd8-31cc-4004-afd1-61a9b2c92a6f,25.6,2026-06-20T20:00:00+00:00,25.6,71517
2026-06-21,da_nang,accepted,0d2f3bd8-31cc-4004-afd1-61a9b2c92a6f,26.7,2026-06-20T21:00:00+00:00,26.7,71518
2026-06-21,da_nang,accepted,0d2f3bd8-31cc-4004-afd1-61a9b2c92a6f,28.2,2026-06-20T22:00:00+00:00,28.2,71519
2026-06-21,da_nang,accepted,0d2f3bd8-31cc-4004-afd1-61a9b2c92a6f,30.3,2026-06-20T23:00:00+00:00,30.3,71520
2026-06-21,da_nang,accepted,0d2f3bd8-31cc-4004-afd1-61a9b2c92a6f,33.1,2026-06-21T00:00:00+00:00,33.1,71521
2026-06-21,da_nang,accepted,0d2f3bd8-31cc-4004-afd1-61a9b2c92a6f,34.9,2026-06-21T01:00:00+00:00,34.9,71522
2026-06-21,da_nang,accepted,0d2f3bd8-31cc-4004-afd1-61a9b2c92a6f,36.8,2026-06-21T02:00:00+00:00,36.8,71523
2026-06-21,da_nang,accepted,0d2f3bd8-31cc-4004-afd1-61a9b2c92a6f,39.2,2026-06-21T03:00:00+00:00,39.2,71524
2026-06-21,da_nang,accepted,0d2f3bd8-31cc-4004-afd1-61a9b2c92a6f,41.4,2026-06-21T04:00:00+00:00,41.4,71525
2026-06-21,da_nang,accepted,0d2f3bd8-31cc-4004-afd1-61a9b2c92a6f,39.7,2026-06-21T05:00:00+00:00,39.7,71526
2026-06-21,da_nang,accepted,0d2f3bd8-31cc-4004-afd1-61a9b2c92a6f,37.8,2026-06-21T06:00:00+00:00,37.8,71527
2026-06-21,da_nang,accepted,0d2f3bd8-31cc-4004-afd1-61a9b2c92a6f,33.4,2026-06-21T07:00:00+00:00,33.4,71528
2026-06-21,da_nang,accepted,0d2f3bd8-31cc-4004-afd1-61a9b2c92a6f,25.8,2026-06-21T08:00:00+00:00,25.8,71529
2026-06-21,da_nang,accepted,0d2f3bd8-31cc-4004-afd1-61a9b2c92a6f,21.5,2026-06-21T09:00:00+00:00,21.5,71530
2026-06-21,da_nang,accepted,0d2f3bd8-31cc-4004-afd1-61a9b2c92a6f,20.1,2026-06-21T10:00:00+00:00,20.1,71531
2026-06-21,da_nang,accepted,0d2f3bd8-31cc-4004-afd1-61a9b2c92a6f,20.4,2026-06-21T11:00:00+00:00,20.4,71532
2026-06-21,da_nang,accepted,0d2f3bd8-31cc-4004-afd1-61a9b2c92a6f,22.4,2026-06-21T12:00:00+00:00,22.4,71533
2026-06-21,da_nang,accepted,0d2f3bd8-31cc-4004-afd1-61a9b2c92a6f,24.1,2026-06-21T13:00:00+00:00,24.1,71534
2026-06-21,da_nang,accepted,0d2f3bd8-31cc-4004-afd1-61a9b2c92a6f,25.3,2026-06-21T14:00:00+00:00,25.3,71535
2026-06-21,da_nang,accepted,0d2f3bd8-31cc-4004-afd1-61a9b2c92a6f,27.2,2026-06-21T15:00:00+00:00,27.2,71536
2026-06-21,da_nang,accepted,0d2f3bd8-31cc-4004-afd1-61a9b2c92a6f,28.8,2026-06-21T16:00:00+00:00,28.8,71537
2026-06-22,da_nang,accepted,0d2f3bd8-31cc-4004-afd1-61a9b2c92a6f,29.5,2026-06-21T17:00:00+00:00,29.5,71538
2026-06-22,da_nang,accepted,0d2f3bd8-31cc-4004-afd1-61a9b2c92a6f,29.9,2026-06-21T18:00:00+00:00,29.9,71539
2026-06-22,da_nang,accepted,0d2f3bd8-31cc-4004-afd1-61a9b2c92a6f,32.0,2026-06-21T19:00:00+00:00,32.0,71540
2026-06-22,da_nang,accepted,0d2f3bd8-31cc-4004-afd1-61a9b2c92a6f,35.4,2026-06-21T20:00:00+00:00,35.4,71541
2026-06-22,da_nang,accepted,0d2f3bd8-31cc-4004-afd1-61a9b2c92a6f,36.1,2026-06-21T21:00:00+00:00,36.1,71542
2026-06-22,da_nang,accepted,0d2f3bd8-31cc-4004-afd1-61a9b2c92a6f,37.8,2026-06-21T22:00:00+00:00,37.8,71543
2026-06-22,da_nang,accepted,0d2f3bd8-31cc-4004-afd1-61a9b2c92a6f,41.1,2026-06-21T23:00:00+00:00,41.1,71544
2026-06-22,da_nang,accepted,43d6346c-bf1a-41e0-a00a-2f8fa30ee4c6,27.2,2026-06-22T00:00:00+00:00,27.2,72553
2026-06-22,da_nang,accepted,43d6346c-bf1a-41e0-a00a-2f8fa30ee4c6,28.1,2026-06-22T01:00:00+00:00,28.1,72554
2026-06-22,da_nang,accepted,43d6346c-bf1a-41e0-a00a-2f8fa30ee4c6,29.7,2026-06-22T02:00:00+00:00,29.7,72555
2026-06-22,da_nang,accepted,43d6346c-bf1a-41e0-a00a-2f8fa30ee4c6,33.1,2026-06-22T03:00:00+00:00,33.1,72556
2026-06-22,da_nang,accepted,43d6346c-bf1a-41e0-a00a-2f8fa30ee4c6,35.9,2026-06-22T04:00:00+00:00,35.9,72557
2026-06-22,da_nang,accepted,43d6346c-bf1a-41e0-a00a-2f8fa30ee4c6,36.9,2026-06-22T05:00:00+00:00,36.9,72558
2026-06-22,da_nang,accepted,43d6346c-bf1a-41e0-a00a-2f8fa30ee4c6,36.6,2026-06-22T06:00:00+00:00,36.6,72559
2026-06-22,da_nang,accepted,43d6346c-bf1a-41e0-a00a-2f8fa30ee4c6,31.1,2026-06-22T07:00:00+00:00,31.1,72560
2026-06-22,da_nang,accepted,43d6346c-bf1a-41e0-a00a-2f8fa30ee4c6,26.9,2026-06-22T08:00:00+00:00,26.9,72561
2026-06-22,da_nang,accepted,43d6346c-bf1a-41e0-a00a-2f8fa30ee4c6,22.2,2026-06-22T09:00:00+00:00,22.2,72562
2026-06-22,da_nang,accepted,43d6346c-bf1a-41e0-a00a-2f8fa30ee4c6,20.5,2026-06-22T10:00:00+00:00,20.5,72563
2026-06-22,da_nang,accepted,43d6346c-bf1a-41e0-a00a-2f8fa30ee4c6,20.3,2026-06-22T11:00:00+00:00,20.3,72564
2026-06-22,da_nang,accepted,43d6346c-bf1a-41e0-a00a-2f8fa30ee4c6,10.0,2026-06-22T12:00:00+00:00,10.0,72565
2026-06-22,da_nang,accepted,43d6346c-bf1a-41e0-a00a-2f8fa30ee4c6,13.0,2026-06-22T13:00:00+00:00,13.0,72566
2026-06-22,da_nang,accepted,43d6346c-bf1a-41e0-a00a-2f8fa30ee4c6,16.3,2026-06-22T14:00:00+00:00,16.3,72567
2026-06-22,da_nang,accepted,43d6346c-bf1a-41e0-a00a-2f8fa30ee4c6,18.7,2026-06-22T15:00:00+00:00,18.7,72568
2026-06-22,da_nang,accepted,43d6346c-bf1a-41e0-a00a-2f8fa30ee4c6,20.5,2026-06-22T16:00:00+00:00,20.5,72569
2026-06-23,da_nang,accepted,43d6346c-bf1a-41e0-a00a-2f8fa30ee4c6,22.0,2026-06-22T17:00:00+00:00,22.0,72570
2026-06-23,da_nang,accepted,43d6346c-bf1a-41e0-a00a-2f8fa30ee4c6,24.0,2026-06-22T18:00:00+00:00,24.0,72571
2026-06-23,da_nang,accepted,43d6346c-bf1a-41e0-a00a-2f8fa30ee4c6,26.5,2026-06-22T19:00:00+00:00,26.5,72572
2026-06-23,da_nang,accepted,43d6346c-bf1a-41e0-a00a-2f8fa30ee4c6,29.4,2026-06-22T20:00:00+00:00,29.4,72573
2026-06-23,da_nang,accepted,43d6346c-bf1a-41e0-a00a-2f8fa30ee4c6,31.8,2026-06-22T21:00:00+00:00,31.8,72574
2026-06-23,da_nang,accepted,43d6346c-bf1a-41e0-a00a-2f8fa30ee4c6,32.9,2026-06-22T22:00:00+00:00,32.9,72575
2026-06-23,da_nang,accepted,43d6346c-bf1a-41e0-a00a-2f8fa30ee4c6,34.2,2026-06-22T23:00:00+00:00,34.2,72576
2026-06-23,da_nang,accepted,43d6346c-bf1a-41e0-a00a-2f8fa30ee4c6,28.3,2026-06-23T00:00:00+00:00,28.3,72577
2026-06-23,da_nang,accepted,43d6346c-bf1a-41e0-a00a-2f8fa30ee4c6,26.5,2026-06-23T01:00:00+00:00,26.5,72578
2026-06-23,da_nang,accepted,43d6346c-bf1a-41e0-a00a-2f8fa30ee4c6,19.2,2026-06-23T02:00:00+00:00,19.2,72579
2026-06-23,da_nang,accepted,43d6346c-bf1a-41e0-a00a-2f8fa30ee4c6,20.7,2026-06-23T03:00:00+00:00,20.7,72580
2026-06-23,da_nang,accepted,43d6346c-bf1a-41e0-a00a-2f8fa30ee4c6,33.9,2026-06-23T04:00:00+00:00,33.9,72581
2026-06-23,da_nang,accepted,43d6346c-bf1a-41e0-a00a-2f8fa30ee4c6,42.3,2026-06-23T05:00:00+00:00,42.3,72582
2026-06-23,da_nang,accepted,43d6346c-bf1a-41e0-a00a-2f8fa30ee4c6,39.2,2026-06-23T06:00:00+00:00,39.2,72583
2026-06-23,da_nang,accepted,43d6346c-bf1a-41e0-a00a-2f8fa30ee4c6,32.9,2026-06-23T07:00:00+00:00,32.9,72584
2026-06-23,da_nang,accepted,43d6346c-bf1a-41e0-a00a-2f8fa30ee4c6,28.8,2026-06-23T08:00:00+00:00,28.8,72585
2026-06-23,da_nang,accepted,43d6346c-bf1a-41e0-a00a-2f8fa30ee4c6,24.4,2026-06-23T09:00:00+00:00,24.4,72586
2026-06-23,da_nang,accepted,43d6346c-bf1a-41e0-a00a-2f8fa30ee4c6,21.0,2026-06-23T10:00:00+00:00,21.0,72587
2026-06-23,da_nang,accepted,43d6346c-bf1a-41e0-a00a-2f8fa30ee4c6,18.3,2026-06-23T11:00:00+00:00,18.3,72588
2026-06-23,da_nang,accepted,43d6346c-bf1a-41e0-a00a-2f8fa30ee4c6,17.1,2026-06-23T12:00:00+00:00,17.1,72589
2026-06-23,da_nang,accepted,43d6346c-bf1a-41e0-a00a-2f8fa30ee4c6,19.4,2026-06-23T13:00:00+00:00,19.4,72590
2026-06-23,da_nang,accepted,43d6346c-bf1a-41e0-a00a-2f8fa30ee4c6,20.1,2026-06-23T14:00:00+00:00,20.1,72591
2026-06-23,da_nang,accepted,43d6346c-bf1a-41e0-a00a-2f8fa30ee4c6,20.0,2026-06-23T15:00:00+00:00,20.0,72592
2026-06-23,da_nang,accepted,43d6346c-bf1a-41e0-a00a-2f8fa30ee4c6,22.2,2026-06-23T16:00:00+00:00,22.2,72593
2026-06-24,da_nang,accepted,43d6346c-bf1a-41e0-a00a-2f8fa30ee4c6,27.0,2026-06-23T17:00:00+00:00,27.0,72594
2026-06-24,da_nang,accepted,43d6346c-bf1a-41e0-a00a-2f8fa30ee4c6,31.2,2026-06-23T18:00:00+00:00,31.2,72595
2026-06-24,da_nang,accepted,43d6346c-bf1a-41e0-a00a-2f8fa30ee4c6,32.9,2026-06-23T19:00:00+00:00,32.9,72596
2026-06-24,da_nang,accepted,43d6346c-bf1a-41e0-a00a-2f8fa30ee4c6,32.0,2026-06-23T20:00:00+00:00,32.0,72597
2026-06-24,da_nang,accepted,43d6346c-bf1a-41e0-a00a-2f8fa30ee4c6,29.9,2026-06-23T21:00:00+00:00,29.9,72598
2026-06-24,da_nang,accepted,43d6346c-bf1a-41e0-a00a-2f8fa30ee4c6,28.1,2026-06-23T22:00:00+00:00,28.1,72599
2026-06-24,da_nang,accepted,43d6346c-bf1a-41e0-a00a-2f8fa30ee4c6,28.5,2026-06-23T23:00:00+00:00,28.5,72600
2026-06-24,da_nang,accepted,43d6346c-bf1a-41e0-a00a-2f8fa30ee4c6,27.3,2026-06-24T00:00:00+00:00,27.3,72601
2026-06-24,da_nang,accepted,43d6346c-bf1a-41e0-a00a-2f8fa30ee4c6,28.2,2026-06-24T01:00:00+00:00,28.2,72602
2026-06-24,da_nang,accepted,43d6346c-bf1a-41e0-a00a-2f8fa30ee4c6,23.6,2026-06-24T02:00:00+00:00,23.6,72603
2026-06-24,da_nang,accepted,43d6346c-bf1a-41e0-a00a-2f8fa30ee4c6,27.7,2026-06-24T03:00:00+00:00,27.7,72604
2026-06-24,da_nang,accepted,43d6346c-bf1a-41e0-a00a-2f8fa30ee4c6,38.5,2026-06-24T04:00:00+00:00,38.5,72605
2026-06-24,da_nang,accepted,43d6346c-bf1a-41e0-a00a-2f8fa30ee4c6,43.1,2026-06-24T05:00:00+00:00,43.1,72606
2026-06-24,da_nang,accepted,43d6346c-bf1a-41e0-a00a-2f8fa30ee4c6,41.2,2026-06-24T06:00:00+00:00,41.2,72607
2026-06-24,da_nang,accepted,43d6346c-bf1a-41e0-a00a-2f8fa30ee4c6,38.5,2026-06-24T07:00:00+00:00,38.5,72608
2026-06-24,da_nang,accepted,43d6346c-bf1a-41e0-a00a-2f8fa30ee4c6,33.8,2026-06-24T08:00:00+00:00,33.8,72609
2026-06-24,da_nang,accepted,43d6346c-bf1a-41e0-a00a-2f8fa30ee4c6,30.5,2026-06-24T09:00:00+00:00,30.5,72610
2026-06-24,da_nang,accepted,43d6346c-bf1a-41e0-a00a-2f8fa30ee4c6,29.2,2026-06-24T10:00:00+00:00,29.2,72611
2026-06-24,da_nang,accepted,43d6346c-bf1a-41e0-a00a-2f8fa30ee4c6,27.9,2026-06-24T11:00:00+00:00,27.9,72612
2026-06-24,da_nang,accepted,43d6346c-bf1a-41e0-a00a-2f8fa30ee4c6,22.8,2026-06-24T12:00:00+00:00,22.8,72613
2026-06-24,da_nang,accepted,43d6346c-bf1a-41e0-a00a-2f8fa30ee4c6,19.8,2026-06-24T13:00:00+00:00,19.8,72614
2026-06-24,da_nang,accepted,43d6346c-bf1a-41e0-a00a-2f8fa30ee4c6,20.4,2026-06-24T14:00:00+00:00,20.4,72615
2026-06-24,da_nang,accepted,43d6346c-bf1a-41e0-a00a-2f8fa30ee4c6,21.1,2026-06-24T15:00:00+00:00,21.1,72616
2026-06-24,da_nang,accepted,43d6346c-bf1a-41e0-a00a-2f8fa30ee4c6,21.4,2026-06-24T16:00:00+00:00,21.4,72617
2026-06-25,da_nang,accepted,43d6346c-bf1a-41e0-a00a-2f8fa30ee4c6,22.4,2026-06-24T17:00:00+00:00,22.4,72618
2026-06-25,da_nang,accepted,43d6346c-bf1a-41e0-a00a-2f8fa30ee4c6,23.5,2026-06-24T18:00:00+00:00,23.5,72619
2026-06-25,da_nang,accepted,43d6346c-bf1a-41e0-a00a-2f8fa30ee4c6,25.4,2026-06-24T19:00:00+00:00,25.4,72620
2026-06-25,da_nang,accepted,43d6346c-bf1a-41e0-a00a-2f8fa30ee4c6,26.3,2026-06-24T20:00:00+00:00,26.3,72621
2026-06-25,da_nang,accepted,43d6346c-bf1a-41e0-a00a-2f8fa30ee4c6,20.8,2026-06-24T21:00:00+00:00,20.8,72622
2026-06-25,da_nang,accepted,43d6346c-bf1a-41e0-a00a-2f8fa30ee4c6,21.6,2026-06-24T22:00:00+00:00,21.6,72623
2026-06-25,da_nang,accepted,43d6346c-bf1a-41e0-a00a-2f8fa30ee4c6,23.1,2026-06-24T23:00:00+00:00,23.1,72624
2026-06-25,da_nang,accepted,43d6346c-bf1a-41e0-a00a-2f8fa30ee4c6,27.0,2026-06-25T00:00:00+00:00,27.0,72625
2026-06-25,da_nang,accepted,43d6346c-bf1a-41e0-a00a-2f8fa30ee4c6,29.4,2026-06-25T01:00:00+00:00,29.4,72626
2026-06-25,da_nang,accepted,43d6346c-bf1a-41e0-a00a-2f8fa30ee4c6,21.6,2026-06-25T02:00:00+00:00,21.6,72627
2026-06-25,da_nang,accepted,43d6346c-bf1a-41e0-a00a-2f8fa30ee4c6,18.9,2026-06-25T03:00:00+00:00,18.9,72628
2026-06-25,da_nang,accepted,43d6346c-bf1a-41e0-a00a-2f8fa30ee4c6,22.3,2026-06-25T04:00:00+00:00,22.3,72629
2026-06-25,da_nang,accepted,43d6346c-bf1a-41e0-a00a-2f8fa30ee4c6,34.6,2026-06-25T05:00:00+00:00,34.6,72630
2026-06-25,da_nang,accepted,43d6346c-bf1a-41e0-a00a-2f8fa30ee4c6,40.2,2026-06-25T06:00:00+00:00,40.2,72631
2026-06-25,da_nang,accepted,43d6346c-bf1a-41e0-a00a-2f8fa30ee4c6,36.0,2026-06-25T07:00:00+00:00,36.0,72632
2026-06-25,da_nang,accepted,43d6346c-bf1a-41e0-a00a-2f8fa30ee4c6,31.1,2026-06-25T08:00:00+00:00,31.1,72633
2026-06-25,da_nang,accepted,43d6346c-bf1a-41e0-a00a-2f8fa30ee4c6,24.9,2026-06-25T09:00:00+00:00,24.9,72634
2026-06-25,da_nang,accepted,43d6346c-bf1a-41e0-a00a-2f8fa30ee4c6,20.7,2026-06-25T10:00:00+00:00,20.7,72635
2026-06-25,da_nang,accepted,43d6346c-bf1a-41e0-a00a-2f8fa30ee4c6,20.4,2026-06-25T11:00:00+00:00,20.4,72636
2026-06-25,da_nang,accepted,43d6346c-bf1a-41e0-a00a-2f8fa30ee4c6,30.0,2026-06-25T12:00:00+00:00,30.0,72637
2026-06-25,da_nang,accepted,43d6346c-bf1a-41e0-a00a-2f8fa30ee4c6,31.5,2026-06-25T13:00:00+00:00,31.5,72638
2026-06-25,da_nang,accepted,43d6346c-bf1a-41e0-a00a-2f8fa30ee4c6,32.5,2026-06-25T14:00:00+00:00,32.5,72639
2026-06-25,da_nang,accepted,43d6346c-bf1a-41e0-a00a-2f8fa30ee4c6,34.6,2026-06-25T15:00:00+00:00,34.6,72640
2026-06-25,da_nang,accepted,43d6346c-bf1a-41e0-a00a-2f8fa30ee4c6,37.6,2026-06-25T16:00:00+00:00,37.6,72641
2026-06-26,da_nang,accepted,43d6346c-bf1a-41e0-a00a-2f8fa30ee4c6,40.9,2026-06-25T17:00:00+00:00,40.9,72642
2026-06-26,da_nang,accepted,43d6346c-bf1a-41e0-a00a-2f8fa30ee4c6,40.7,2026-06-25T18:00:00+00:00,40.7,72643
2026-06-26,da_nang,accepted,43d6346c-bf1a-41e0-a00a-2f8fa30ee4c6,39.9,2026-06-25T19:00:00+00:00,39.9,72644
2026-06-26,da_nang,accepted,43d6346c-bf1a-41e0-a00a-2f8fa30ee4c6,38.2,2026-06-25T20:00:00+00:00,38.2,72645
2026-06-26,da_nang,accepted,43d6346c-bf1a-41e0-a00a-2f8fa30ee4c6,33.1,2026-06-25T21:00:00+00:00,33.1,72646
2026-06-26,da_nang,accepted,43d6346c-bf1a-41e0-a00a-2f8fa30ee4c6,30.7,2026-06-25T22:00:00+00:00,30.7,72647
2026-06-26,da_nang,accepted,43d6346c-bf1a-41e0-a00a-2f8fa30ee4c6,28.4,2026-06-25T23:00:00+00:00,28.4,72648
2026-06-26,da_nang,accepted,43d6346c-bf1a-41e0-a00a-2f8fa30ee4c6,32.4,2026-06-26T00:00:00+00:00,32.4,72649
2026-06-26,da_nang,accepted,43d6346c-bf1a-41e0-a00a-2f8fa30ee4c6,37.4,2026-06-26T01:00:00+00:00,37.4,72650
2026-06-26,da_nang,accepted,43d6346c-bf1a-41e0-a00a-2f8fa30ee4c6,36.3,2026-06-26T02:00:00+00:00,36.3,72651
2026-06-26,da_nang,accepted,43d6346c-bf1a-41e0-a00a-2f8fa30ee4c6,31.4,2026-06-26T03:00:00+00:00,31.4,72652
2026-06-26,da_nang,accepted,43d6346c-bf1a-41e0-a00a-2f8fa30ee4c6,39.3,2026-06-26T04:00:00+00:00,39.3,72653
2026-06-26,da_nang,accepted,43d6346c-bf1a-41e0-a00a-2f8fa30ee4c6,45.8,2026-06-26T05:00:00+00:00,45.8,72654
2026-06-26,da_nang,accepted,43d6346c-bf1a-41e0-a00a-2f8fa30ee4c6,43.3,2026-06-26T06:00:00+00:00,43.3,72655
2026-06-26,da_nang,accepted,43d6346c-bf1a-41e0-a00a-2f8fa30ee4c6,38.6,2026-06-26T07:00:00+00:00,38.6,72656
2026-06-26,da_nang,accepted,43d6346c-bf1a-41e0-a00a-2f8fa30ee4c6,29.3,2026-06-26T08:00:00+00:00,29.3,72657
2026-06-26,da_nang,accepted,43d6346c-bf1a-41e0-a00a-2f8fa30ee4c6,21.5,2026-06-26T09:00:00+00:00,21.5,72658
2026-06-26,da_nang,accepted,43d6346c-bf1a-41e0-a00a-2f8fa30ee4c6,20.0,2026-06-26T10:00:00+00:00,20.0,72659
2026-06-26,da_nang,accepted,43d6346c-bf1a-41e0-a00a-2f8fa30ee4c6,19.8,2026-06-26T11:00:00+00:00,19.8,72660
2026-06-26,da_nang,accepted,43d6346c-bf1a-41e0-a00a-2f8fa30ee4c6,17.2,2026-06-26T12:00:00+00:00,17.2,72661
2026-06-26,da_nang,accepted,43d6346c-bf1a-41e0-a00a-2f8fa30ee4c6,18.6,2026-06-26T13:00:00+00:00,18.6,72662
2026-06-26,da_nang,accepted,43d6346c-bf1a-41e0-a00a-2f8fa30ee4c6,19.0,2026-06-26T14:00:00+00:00,19.0,72663
2026-06-26,da_nang,accepted,43d6346c-bf1a-41e0-a00a-2f8fa30ee4c6,19.8,2026-06-26T15:00:00+00:00,19.8,72664
2026-06-26,da_nang,accepted,43d6346c-bf1a-41e0-a00a-2f8fa30ee4c6,20.0,2026-06-26T16:00:00+00:00,20.0,72665
2026-06-27,da_nang,accepted,43d6346c-bf1a-41e0-a00a-2f8fa30ee4c6,20.9,2026-06-26T17:00:00+00:00,20.9,72666
2026-06-27,da_nang,accepted,43d6346c-bf1a-41e0-a00a-2f8fa30ee4c6,20.3,2026-06-26T18:00:00+00:00,20.3,72667
2026-06-27,da_nang,accepted,43d6346c-bf1a-41e0-a00a-2f8fa30ee4c6,22.2,2026-06-26T19:00:00+00:00,22.2,72668
2026-06-27,da_nang,accepted,43d6346c-bf1a-41e0-a00a-2f8fa30ee4c6,22.8,2026-06-26T20:00:00+00:00,22.8,72669
2026-06-27,da_nang,accepted,43d6346c-bf1a-41e0-a00a-2f8fa30ee4c6,23.7,2026-06-26T21:00:00+00:00,23.7,72670
2026-06-27,da_nang,accepted,43d6346c-bf1a-41e0-a00a-2f8fa30ee4c6,24.3,2026-06-26T22:00:00+00:00,24.3,72671
2026-06-27,da_nang,accepted,43d6346c-bf1a-41e0-a00a-2f8fa30ee4c6,24.6,2026-06-26T23:00:00+00:00,24.6,72672
2026-06-27,da_nang,accepted,43d6346c-bf1a-41e0-a00a-2f8fa30ee4c6,19.5,2026-06-27T00:00:00+00:00,19.5,72673
2026-06-27,da_nang,accepted,43d6346c-bf1a-41e0-a00a-2f8fa30ee4c6,19.2,2026-06-27T01:00:00+00:00,19.2,72674
2026-06-27,da_nang,accepted,43d6346c-bf1a-41e0-a00a-2f8fa30ee4c6,19.1,2026-06-27T02:00:00+00:00,19.1,72675
2026-06-27,da_nang,accepted,43d6346c-bf1a-41e0-a00a-2f8fa30ee4c6,17.8,2026-06-27T03:00:00+00:00,17.8,72676
2026-06-27,da_nang,accepted,43d6346c-bf1a-41e0-a00a-2f8fa30ee4c6,21.8,2026-06-27T04:00:00+00:00,21.8,72677
2026-06-27,da_nang,accepted,43d6346c-bf1a-41e0-a00a-2f8fa30ee4c6,27.2,2026-06-27T05:00:00+00:00,27.2,72678
2026-06-27,da_nang,accepted,43d6346c-bf1a-41e0-a00a-2f8fa30ee4c6,29.7,2026-06-27T06:00:00+00:00,29.7,72679
2026-06-27,da_nang,accepted,43d6346c-bf1a-41e0-a00a-2f8fa30ee4c6,27.8,2026-06-27T07:00:00+00:00,27.8,72680
2026-06-27,da_nang,accepted,43d6346c-bf1a-41e0-a00a-2f8fa30ee4c6,23.6,2026-06-27T08:00:00+00:00,23.6,72681
2026-06-27,da_nang,accepted,43d6346c-bf1a-41e0-a00a-2f8fa30ee4c6,18.8,2026-06-27T09:00:00+00:00,18.8,72682
2026-06-27,da_nang,accepted,43d6346c-bf1a-41e0-a00a-2f8fa30ee4c6,16.2,2026-06-27T10:00:00+00:00,16.2,72683
2026-06-27,da_nang,accepted,43d6346c-bf1a-41e0-a00a-2f8fa30ee4c6,16.5,2026-06-27T11:00:00+00:00,16.5,72684
2026-06-27,da_nang,accepted,43d6346c-bf1a-41e0-a00a-2f8fa30ee4c6,16.1,2026-06-27T12:00:00+00:00,16.1,72685
2026-06-27,da_nang,accepted,43d6346c-bf1a-41e0-a00a-2f8fa30ee4c6,17.5,2026-06-27T13:00:00+00:00,17.5,72686
2026-06-27,da_nang,accepted,43d6346c-bf1a-41e0-a00a-2f8fa30ee4c6,19.4,2026-06-27T14:00:00+00:00,19.4,72687
2026-06-27,da_nang,accepted,43d6346c-bf1a-41e0-a00a-2f8fa30ee4c6,21.4,2026-06-27T15:00:00+00:00,21.4,72688
2026-06-27,da_nang,accepted,43d6346c-bf1a-41e0-a00a-2f8fa30ee4c6,23.5,2026-06-27T16:00:00+00:00,23.5,72689
2026-06-28,da_nang,accepted,43d6346c-bf1a-41e0-a00a-2f8fa30ee4c6,26.3,2026-06-27T17:00:00+00:00,26.3,72690
2026-06-28,da_nang,accepted,43d6346c-bf1a-41e0-a00a-2f8fa30ee4c6,28.8,2026-06-27T18:00:00+00:00,28.8,72691
2026-06-28,da_nang,accepted,43d6346c-bf1a-41e0-a00a-2f8fa30ee4c6,30.7,2026-06-27T19:00:00+00:00,30.7,72692
2026-06-28,da_nang,accepted,43d6346c-bf1a-41e0-a00a-2f8fa30ee4c6,32.6,2026-06-27T20:00:00+00:00,32.6,72693
2026-06-28,da_nang,accepted,43d6346c-bf1a-41e0-a00a-2f8fa30ee4c6,34.3,2026-06-27T21:00:00+00:00,34.3,72694
2026-06-28,da_nang,accepted,43d6346c-bf1a-41e0-a00a-2f8fa30ee4c6,36.7,2026-06-27T22:00:00+00:00,36.7,72695
2026-06-28,da_nang,accepted,43d6346c-bf1a-41e0-a00a-2f8fa30ee4c6,39.1,2026-06-27T23:00:00+00:00,39.1,72696
2026-06-28,da_nang,accepted,43d6346c-bf1a-41e0-a00a-2f8fa30ee4c6,31.7,2026-06-28T00:00:00+00:00,31.7,72697
2026-06-28,da_nang,accepted,43d6346c-bf1a-41e0-a00a-2f8fa30ee4c6,26.5,2026-06-28T01:00:00+00:00,26.5,72698
2026-06-28,da_nang,accepted,43d6346c-bf1a-41e0-a00a-2f8fa30ee4c6,24.2,2026-06-28T02:00:00+00:00,24.2,72699
2026-06-28,da_nang,accepted,43d6346c-bf1a-41e0-a00a-2f8fa30ee4c6,24.9,2026-06-28T03:00:00+00:00,24.9,72700
2026-06-28,da_nang,accepted,43d6346c-bf1a-41e0-a00a-2f8fa30ee4c6,27.8,2026-06-28T04:00:00+00:00,27.8,72701
2026-06-28,da_nang,accepted,43d6346c-bf1a-41e0-a00a-2f8fa30ee4c6,31.2,2026-06-28T05:00:00+00:00,31.2,72702
2026-06-28,da_nang,accepted,43d6346c-bf1a-41e0-a00a-2f8fa30ee4c6,31.7,2026-06-28T06:00:00+00:00,31.7,72703
2026-06-28,da_nang,accepted,43d6346c-bf1a-41e0-a00a-2f8fa30ee4c6,27.6,2026-06-28T07:00:00+00:00,27.6,72704
2026-06-28,da_nang,accepted,43d6346c-bf1a-41e0-a00a-2f8fa30ee4c6,21.5,2026-06-28T08:00:00+00:00,21.5,72705
2026-06-28,da_nang,accepted,43d6346c-bf1a-41e0-a00a-2f8fa30ee4c6,18.2,2026-06-28T09:00:00+00:00,18.2,72706
2026-06-28,da_nang,accepted,43d6346c-bf1a-41e0-a00a-2f8fa30ee4c6,16.9,2026-06-28T10:00:00+00:00,16.9,72707
2026-06-28,da_nang,accepted,43d6346c-bf1a-41e0-a00a-2f8fa30ee4c6,16.4,2026-06-28T11:00:00+00:00,16.4,72708
2026-06-28,da_nang,accepted,43d6346c-bf1a-41e0-a00a-2f8fa30ee4c6,17.2,2026-06-28T12:00:00+00:00,17.2,72709
2026-06-28,da_nang,accepted,43d6346c-bf1a-41e0-a00a-2f8fa30ee4c6,19.0,2026-06-28T13:00:00+00:00,19.0,72710
2026-06-28,da_nang,accepted,43d6346c-bf1a-41e0-a00a-2f8fa30ee4c6,20.4,2026-06-28T14:00:00+00:00,20.4,72711
2026-06-28,da_nang,accepted,43d6346c-bf1a-41e0-a00a-2f8fa30ee4c6,21.5,2026-06-28T15:00:00+00:00,21.5,72712
2026-06-28,da_nang,accepted,43d6346c-bf1a-41e0-a00a-2f8fa30ee4c6,21.9,2026-06-28T16:00:00+00:00,21.9,72713
2026-06-29,da_nang,accepted,43d6346c-bf1a-41e0-a00a-2f8fa30ee4c6,22.1,2026-06-28T17:00:00+00:00,22.1,72714
2026-06-29,da_nang,accepted,43d6346c-bf1a-41e0-a00a-2f8fa30ee4c6,22.8,2026-06-28T18:00:00+00:00,22.8,72715
2026-06-29,da_nang,accepted,43d6346c-bf1a-41e0-a00a-2f8fa30ee4c6,23.1,2026-06-28T19:00:00+00:00,23.1,72716
2026-06-29,da_nang,accepted,43d6346c-bf1a-41e0-a00a-2f8fa30ee4c6,24.4,2026-06-28T20:00:00+00:00,24.4,72717
2026-06-29,da_nang,accepted,43d6346c-bf1a-41e0-a00a-2f8fa30ee4c6,26.1,2026-06-28T21:00:00+00:00,26.1,72718
2026-06-29,da_nang,accepted,43d6346c-bf1a-41e0-a00a-2f8fa30ee4c6,27.2,2026-06-28T22:00:00+00:00,27.2,72719
2026-06-29,da_nang,accepted,43d6346c-bf1a-41e0-a00a-2f8fa30ee4c6,27.7,2026-06-28T23:00:00+00:00,27.7,72720
2026-06-29,da_nang,accepted,60de2ac4-634d-4cf3-bcd7-566d14abee46,26.3,2026-06-29T00:00:00+00:00,26.3,73729
2026-06-29,da_nang,accepted,60de2ac4-634d-4cf3-bcd7-566d14abee46,31.0,2026-06-29T01:00:00+00:00,31.0,73730
2026-06-29,da_nang,accepted,60de2ac4-634d-4cf3-bcd7-566d14abee46,23.9,2026-06-29T02:00:00+00:00,23.9,73731
2026-06-29,da_nang,accepted,60de2ac4-634d-4cf3-bcd7-566d14abee46,22.9,2026-06-29T03:00:00+00:00,22.9,73732
2026-06-29,da_nang,accepted,60de2ac4-634d-4cf3-bcd7-566d14abee46,24.5,2026-06-29T04:00:00+00:00,24.5,73733
2026-06-29,da_nang,accepted,60de2ac4-634d-4cf3-bcd7-566d14abee46,27.8,2026-06-29T05:00:00+00:00,27.8,73734
2026-06-29,da_nang,accepted,60de2ac4-634d-4cf3-bcd7-566d14abee46,28.1,2026-06-29T06:00:00+00:00,28.1,73735
2026-06-29,da_nang,accepted,60de2ac4-634d-4cf3-bcd7-566d14abee46,23.7,2026-06-29T07:00:00+00:00,23.7,73736
2026-06-29,da_nang,accepted,60de2ac4-634d-4cf3-bcd7-566d14abee46,18.6,2026-06-29T08:00:00+00:00,18.6,73737
2026-06-29,da_nang,accepted,60de2ac4-634d-4cf3-bcd7-566d14abee46,15.9,2026-06-29T09:00:00+00:00,15.9,73738
2026-06-29,da_nang,accepted,60de2ac4-634d-4cf3-bcd7-566d14abee46,14.5,2026-06-29T10:00:00+00:00,14.5,73739
2026-06-29,da_nang,accepted,60de2ac4-634d-4cf3-bcd7-566d14abee46,13.9,2026-06-29T11:00:00+00:00,13.9,73740
2026-06-29,da_nang,accepted,60de2ac4-634d-4cf3-bcd7-566d14abee46,26.2,2026-06-29T12:00:00+00:00,26.2,73741
2026-06-29,da_nang,accepted,60de2ac4-634d-4cf3-bcd7-566d14abee46,26.6,2026-06-29T13:00:00+00:00,26.6,73742
2026-06-29,da_nang,accepted,60de2ac4-634d-4cf3-bcd7-566d14abee46,26.2,2026-06-29T14:00:00+00:00,26.2,73743
2026-06-29,da_nang,accepted,60de2ac4-634d-4cf3-bcd7-566d14abee46,25.2,2026-06-29T15:00:00+00:00,25.2,73744
2026-06-29,da_nang,accepted,60de2ac4-634d-4cf3-bcd7-566d14abee46,23.9,2026-06-29T16:00:00+00:00,23.9,73745
2026-06-30,da_nang,accepted,60de2ac4-634d-4cf3-bcd7-566d14abee46,23.6,2026-06-29T17:00:00+00:00,23.6,73746
2026-06-30,da_nang,accepted,60de2ac4-634d-4cf3-bcd7-566d14abee46,23.8,2026-06-29T18:00:00+00:00,23.8,73747
2026-06-30,da_nang,accepted,60de2ac4-634d-4cf3-bcd7-566d14abee46,24.0,2026-06-29T19:00:00+00:00,24.0,73748
2026-06-30,da_nang,accepted,60de2ac4-634d-4cf3-bcd7-566d14abee46,24.2,2026-06-29T20:00:00+00:00,24.2,73749
2026-06-30,da_nang,accepted,60de2ac4-634d-4cf3-bcd7-566d14abee46,24.7,2026-06-29T21:00:00+00:00,24.7,73750
2026-06-30,da_nang,accepted,60de2ac4-634d-4cf3-bcd7-566d14abee46,25.1,2026-06-29T22:00:00+00:00,25.1,73751
2026-06-30,da_nang,accepted,60de2ac4-634d-4cf3-bcd7-566d14abee46,26.0,2026-06-29T23:00:00+00:00,26.0,73752
2026-06-30,da_nang,accepted,60de2ac4-634d-4cf3-bcd7-566d14abee46,19.2,2026-06-30T00:00:00+00:00,19.2,73753
2026-06-30,da_nang,accepted,60de2ac4-634d-4cf3-bcd7-566d14abee46,22.1,2026-06-30T01:00:00+00:00,22.1,73754
2026-06-30,da_nang,accepted,60de2ac4-634d-4cf3-bcd7-566d14abee46,23.3,2026-06-30T02:00:00+00:00,23.3,73755
2026-06-30,da_nang,accepted,60de2ac4-634d-4cf3-bcd7-566d14abee46,24.6,2026-06-30T03:00:00+00:00,24.6,73756
2026-06-30,da_nang,accepted,60de2ac4-634d-4cf3-bcd7-566d14abee46,27.0,2026-06-30T04:00:00+00:00,27.0,73757
2026-06-30,da_nang,accepted,60de2ac4-634d-4cf3-bcd7-566d14abee46,30.3,2026-06-30T05:00:00+00:00,30.3,73758
2026-06-30,da_nang,accepted,60de2ac4-634d-4cf3-bcd7-566d14abee46,31.8,2026-06-30T06:00:00+00:00,31.8,73759
2026-06-30,da_nang,accepted,60de2ac4-634d-4cf3-bcd7-566d14abee46,30.4,2026-06-30T07:00:00+00:00,30.4,73760
2026-06-30,da_nang,accepted,60de2ac4-634d-4cf3-bcd7-566d14abee46,26.7,2026-06-30T08:00:00+00:00,26.7,73761
2026-06-30,da_nang,accepted,60de2ac4-634d-4cf3-bcd7-566d14abee46,23.6,2026-06-30T09:00:00+00:00,23.6,73762
2026-06-30,da_nang,accepted,60de2ac4-634d-4cf3-bcd7-566d14abee46,19.8,2026-06-30T10:00:00+00:00,19.8,73763
2026-06-30,da_nang,accepted,60de2ac4-634d-4cf3-bcd7-566d14abee46,17.5,2026-06-30T11:00:00+00:00,17.5,73764
2026-06-30,da_nang,accepted,60de2ac4-634d-4cf3-bcd7-566d14abee46,11.2,2026-06-30T12:00:00+00:00,11.2,73765
2026-06-30,da_nang,accepted,60de2ac4-634d-4cf3-bcd7-566d14abee46,11.0,2026-06-30T13:00:00+00:00,11.0,73766
2026-06-30,da_nang,accepted,60de2ac4-634d-4cf3-bcd7-566d14abee46,12.7,2026-06-30T14:00:00+00:00,12.7,73767
2026-06-30,da_nang,accepted,60de2ac4-634d-4cf3-bcd7-566d14abee46,13.8,2026-06-30T15:00:00+00:00,13.8,73768
2026-06-30,da_nang,accepted,60de2ac4-634d-4cf3-bcd7-566d14abee46,15.1,2026-06-30T16:00:00+00:00,15.1,73769
2026-07-01,da_nang,accepted,60de2ac4-634d-4cf3-bcd7-566d14abee46,16.8,2026-06-30T17:00:00+00:00,16.8,73770
2026-07-01,da_nang,accepted,60de2ac4-634d-4cf3-bcd7-566d14abee46,17.7,2026-06-30T18:00:00+00:00,17.7,73771
2026-07-01,da_nang,accepted,60de2ac4-634d-4cf3-bcd7-566d14abee46,18.6,2026-06-30T19:00:00+00:00,18.6,73772
2026-07-01,da_nang,accepted,60de2ac4-634d-4cf3-bcd7-566d14abee46,19.4,2026-06-30T20:00:00+00:00,19.4,73773
2026-07-01,da_nang,accepted,60de2ac4-634d-4cf3-bcd7-566d14abee46,20.4,2026-06-30T21:00:00+00:00,20.4,73774
2026-07-01,da_nang,accepted,60de2ac4-634d-4cf3-bcd7-566d14abee46,21.8,2026-06-30T22:00:00+00:00,21.8,73775
2026-07-01,da_nang,accepted,60de2ac4-634d-4cf3-bcd7-566d14abee46,23.6,2026-06-30T23:00:00+00:00,23.6,73776
2026-07-01,da_nang,accepted,60de2ac4-634d-4cf3-bcd7-566d14abee46,8.8,2026-07-01T00:00:00+00:00,8.8,73777
2026-07-01,da_nang,accepted,60de2ac4-634d-4cf3-bcd7-566d14abee46,11.9,2026-07-01T01:00:00+00:00,11.9,73778
2026-07-01,da_nang,accepted,60de2ac4-634d-4cf3-bcd7-566d14abee46,14.2,2026-07-01T02:00:00+00:00,14.2,73779
2026-07-01,da_nang,accepted,60de2ac4-634d-4cf3-bcd7-566d14abee46,16.9,2026-07-01T03:00:00+00:00,16.9,73780
2026-07-01,da_nang,accepted,60de2ac4-634d-4cf3-bcd7-566d14abee46,21.1,2026-07-01T04:00:00+00:00,21.1,73781
2026-07-01,da_nang,accepted,60de2ac4-634d-4cf3-bcd7-566d14abee46,24.9,2026-07-01T05:00:00+00:00,24.9,73782
2026-07-01,da_nang,accepted,60de2ac4-634d-4cf3-bcd7-566d14abee46,25.3,2026-07-01T06:00:00+00:00,25.3,73783
2026-07-01,da_nang,accepted,60de2ac4-634d-4cf3-bcd7-566d14abee46,20.7,2026-07-01T07:00:00+00:00,20.7,73784
2026-07-01,da_nang,accepted,60de2ac4-634d-4cf3-bcd7-566d14abee46,15.4,2026-07-01T08:00:00+00:00,15.4,73785
2026-07-01,da_nang,accepted,60de2ac4-634d-4cf3-bcd7-566d14abee46,10.8,2026-07-01T09:00:00+00:00,10.8,73786
2026-07-01,da_nang,accepted,60de2ac4-634d-4cf3-bcd7-566d14abee46,10.5,2026-07-01T10:00:00+00:00,10.5,73787
2026-07-01,da_nang,accepted,60de2ac4-634d-4cf3-bcd7-566d14abee46,11.4,2026-07-01T11:00:00+00:00,11.4,73788
2026-07-01,da_nang,accepted,60de2ac4-634d-4cf3-bcd7-566d14abee46,9.4,2026-07-01T12:00:00+00:00,9.4,73789
2026-07-01,da_nang,accepted,60de2ac4-634d-4cf3-bcd7-566d14abee46,9.5,2026-07-01T13:00:00+00:00,9.5,73790
2026-07-01,da_nang,accepted,60de2ac4-634d-4cf3-bcd7-566d14abee46,10.7,2026-07-01T14:00:00+00:00,10.7,73791
2026-07-01,da_nang,accepted,60de2ac4-634d-4cf3-bcd7-566d14abee46,13.0,2026-07-01T15:00:00+00:00,13.0,73792
2026-07-01,da_nang,accepted,60de2ac4-634d-4cf3-bcd7-566d14abee46,15.3,2026-07-01T16:00:00+00:00,15.3,73793
2026-07-02,da_nang,accepted,60de2ac4-634d-4cf3-bcd7-566d14abee46,17.6,2026-07-01T17:00:00+00:00,17.6,73794
2026-07-02,da_nang,accepted,60de2ac4-634d-4cf3-bcd7-566d14abee46,18.7,2026-07-01T18:00:00+00:00,18.7,73795
2026-07-02,da_nang,accepted,60de2ac4-634d-4cf3-bcd7-566d14abee46,19.8,2026-07-01T19:00:00+00:00,19.8,73796
2026-07-02,da_nang,accepted,60de2ac4-634d-4cf3-bcd7-566d14abee46,21.3,2026-07-01T20:00:00+00:00,21.3,73797
2026-07-02,da_nang,accepted,60de2ac4-634d-4cf3-bcd7-566d14abee46,22.0,2026-07-01T21:00:00+00:00,22.0,73798
2026-07-02,da_nang,accepted,60de2ac4-634d-4cf3-bcd7-566d14abee46,22.2,2026-07-01T22:00:00+00:00,22.2,73799
2026-07-02,da_nang,accepted,60de2ac4-634d-4cf3-bcd7-566d14abee46,21.8,2026-07-01T23:00:00+00:00,21.8,73800
2026-07-02,da_nang,accepted,60de2ac4-634d-4cf3-bcd7-566d14abee46,25.2,2026-07-02T00:00:00+00:00,25.2,73801
2026-07-02,da_nang,accepted,60de2ac4-634d-4cf3-bcd7-566d14abee46,18.4,2026-07-02T01:00:00+00:00,18.4,73802
2026-07-02,da_nang,accepted,60de2ac4-634d-4cf3-bcd7-566d14abee46,18.7,2026-07-02T02:00:00+00:00,18.7,73803
2026-07-02,da_nang,accepted,60de2ac4-634d-4cf3-bcd7-566d14abee46,18.2,2026-07-02T03:00:00+00:00,18.2,73804
2026-07-02,da_nang,accepted,60de2ac4-634d-4cf3-bcd7-566d14abee46,17.5,2026-07-02T04:00:00+00:00,17.5,73805
2026-07-02,da_nang,accepted,60de2ac4-634d-4cf3-bcd7-566d14abee46,16.4,2026-07-02T05:00:00+00:00,16.4,73806
2026-07-02,da_nang,accepted,60de2ac4-634d-4cf3-bcd7-566d14abee46,15.5,2026-07-02T06:00:00+00:00,15.5,73807
2026-07-02,da_nang,accepted,60de2ac4-634d-4cf3-bcd7-566d14abee46,15.1,2026-07-02T07:00:00+00:00,15.1,73808
2026-07-02,da_nang,accepted,60de2ac4-634d-4cf3-bcd7-566d14abee46,14.8,2026-07-02T08:00:00+00:00,14.8,73809
2026-07-02,da_nang,accepted,60de2ac4-634d-4cf3-bcd7-566d14abee46,14.1,2026-07-02T09:00:00+00:00,14.1,73810
2026-07-02,da_nang,accepted,60de2ac4-634d-4cf3-bcd7-566d14abee46,12.5,2026-07-02T10:00:00+00:00,12.5,73811
2026-07-02,da_nang,accepted,60de2ac4-634d-4cf3-bcd7-566d14abee46,12.0,2026-07-02T11:00:00+00:00,12.0,73812
2026-07-02,da_nang,accepted,60de2ac4-634d-4cf3-bcd7-566d14abee46,13.7,2026-07-02T12:00:00+00:00,13.7,73813
2026-07-02,da_nang,accepted,60de2ac4-634d-4cf3-bcd7-566d14abee46,16.5,2026-07-02T13:00:00+00:00,16.5,73814
2026-07-02,da_nang,accepted,60de2ac4-634d-4cf3-bcd7-566d14abee46,18.6,2026-07-02T14:00:00+00:00,18.6,73815
2026-07-02,da_nang,accepted,60de2ac4-634d-4cf3-bcd7-566d14abee46,18.0,2026-07-02T15:00:00+00:00,18.0,73816
2026-07-02,da_nang,accepted,60de2ac4-634d-4cf3-bcd7-566d14abee46,18.5,2026-07-02T16:00:00+00:00,18.5,73817
2026-07-03,da_nang,accepted,60de2ac4-634d-4cf3-bcd7-566d14abee46,19.0,2026-07-02T17:00:00+00:00,19.0,73818
2026-07-03,da_nang,accepted,60de2ac4-634d-4cf3-bcd7-566d14abee46,19.9,2026-07-02T18:00:00+00:00,19.9,73819
2026-07-03,da_nang,accepted,60de2ac4-634d-4cf3-bcd7-566d14abee46,20.6,2026-07-02T19:00:00+00:00,20.6,73820
2026-07-03,da_nang,accepted,60de2ac4-634d-4cf3-bcd7-566d14abee46,20.0,2026-07-02T20:00:00+00:00,20.0,73821
2026-07-03,da_nang,accepted,60de2ac4-634d-4cf3-bcd7-566d14abee46,18.7,2026-07-02T21:00:00+00:00,18.7,73822
2026-07-03,da_nang,accepted,60de2ac4-634d-4cf3-bcd7-566d14abee46,14.1,2026-07-02T22:00:00+00:00,14.1,73823
2026-07-03,da_nang,accepted,60de2ac4-634d-4cf3-bcd7-566d14abee46,9.9,2026-07-02T23:00:00+00:00,9.9,73824
2026-07-03,da_nang,accepted,60de2ac4-634d-4cf3-bcd7-566d14abee46,11.6,2026-07-03T00:00:00+00:00,11.6,73825
2026-07-03,da_nang,accepted,60de2ac4-634d-4cf3-bcd7-566d14abee46,8.3,2026-07-03T01:00:00+00:00,8.3,73826
2026-07-03,da_nang,accepted,60de2ac4-634d-4cf3-bcd7-566d14abee46,8.8,2026-07-03T02:00:00+00:00,8.8,73827
2026-07-03,da_nang,accepted,60de2ac4-634d-4cf3-bcd7-566d14abee46,10.3,2026-07-03T03:00:00+00:00,10.3,73828
2026-07-03,da_nang,accepted,60de2ac4-634d-4cf3-bcd7-566d14abee46,10.7,2026-07-03T04:00:00+00:00,10.7,73829
2026-07-03,da_nang,accepted,60de2ac4-634d-4cf3-bcd7-566d14abee46,10.3,2026-07-03T05:00:00+00:00,10.3,73830
2026-07-03,da_nang,accepted,60de2ac4-634d-4cf3-bcd7-566d14abee46,10.0,2026-07-03T06:00:00+00:00,10.0,73831
2026-07-03,da_nang,accepted,60de2ac4-634d-4cf3-bcd7-566d14abee46,10.3,2026-07-03T07:00:00+00:00,10.3,73832
2026-07-03,da_nang,accepted,60de2ac4-634d-4cf3-bcd7-566d14abee46,11.8,2026-07-03T08:00:00+00:00,11.8,73833
2026-07-03,da_nang,accepted,60de2ac4-634d-4cf3-bcd7-566d14abee46,13.4,2026-07-03T09:00:00+00:00,13.4,73834
2026-07-03,da_nang,accepted,60de2ac4-634d-4cf3-bcd7-566d14abee46,15.0,2026-07-03T10:00:00+00:00,15.0,73835
2026-07-03,da_nang,accepted,60de2ac4-634d-4cf3-bcd7-566d14abee46,16.6,2026-07-03T11:00:00+00:00,16.6,73836
2026-07-03,da_nang,accepted,60de2ac4-634d-4cf3-bcd7-566d14abee46,22.5,2026-07-03T12:00:00+00:00,22.5,73837
2026-07-03,da_nang,accepted,60de2ac4-634d-4cf3-bcd7-566d14abee46,23.1,2026-07-03T13:00:00+00:00,23.1,73838
2026-07-03,da_nang,accepted,60de2ac4-634d-4cf3-bcd7-566d14abee46,23.3,2026-07-03T14:00:00+00:00,23.3,73839
2026-07-03,da_nang,accepted,60de2ac4-634d-4cf3-bcd7-566d14abee46,21.7,2026-07-03T15:00:00+00:00,21.7,73840
2026-07-03,da_nang,accepted,60de2ac4-634d-4cf3-bcd7-566d14abee46,20.7,2026-07-03T16:00:00+00:00,20.7,73841
2026-07-04,da_nang,accepted,60de2ac4-634d-4cf3-bcd7-566d14abee46,19.7,2026-07-03T17:00:00+00:00,19.7,73842
2026-07-04,da_nang,accepted,60de2ac4-634d-4cf3-bcd7-566d14abee46,18.0,2026-07-03T18:00:00+00:00,18.0,73843
2026-07-04,da_nang,accepted,60de2ac4-634d-4cf3-bcd7-566d14abee46,17.1,2026-07-03T19:00:00+00:00,17.1,73844
2026-07-04,da_nang,accepted,60de2ac4-634d-4cf3-bcd7-566d14abee46,16.5,2026-07-03T20:00:00+00:00,16.5,73845
2026-07-04,da_nang,accepted,60de2ac4-634d-4cf3-bcd7-566d14abee46,15.2,2026-07-03T21:00:00+00:00,15.2,73846
2026-07-04,da_nang,accepted,60de2ac4-634d-4cf3-bcd7-566d14abee46,13.7,2026-07-03T22:00:00+00:00,13.7,73847
2026-07-04,da_nang,accepted,60de2ac4-634d-4cf3-bcd7-566d14abee46,13.2,2026-07-03T23:00:00+00:00,13.2,73848
2026-07-04,da_nang,accepted,60de2ac4-634d-4cf3-bcd7-566d14abee46,12.2,2026-07-04T00:00:00+00:00,12.2,73849
2026-07-04,da_nang,accepted,60de2ac4-634d-4cf3-bcd7-566d14abee46,12.2,2026-07-04T01:00:00+00:00,12.2,73850
2026-07-04,da_nang,accepted,60de2ac4-634d-4cf3-bcd7-566d14abee46,12.5,2026-07-04T02:00:00+00:00,12.5,73851
2026-07-04,da_nang,accepted,60de2ac4-634d-4cf3-bcd7-566d14abee46,12.8,2026-07-04T03:00:00+00:00,12.8,73852
2026-07-04,da_nang,accepted,60de2ac4-634d-4cf3-bcd7-566d14abee46,13.7,2026-07-04T04:00:00+00:00,13.7,73853
2026-07-04,da_nang,accepted,60de2ac4-634d-4cf3-bcd7-566d14abee46,14.6,2026-07-04T05:00:00+00:00,14.6,73854
2026-07-04,da_nang,accepted,60de2ac4-634d-4cf3-bcd7-566d14abee46,14.8,2026-07-04T06:00:00+00:00,14.8,73855
2026-07-04,da_nang,accepted,60de2ac4-634d-4cf3-bcd7-566d14abee46,13.4,2026-07-04T07:00:00+00:00,13.4,73856
2026-07-04,da_nang,accepted,60de2ac4-634d-4cf3-bcd7-566d14abee46,11.5,2026-07-04T08:00:00+00:00,11.5,73857
2026-07-04,da_nang,accepted,60de2ac4-634d-4cf3-bcd7-566d14abee46,10.8,2026-07-04T09:00:00+00:00,10.8,73858
2026-07-04,da_nang,accepted,60de2ac4-634d-4cf3-bcd7-566d14abee46,11.4,2026-07-04T10:00:00+00:00,11.4,73859
2026-07-04,da_nang,accepted,60de2ac4-634d-4cf3-bcd7-566d14abee46,12.8,2026-07-04T11:00:00+00:00,12.8,73860
2026-07-04,da_nang,accepted,60de2ac4-634d-4cf3-bcd7-566d14abee46,14.9,2026-07-04T12:00:00+00:00,14.9,73861
2026-07-04,da_nang,accepted,60de2ac4-634d-4cf3-bcd7-566d14abee46,15.5,2026-07-04T13:00:00+00:00,15.5,73862
2026-07-04,da_nang,accepted,60de2ac4-634d-4cf3-bcd7-566d14abee46,16.1,2026-07-04T14:00:00+00:00,16.1,73863
2026-07-04,da_nang,accepted,60de2ac4-634d-4cf3-bcd7-566d14abee46,15.7,2026-07-04T15:00:00+00:00,15.7,73864
2026-07-04,da_nang,accepted,60de2ac4-634d-4cf3-bcd7-566d14abee46,14.0,2026-07-04T16:00:00+00:00,14.0,73865
2026-07-05,da_nang,accepted,60de2ac4-634d-4cf3-bcd7-566d14abee46,12.4,2026-07-04T17:00:00+00:00,12.4,73866
2026-07-05,da_nang,accepted,60de2ac4-634d-4cf3-bcd7-566d14abee46,10.8,2026-07-04T18:00:00+00:00,10.8,73867
2026-07-05,da_nang,accepted,60de2ac4-634d-4cf3-bcd7-566d14abee46,8.5,2026-07-04T19:00:00+00:00,8.5,73868
2026-07-05,da_nang,accepted,60de2ac4-634d-4cf3-bcd7-566d14abee46,6.8,2026-07-04T20:00:00+00:00,6.8,73869
2026-07-05,da_nang,accepted,60de2ac4-634d-4cf3-bcd7-566d14abee46,6.5,2026-07-04T21:00:00+00:00,6.5,73870
2026-07-05,da_nang,accepted,60de2ac4-634d-4cf3-bcd7-566d14abee46,6.8,2026-07-04T22:00:00+00:00,6.8,73871
2026-07-05,da_nang,accepted,60de2ac4-634d-4cf3-bcd7-566d14abee46,7.7,2026-07-04T23:00:00+00:00,7.7,73872
2026-07-05,da_nang,accepted,60de2ac4-634d-4cf3-bcd7-566d14abee46,5.6,2026-07-05T00:00:00+00:00,5.6,73873
2026-07-05,da_nang,accepted,60de2ac4-634d-4cf3-bcd7-566d14abee46,6.3,2026-07-05T01:00:00+00:00,6.3,73874
2026-07-05,da_nang,accepted,60de2ac4-634d-4cf3-bcd7-566d14abee46,7.3,2026-07-05T02:00:00+00:00,7.3,73875
2026-07-05,da_nang,accepted,60de2ac4-634d-4cf3-bcd7-566d14abee46,8.9,2026-07-05T03:00:00+00:00,8.9,73876
2026-07-05,da_nang,accepted,60de2ac4-634d-4cf3-bcd7-566d14abee46,10.4,2026-07-05T04:00:00+00:00,10.4,73877
2026-07-05,da_nang,accepted,60de2ac4-634d-4cf3-bcd7-566d14abee46,11.6,2026-07-05T05:00:00+00:00,11.6,73878
2026-07-05,da_nang,accepted,60de2ac4-634d-4cf3-bcd7-566d14abee46,12.7,2026-07-05T06:00:00+00:00,12.7,73879
2026-07-05,da_nang,accepted,60de2ac4-634d-4cf3-bcd7-566d14abee46,12.6,2026-07-05T07:00:00+00:00,12.6,73880
2026-07-05,da_nang,accepted,60de2ac4-634d-4cf3-bcd7-566d14abee46,12.8,2026-07-05T08:00:00+00:00,12.8,73881
2026-07-05,da_nang,accepted,60de2ac4-634d-4cf3-bcd7-566d14abee46,12.9,2026-07-05T09:00:00+00:00,12.9,73882
2026-07-05,da_nang,accepted,60de2ac4-634d-4cf3-bcd7-566d14abee46,12.5,2026-07-05T10:00:00+00:00,12.5,73883
2026-07-05,da_nang,accepted,60de2ac4-634d-4cf3-bcd7-566d14abee46,12.4,2026-07-05T11:00:00+00:00,12.4,73884
2026-07-05,da_nang,accepted,60de2ac4-634d-4cf3-bcd7-566d14abee46,12.9,2026-07-05T12:00:00+00:00,12.9,73885
2026-07-05,da_nang,accepted,60de2ac4-634d-4cf3-bcd7-566d14abee46,12.8,2026-07-05T13:00:00+00:00,12.8,73886
2026-07-05,da_nang,accepted,60de2ac4-634d-4cf3-bcd7-566d14abee46,13.0,2026-07-05T14:00:00+00:00,13.0,73887
2026-07-05,da_nang,accepted,60de2ac4-634d-4cf3-bcd7-566d14abee46,13.7,2026-07-05T15:00:00+00:00,13.7,73888
2026-07-05,da_nang,accepted,60de2ac4-634d-4cf3-bcd7-566d14abee46,14.4,2026-07-05T16:00:00+00:00,14.4,73889
2026-07-06,da_nang,accepted,60de2ac4-634d-4cf3-bcd7-566d14abee46,15.4,2026-07-05T17:00:00+00:00,15.4,73890
2026-07-06,da_nang,accepted,60de2ac4-634d-4cf3-bcd7-566d14abee46,16.9,2026-07-05T18:00:00+00:00,16.9,73891
2026-07-06,da_nang,accepted,60de2ac4-634d-4cf3-bcd7-566d14abee46,17.5,2026-07-05T19:00:00+00:00,17.5,73892
2026-07-06,da_nang,accepted,60de2ac4-634d-4cf3-bcd7-566d14abee46,18.0,2026-07-05T20:00:00+00:00,18.0,73893
2026-07-06,da_nang,accepted,60de2ac4-634d-4cf3-bcd7-566d14abee46,17.5,2026-07-05T21:00:00+00:00,17.5,73894
2026-07-06,da_nang,accepted,60de2ac4-634d-4cf3-bcd7-566d14abee46,16.7,2026-07-05T22:00:00+00:00,16.7,73895
2026-07-06,da_nang,accepted,60de2ac4-634d-4cf3-bcd7-566d14abee46,16.1,2026-07-05T23:00:00+00:00,16.1,73896
2026-07-06,da_nang,accepted,3ae8f395-fe0e-4b72-9417-f349d1e9326f,14.1,2026-07-06T00:00:00+00:00,14.1,74905
2026-07-06,da_nang,accepted,3ae8f395-fe0e-4b72-9417-f349d1e9326f,16.2,2026-07-06T01:00:00+00:00,16.2,74906
2026-07-06,da_nang,accepted,3ae8f395-fe0e-4b72-9417-f349d1e9326f,13.9,2026-07-06T02:00:00+00:00,13.9,74907
2026-07-06,da_nang,accepted,3ae8f395-fe0e-4b72-9417-f349d1e9326f,15.3,2026-07-06T03:00:00+00:00,15.3,74908
2026-07-06,da_nang,accepted,3ae8f395-fe0e-4b72-9417-f349d1e9326f,15.6,2026-07-06T04:00:00+00:00,15.6,74909
2026-07-06,da_nang,accepted,3ae8f395-fe0e-4b72-9417-f349d1e9326f,15.1,2026-07-06T05:00:00+00:00,15.1,74910
2026-07-06,da_nang,accepted,3ae8f395-fe0e-4b72-9417-f349d1e9326f,16.6,2026-07-06T06:00:00+00:00,16.6,74911
2026-07-06,da_nang,accepted,3ae8f395-fe0e-4b72-9417-f349d1e9326f,18.2,2026-07-06T07:00:00+00:00,18.2,74912
2026-07-06,da_nang,accepted,3ae8f395-fe0e-4b72-9417-f349d1e9326f,18.5,2026-07-06T08:00:00+00:00,18.5,74913
2026-07-06,da_nang,accepted,3ae8f395-fe0e-4b72-9417-f349d1e9326f,18.0,2026-07-06T09:00:00+00:00,18.0,74914
2026-07-06,da_nang,accepted,3ae8f395-fe0e-4b72-9417-f349d1e9326f,17.1,2026-07-06T10:00:00+00:00,17.1,74915
2026-07-06,da_nang,accepted,3ae8f395-fe0e-4b72-9417-f349d1e9326f,16.9,2026-07-06T11:00:00+00:00,16.9,74916
2026-07-06,da_nang,accepted,3ae8f395-fe0e-4b72-9417-f349d1e9326f,7.8,2026-07-06T12:00:00+00:00,7.8,74917
2026-07-06,da_nang,accepted,3ae8f395-fe0e-4b72-9417-f349d1e9326f,6.8,2026-07-06T13:00:00+00:00,6.8,74918
2026-07-06,da_nang,accepted,3ae8f395-fe0e-4b72-9417-f349d1e9326f,6.6,2026-07-06T14:00:00+00:00,6.6,74919
2026-07-06,da_nang,accepted,3ae8f395-fe0e-4b72-9417-f349d1e9326f,6.6,2026-07-06T15:00:00+00:00,6.6,74920
2026-07-06,da_nang,accepted,3ae8f395-fe0e-4b72-9417-f349d1e9326f,7.0,2026-07-06T16:00:00+00:00,7.0,74921
2026-07-07,da_nang,accepted,3ae8f395-fe0e-4b72-9417-f349d1e9326f,7.6,2026-07-06T17:00:00+00:00,7.6,74922
2026-07-07,da_nang,accepted,3ae8f395-fe0e-4b72-9417-f349d1e9326f,8.5,2026-07-06T18:00:00+00:00,8.5,74923
2026-07-07,da_nang,accepted,3ae8f395-fe0e-4b72-9417-f349d1e9326f,9.1,2026-07-06T19:00:00+00:00,9.1,74924
2026-07-07,da_nang,accepted,3ae8f395-fe0e-4b72-9417-f349d1e9326f,9.2,2026-07-06T20:00:00+00:00,9.2,74925
2026-07-07,da_nang,accepted,3ae8f395-fe0e-4b72-9417-f349d1e9326f,9.1,2026-07-06T21:00:00+00:00,9.1,74926
2026-07-07,da_nang,accepted,3ae8f395-fe0e-4b72-9417-f349d1e9326f,9.3,2026-07-06T22:00:00+00:00,9.3,74927
2026-07-07,da_nang,accepted,3ae8f395-fe0e-4b72-9417-f349d1e9326f,10.2,2026-07-06T23:00:00+00:00,10.2,74928
2026-07-07,da_nang,accepted,3ae8f395-fe0e-4b72-9417-f349d1e9326f,6.2,2026-07-07T00:00:00+00:00,6.2,74929
2026-07-07,da_nang,accepted,3ae8f395-fe0e-4b72-9417-f349d1e9326f,7.0,2026-07-07T01:00:00+00:00,7.0,74930
2026-07-07,da_nang,accepted,3ae8f395-fe0e-4b72-9417-f349d1e9326f,7.2,2026-07-07T02:00:00+00:00,7.2,74931
2026-07-07,da_nang,accepted,3ae8f395-fe0e-4b72-9417-f349d1e9326f,7.8,2026-07-07T03:00:00+00:00,7.8,74932
2026-07-07,da_nang,accepted,3ae8f395-fe0e-4b72-9417-f349d1e9326f,9.1,2026-07-07T04:00:00+00:00,9.1,74933
2026-07-07,da_nang,accepted,3ae8f395-fe0e-4b72-9417-f349d1e9326f,10.3,2026-07-07T05:00:00+00:00,10.3,74934
2026-07-07,da_nang,accepted,3ae8f395-fe0e-4b72-9417-f349d1e9326f,11.8,2026-07-07T06:00:00+00:00,11.8,74935
2026-07-07,da_nang,accepted,3ae8f395-fe0e-4b72-9417-f349d1e9326f,13.4,2026-07-07T07:00:00+00:00,13.4,74936
2026-07-07,da_nang,accepted,3ae8f395-fe0e-4b72-9417-f349d1e9326f,14.5,2026-07-07T08:00:00+00:00,14.5,74937
2026-07-07,da_nang,accepted,3ae8f395-fe0e-4b72-9417-f349d1e9326f,15.5,2026-07-07T09:00:00+00:00,15.5,74938
2026-07-07,da_nang,accepted,3ae8f395-fe0e-4b72-9417-f349d1e9326f,16.5,2026-07-07T10:00:00+00:00,16.5,74939
2026-07-07,da_nang,accepted,3ae8f395-fe0e-4b72-9417-f349d1e9326f,16.3,2026-07-07T11:00:00+00:00,16.3,74940
2026-07-07,da_nang,accepted,3ae8f395-fe0e-4b72-9417-f349d1e9326f,10.2,2026-07-07T12:00:00+00:00,10.2,74941
2026-07-07,da_nang,accepted,3ae8f395-fe0e-4b72-9417-f349d1e9326f,8.6,2026-07-07T13:00:00+00:00,8.6,74942
2026-07-07,da_nang,accepted,3ae8f395-fe0e-4b72-9417-f349d1e9326f,7.8,2026-07-07T14:00:00+00:00,7.8,74943
2026-07-07,da_nang,accepted,3ae8f395-fe0e-4b72-9417-f349d1e9326f,7.6,2026-07-07T15:00:00+00:00,7.6,74944
2026-07-07,da_nang,accepted,3ae8f395-fe0e-4b72-9417-f349d1e9326f,6.9,2026-07-07T16:00:00+00:00,6.9,74945
2026-07-08,da_nang,accepted,3ae8f395-fe0e-4b72-9417-f349d1e9326f,6.6,2026-07-07T17:00:00+00:00,6.6,74946
2026-07-08,da_nang,accepted,3ae8f395-fe0e-4b72-9417-f349d1e9326f,6.6,2026-07-07T18:00:00+00:00,6.6,74947
2026-07-08,da_nang,accepted,3ae8f395-fe0e-4b72-9417-f349d1e9326f,6.5,2026-07-07T19:00:00+00:00,6.5,74948
2026-07-08,da_nang,accepted,3ae8f395-fe0e-4b72-9417-f349d1e9326f,6.5,2026-07-07T20:00:00+00:00,6.5,74949
2026-07-08,da_nang,accepted,3ae8f395-fe0e-4b72-9417-f349d1e9326f,6.6,2026-07-07T21:00:00+00:00,6.6,74950
2026-07-08,da_nang,accepted,3ae8f395-fe0e-4b72-9417-f349d1e9326f,7.4,2026-07-07T22:00:00+00:00,7.4,74951
2026-07-08,da_nang,accepted,3ae8f395-fe0e-4b72-9417-f349d1e9326f,7.2,2026-07-07T23:00:00+00:00,7.2,74952
2026-07-08,da_nang,accepted,3ae8f395-fe0e-4b72-9417-f349d1e9326f,10.4,2026-07-08T00:00:00+00:00,10.4,74953
2026-07-08,da_nang,accepted,3ae8f395-fe0e-4b72-9417-f349d1e9326f,10.7,2026-07-08T01:00:00+00:00,10.7,74954
2026-07-08,da_nang,accepted,3ae8f395-fe0e-4b72-9417-f349d1e9326f,11.4,2026-07-08T02:00:00+00:00,11.4,74955
2026-07-08,da_nang,accepted,3ae8f395-fe0e-4b72-9417-f349d1e9326f,13.0,2026-07-08T03:00:00+00:00,13.0,74956
2026-07-08,da_nang,accepted,3ae8f395-fe0e-4b72-9417-f349d1e9326f,16.8,2026-07-08T04:00:00+00:00,16.8,74957
2026-07-08,da_nang,accepted,3ae8f395-fe0e-4b72-9417-f349d1e9326f,20.1,2026-07-08T05:00:00+00:00,20.1,74958
2026-07-08,da_nang,accepted,3ae8f395-fe0e-4b72-9417-f349d1e9326f,21.3,2026-07-08T06:00:00+00:00,21.3,74959
2026-07-08,da_nang,accepted,3ae8f395-fe0e-4b72-9417-f349d1e9326f,21.0,2026-07-08T07:00:00+00:00,21.0,74960
2026-07-08,da_nang,accepted,3ae8f395-fe0e-4b72-9417-f349d1e9326f,19.2,2026-07-08T08:00:00+00:00,19.2,74961
2026-07-08,da_nang,accepted,3ae8f395-fe0e-4b72-9417-f349d1e9326f,16.8,2026-07-08T09:00:00+00:00,16.8,74962
2026-07-08,da_nang,accepted,3ae8f395-fe0e-4b72-9417-f349d1e9326f,14.9,2026-07-08T10:00:00+00:00,14.9,74963
2026-07-08,da_nang,accepted,3ae8f395-fe0e-4b72-9417-f349d1e9326f,14.5,2026-07-08T11:00:00+00:00,14.5,74964
2026-07-08,da_nang,accepted,3ae8f395-fe0e-4b72-9417-f349d1e9326f,14.6,2026-07-08T12:00:00+00:00,14.6,74965
2026-07-08,da_nang,accepted,3ae8f395-fe0e-4b72-9417-f349d1e9326f,16.1,2026-07-08T13:00:00+00:00,16.1,74966
2026-07-08,da_nang,accepted,3ae8f395-fe0e-4b72-9417-f349d1e9326f,15.2,2026-07-08T14:00:00+00:00,15.2,74967
2026-07-08,da_nang,accepted,3ae8f395-fe0e-4b72-9417-f349d1e9326f,14.8,2026-07-08T15:00:00+00:00,14.8,74968
2026-07-08,da_nang,accepted,3ae8f395-fe0e-4b72-9417-f349d1e9326f,17.7,2026-07-08T16:00:00+00:00,17.7,74969
2026-07-09,da_nang,accepted,3ae8f395-fe0e-4b72-9417-f349d1e9326f,16.8,2026-07-08T17:00:00+00:00,16.8,74970
2026-07-09,da_nang,accepted,3ae8f395-fe0e-4b72-9417-f349d1e9326f,14.9,2026-07-08T18:00:00+00:00,14.9,74971
2026-07-09,da_nang,accepted,3ae8f395-fe0e-4b72-9417-f349d1e9326f,12.9,2026-07-08T19:00:00+00:00,12.9,74972
2026-07-09,da_nang,accepted,3ae8f395-fe0e-4b72-9417-f349d1e9326f,11.6,2026-07-08T20:00:00+00:00,11.6,74973
2026-07-09,da_nang,accepted,3ae8f395-fe0e-4b72-9417-f349d1e9326f,11.4,2026-07-08T21:00:00+00:00,11.4,74974
2026-07-09,da_nang,accepted,3ae8f395-fe0e-4b72-9417-f349d1e9326f,11.2,2026-07-08T22:00:00+00:00,11.2,74975
2026-07-09,da_nang,accepted,3ae8f395-fe0e-4b72-9417-f349d1e9326f,11.6,2026-07-08T23:00:00+00:00,11.6,74976
2026-07-09,da_nang,accepted,3ae8f395-fe0e-4b72-9417-f349d1e9326f,15.4,2026-07-09T00:00:00+00:00,15.4,74977
2026-07-09,da_nang,accepted,3ae8f395-fe0e-4b72-9417-f349d1e9326f,10.7,2026-07-09T01:00:00+00:00,10.7,74978
2026-07-09,da_nang,accepted,3ae8f395-fe0e-4b72-9417-f349d1e9326f,10.5,2026-07-09T02:00:00+00:00,10.5,74979
2026-07-09,da_nang,accepted,3ae8f395-fe0e-4b72-9417-f349d1e9326f,9.6,2026-07-09T03:00:00+00:00,9.6,74980
2026-07-09,da_nang,accepted,3ae8f395-fe0e-4b72-9417-f349d1e9326f,8.9,2026-07-09T04:00:00+00:00,8.9,74981
2026-07-09,da_nang,accepted,3ae8f395-fe0e-4b72-9417-f349d1e9326f,8.5,2026-07-09T05:00:00+00:00,8.5,74982
2026-07-09,da_nang,accepted,3ae8f395-fe0e-4b72-9417-f349d1e9326f,7.7,2026-07-09T06:00:00+00:00,7.7,74983
2026-07-09,da_nang,accepted,3ae8f395-fe0e-4b72-9417-f349d1e9326f,7.0,2026-07-09T07:00:00+00:00,7.0,74984
2026-07-09,da_nang,accepted,3ae8f395-fe0e-4b72-9417-f349d1e9326f,6.5,2026-07-09T08:00:00+00:00,6.5,74985
2026-07-09,da_nang,accepted,3ae8f395-fe0e-4b72-9417-f349d1e9326f,6.6,2026-07-09T09:00:00+00:00,6.6,74986
2026-07-09,da_nang,accepted,3ae8f395-fe0e-4b72-9417-f349d1e9326f,7.1,2026-07-09T10:00:00+00:00,7.1,74987
2026-07-09,da_nang,accepted,3ae8f395-fe0e-4b72-9417-f349d1e9326f,8.1,2026-07-09T11:00:00+00:00,8.1,74988
2026-07-09,da_nang,accepted,3ae8f395-fe0e-4b72-9417-f349d1e9326f,11.9,2026-07-09T12:00:00+00:00,11.9,74989
2026-07-09,da_nang,accepted,3ae8f395-fe0e-4b72-9417-f349d1e9326f,11.0,2026-07-09T13:00:00+00:00,11.0,74990
2026-07-09,da_nang,accepted,3ae8f395-fe0e-4b72-9417-f349d1e9326f,10.0,2026-07-09T14:00:00+00:00,10.0,74991
2026-07-09,da_nang,accepted,3ae8f395-fe0e-4b72-9417-f349d1e9326f,9.3,2026-07-09T15:00:00+00:00,9.3,74992
2026-07-09,da_nang,accepted,3ae8f395-fe0e-4b72-9417-f349d1e9326f,8.7,2026-07-09T16:00:00+00:00,8.7,74993
2026-07-10,da_nang,accepted,3ae8f395-fe0e-4b72-9417-f349d1e9326f,7.9,2026-07-09T17:00:00+00:00,7.9,74994
2026-07-10,da_nang,accepted,3ae8f395-fe0e-4b72-9417-f349d1e9326f,7.8,2026-07-09T18:00:00+00:00,7.8,74995
2026-07-10,da_nang,accepted,3ae8f395-fe0e-4b72-9417-f349d1e9326f,8.0,2026-07-09T19:00:00+00:00,8.0,74996
2026-07-10,da_nang,accepted,3ae8f395-fe0e-4b72-9417-f349d1e9326f,8.5,2026-07-09T20:00:00+00:00,8.5,74997
2026-07-10,da_nang,accepted,3ae8f395-fe0e-4b72-9417-f349d1e9326f,9.4,2026-07-09T21:00:00+00:00,9.4,74998
2026-07-10,da_nang,accepted,3ae8f395-fe0e-4b72-9417-f349d1e9326f,9.7,2026-07-09T22:00:00+00:00,9.7,74999
2026-07-10,da_nang,accepted,3ae8f395-fe0e-4b72-9417-f349d1e9326f,10.1,2026-07-09T23:00:00+00:00,10.1,75000
2026-07-10,da_nang,accepted,3ae8f395-fe0e-4b72-9417-f349d1e9326f,7.2,2026-07-10T00:00:00+00:00,7.2,75001
2026-07-10,da_nang,accepted,3ae8f395-fe0e-4b72-9417-f349d1e9326f,8.4,2026-07-10T01:00:00+00:00,8.4,75002
2026-07-10,da_nang,accepted,3ae8f395-fe0e-4b72-9417-f349d1e9326f,10.2,2026-07-10T02:00:00+00:00,10.2,75003
2026-07-10,da_nang,accepted,3ae8f395-fe0e-4b72-9417-f349d1e9326f,11.3,2026-07-10T03:00:00+00:00,11.3,75004
2026-07-10,da_nang,accepted,3ae8f395-fe0e-4b72-9417-f349d1e9326f,12.5,2026-07-10T04:00:00+00:00,12.5,75005
2026-07-10,da_nang,accepted,3ae8f395-fe0e-4b72-9417-f349d1e9326f,12.5,2026-07-10T05:00:00+00:00,12.5,75006
2026-07-10,da_nang,accepted,3ae8f395-fe0e-4b72-9417-f349d1e9326f,12.7,2026-07-10T06:00:00+00:00,12.7,75007
2026-07-10,da_nang,accepted,3ae8f395-fe0e-4b72-9417-f349d1e9326f,13.7,2026-07-10T07:00:00+00:00,13.7,75008
2026-07-10,da_nang,accepted,3ae8f395-fe0e-4b72-9417-f349d1e9326f,14.4,2026-07-10T08:00:00+00:00,14.4,75009
2026-07-10,da_nang,accepted,3ae8f395-fe0e-4b72-9417-f349d1e9326f,14.4,2026-07-10T09:00:00+00:00,14.4,75010
2026-07-10,da_nang,accepted,3ae8f395-fe0e-4b72-9417-f349d1e9326f,13.9,2026-07-10T10:00:00+00:00,13.9,75011
2026-07-10,da_nang,accepted,3ae8f395-fe0e-4b72-9417-f349d1e9326f,14.1,2026-07-10T11:00:00+00:00,14.1,75012
2026-07-10,da_nang,accepted,3ae8f395-fe0e-4b72-9417-f349d1e9326f,20.4,2026-07-10T12:00:00+00:00,20.4,75013
2026-07-10,da_nang,accepted,3ae8f395-fe0e-4b72-9417-f349d1e9326f,17.0,2026-07-10T13:00:00+00:00,17.0,75014
2026-07-10,da_nang,accepted,3ae8f395-fe0e-4b72-9417-f349d1e9326f,11.6,2026-07-10T14:00:00+00:00,11.6,75015
2026-07-10,da_nang,accepted,3ae8f395-fe0e-4b72-9417-f349d1e9326f,10.3,2026-07-10T15:00:00+00:00,10.3,75016
2026-07-10,da_nang,accepted,3ae8f395-fe0e-4b72-9417-f349d1e9326f,9.5,2026-07-10T16:00:00+00:00,9.5,75017
2026-07-11,da_nang,accepted,3ae8f395-fe0e-4b72-9417-f349d1e9326f,9.2,2026-07-10T17:00:00+00:00,9.2,75018
2026-07-11,da_nang,accepted,3ae8f395-fe0e-4b72-9417-f349d1e9326f,5.8,2026-07-10T18:00:00+00:00,5.8,75019
2026-07-11,da_nang,accepted,3ae8f395-fe0e-4b72-9417-f349d1e9326f,6.5,2026-07-10T19:00:00+00:00,6.5,75020
2026-07-11,da_nang,accepted,3ae8f395-fe0e-4b72-9417-f349d1e9326f,4.8,2026-07-10T20:00:00+00:00,4.8,75021
2026-07-11,da_nang,accepted,3ae8f395-fe0e-4b72-9417-f349d1e9326f,4.3,2026-07-10T21:00:00+00:00,4.3,75022
2026-07-11,da_nang,accepted,3ae8f395-fe0e-4b72-9417-f349d1e9326f,4.0,2026-07-10T22:00:00+00:00,4.0,75023
2026-07-11,da_nang,accepted,3ae8f395-fe0e-4b72-9417-f349d1e9326f,3.8,2026-07-10T23:00:00+00:00,3.8,75024
2026-07-11,da_nang,accepted,3ae8f395-fe0e-4b72-9417-f349d1e9326f,11.4,2026-07-11T00:00:00+00:00,11.4,75025
2026-07-11,da_nang,accepted,3ae8f395-fe0e-4b72-9417-f349d1e9326f,11.9,2026-07-11T01:00:00+00:00,11.9,75026
2026-07-11,da_nang,accepted,3ae8f395-fe0e-4b72-9417-f349d1e9326f,12.0,2026-07-11T02:00:00+00:00,12.0,75027
2026-07-11,da_nang,accepted,3ae8f395-fe0e-4b72-9417-f349d1e9326f,13.6,2026-07-11T03:00:00+00:00,13.6,75028
2026-07-11,da_nang,accepted,3ae8f395-fe0e-4b72-9417-f349d1e9326f,15.9,2026-07-11T04:00:00+00:00,15.9,75029
2026-07-11,da_nang,accepted,3ae8f395-fe0e-4b72-9417-f349d1e9326f,18.2,2026-07-11T05:00:00+00:00,18.2,75030
2026-07-11,da_nang,accepted,3ae8f395-fe0e-4b72-9417-f349d1e9326f,20.8,2026-07-11T06:00:00+00:00,20.8,75031
2026-07-11,da_nang,accepted,3ae8f395-fe0e-4b72-9417-f349d1e9326f,23.8,2026-07-11T07:00:00+00:00,23.8,75032
2026-07-11,da_nang,accepted,3ae8f395-fe0e-4b72-9417-f349d1e9326f,26.0,2026-07-11T08:00:00+00:00,26.0,75033
2026-07-11,da_nang,accepted,3ae8f395-fe0e-4b72-9417-f349d1e9326f,24.4,2026-07-11T09:00:00+00:00,24.4,75034
2026-07-11,da_nang,accepted,3ae8f395-fe0e-4b72-9417-f349d1e9326f,21.2,2026-07-11T10:00:00+00:00,21.2,75035
2026-07-11,da_nang,accepted,3ae8f395-fe0e-4b72-9417-f349d1e9326f,19.2,2026-07-11T11:00:00+00:00,19.2,75036
2026-07-11,da_nang,accepted,3ae8f395-fe0e-4b72-9417-f349d1e9326f,17.6,2026-07-11T12:00:00+00:00,17.6,75037
2026-07-11,da_nang,accepted,3ae8f395-fe0e-4b72-9417-f349d1e9326f,16.8,2026-07-11T13:00:00+00:00,16.8,75038
2026-07-11,da_nang,accepted,3ae8f395-fe0e-4b72-9417-f349d1e9326f,14.0,2026-07-11T14:00:00+00:00,14.0,75039
2026-07-11,da_nang,accepted,3ae8f395-fe0e-4b72-9417-f349d1e9326f,10.7,2026-07-11T15:00:00+00:00,10.7,75040
2026-07-11,da_nang,accepted,3ae8f395-fe0e-4b72-9417-f349d1e9326f,8.7,2026-07-11T16:00:00+00:00,8.7,75041
2026-07-12,da_nang,accepted,3ae8f395-fe0e-4b72-9417-f349d1e9326f,7.4,2026-07-11T17:00:00+00:00,7.4,75042
2026-07-12,da_nang,accepted,3ae8f395-fe0e-4b72-9417-f349d1e9326f,7.5,2026-07-11T18:00:00+00:00,7.5,75043
2026-07-12,da_nang,accepted,3ae8f395-fe0e-4b72-9417-f349d1e9326f,7.6,2026-07-11T19:00:00+00:00,7.6,75044
2026-07-12,da_nang,accepted,3ae8f395-fe0e-4b72-9417-f349d1e9326f,7.3,2026-07-11T20:00:00+00:00,7.3,75045
2026-07-12,da_nang,accepted,3ae8f395-fe0e-4b72-9417-f349d1e9326f,6.9,2026-07-11T21:00:00+00:00,6.9,75046
2026-07-12,da_nang,accepted,3ae8f395-fe0e-4b72-9417-f349d1e9326f,6.0,2026-07-11T22:00:00+00:00,6.0,75047
2026-07-12,da_nang,accepted,3ae8f395-fe0e-4b72-9417-f349d1e9326f,5.1,2026-07-11T23:00:00+00:00,5.1,75048
2026-07-12,da_nang,accepted,3ae8f395-fe0e-4b72-9417-f349d1e9326f,8.9,2026-07-12T00:00:00+00:00,8.9,75049
2026-07-12,da_nang,accepted,3ae8f395-fe0e-4b72-9417-f349d1e9326f,8.4,2026-07-12T01:00:00+00:00,8.4,75050
2026-07-12,da_nang,accepted,3ae8f395-fe0e-4b72-9417-f349d1e9326f,8.9,2026-07-12T02:00:00+00:00,8.9,75051
2026-07-12,da_nang,accepted,3ae8f395-fe0e-4b72-9417-f349d1e9326f,9.8,2026-07-12T03:00:00+00:00,9.8,75052
2026-07-12,da_nang,accepted,3ae8f395-fe0e-4b72-9417-f349d1e9326f,10.0,2026-07-12T04:00:00+00:00,10.0,75053
2026-07-12,da_nang,accepted,3ae8f395-fe0e-4b72-9417-f349d1e9326f,10.5,2026-07-12T05:00:00+00:00,10.5,75054
2026-07-12,da_nang,accepted,3ae8f395-fe0e-4b72-9417-f349d1e9326f,11.3,2026-07-12T06:00:00+00:00,11.3,75055
2026-07-12,da_nang,accepted,3ae8f395-fe0e-4b72-9417-f349d1e9326f,12.3,2026-07-12T07:00:00+00:00,12.3,75056
2026-07-12,da_nang,accepted,3ae8f395-fe0e-4b72-9417-f349d1e9326f,12.8,2026-07-12T08:00:00+00:00,12.8,75057
2026-07-12,da_nang,accepted,3ae8f395-fe0e-4b72-9417-f349d1e9326f,13.7,2026-07-12T09:00:00+00:00,13.7,75058
2026-07-12,da_nang,accepted,3ae8f395-fe0e-4b72-9417-f349d1e9326f,14.1,2026-07-12T10:00:00+00:00,14.1,75059
2026-07-12,da_nang,accepted,3ae8f395-fe0e-4b72-9417-f349d1e9326f,13.4,2026-07-12T11:00:00+00:00,13.4,75060
2026-07-12,da_nang,accepted,3ae8f395-fe0e-4b72-9417-f349d1e9326f,13.9,2026-07-12T12:00:00+00:00,13.9,75061
2026-07-12,da_nang,accepted,3ae8f395-fe0e-4b72-9417-f349d1e9326f,13.9,2026-07-12T13:00:00+00:00,13.9,75062
2026-07-12,da_nang,accepted,3ae8f395-fe0e-4b72-9417-f349d1e9326f,13.5,2026-07-12T14:00:00+00:00,13.5,75063
2026-07-12,da_nang,accepted,3ae8f395-fe0e-4b72-9417-f349d1e9326f,12.9,2026-07-12T15:00:00+00:00,12.9,75064
2026-07-12,da_nang,accepted,3ae8f395-fe0e-4b72-9417-f349d1e9326f,11.8,2026-07-12T16:00:00+00:00,11.8,75065
2026-07-13,da_nang,accepted,3ae8f395-fe0e-4b72-9417-f349d1e9326f,11.4,2026-07-12T17:00:00+00:00,11.4,75066
2026-07-13,da_nang,accepted,3ae8f395-fe0e-4b72-9417-f349d1e9326f,10.7,2026-07-12T18:00:00+00:00,10.7,75067
2026-07-13,da_nang,accepted,3ae8f395-fe0e-4b72-9417-f349d1e9326f,11.0,2026-07-12T19:00:00+00:00,11.0,75068
2026-07-13,da_nang,accepted,3ae8f395-fe0e-4b72-9417-f349d1e9326f,11.1,2026-07-12T20:00:00+00:00,11.1,75069
2026-07-13,da_nang,accepted,3ae8f395-fe0e-4b72-9417-f349d1e9326f,11.0,2026-07-12T21:00:00+00:00,11.0,75070
2026-07-13,da_nang,accepted,3ae8f395-fe0e-4b72-9417-f349d1e9326f,10.8,2026-07-12T22:00:00+00:00,10.8,75071
2026-07-13,da_nang,accepted,3ae8f395-fe0e-4b72-9417-f349d1e9326f,11.1,2026-07-12T23:00:00+00:00,11.1,75072
2026-07-13,da_nang,accepted,e319b9e6-4aa6-470a-b7f0-22d35e467cbf,16.0,2026-07-13T00:00:00+00:00,16.0,76081
2026-07-13,da_nang,accepted,e319b9e6-4aa6-470a-b7f0-22d35e467cbf,16.1,2026-07-13T01:00:00+00:00,16.1,76082
2026-07-13,da_nang,accepted,e319b9e6-4aa6-470a-b7f0-22d35e467cbf,16.0,2026-07-13T02:00:00+00:00,16.0,76083
2026-07-13,da_nang,accepted,e319b9e6-4aa6-470a-b7f0-22d35e467cbf,16.5,2026-07-13T03:00:00+00:00,16.5,76084
2026-07-13,da_nang,accepted,e319b9e6-4aa6-470a-b7f0-22d35e467cbf,18.9,2026-07-13T04:00:00+00:00,18.9,76085
2026-07-13,da_nang,accepted,e319b9e6-4aa6-470a-b7f0-22d35e467cbf,22.0,2026-07-13T05:00:00+00:00,22.0,76086
2026-07-13,da_nang,accepted,e319b9e6-4aa6-470a-b7f0-22d35e467cbf,25.3,2026-07-13T06:00:00+00:00,25.3,76087
2026-07-13,da_nang,accepted,e319b9e6-4aa6-470a-b7f0-22d35e467cbf,23.3,2026-07-13T07:00:00+00:00,23.3,76088
2026-07-13,da_nang,accepted,e319b9e6-4aa6-470a-b7f0-22d35e467cbf,21.1,2026-07-13T08:00:00+00:00,21.1,76089
2026-07-13,da_nang,accepted,e319b9e6-4aa6-470a-b7f0-22d35e467cbf,18.3,2026-07-13T09:00:00+00:00,18.3,76090
2026-07-13,da_nang,accepted,e319b9e6-4aa6-470a-b7f0-22d35e467cbf,17.2,2026-07-13T10:00:00+00:00,17.2,76091
2026-07-13,da_nang,accepted,e319b9e6-4aa6-470a-b7f0-22d35e467cbf,16.4,2026-07-13T11:00:00+00:00,16.4,76092
2026-07-13,da_nang,accepted,e319b9e6-4aa6-470a-b7f0-22d35e467cbf,21.9,2026-07-13T12:00:00+00:00,21.9,76093
2026-07-13,da_nang,accepted,e319b9e6-4aa6-470a-b7f0-22d35e467cbf,20.5,2026-07-13T13:00:00+00:00,20.5,76094
2026-07-13,da_nang,accepted,e319b9e6-4aa6-470a-b7f0-22d35e467cbf,19.8,2026-07-13T14:00:00+00:00,19.8,76095
2026-07-13,da_nang,accepted,e319b9e6-4aa6-470a-b7f0-22d35e467cbf,19.3,2026-07-13T15:00:00+00:00,19.3,76096
2026-07-13,da_nang,accepted,e319b9e6-4aa6-470a-b7f0-22d35e467cbf,18.8,2026-07-13T16:00:00+00:00,18.8,76097
2026-07-14,da_nang,accepted,e319b9e6-4aa6-470a-b7f0-22d35e467cbf,17.8,2026-07-13T17:00:00+00:00,17.8,76098
2026-07-14,da_nang,accepted,e319b9e6-4aa6-470a-b7f0-22d35e467cbf,15.5,2026-07-13T18:00:00+00:00,15.5,76099
2026-07-14,da_nang,accepted,e319b9e6-4aa6-470a-b7f0-22d35e467cbf,13.3,2026-07-13T19:00:00+00:00,13.3,76100
2026-07-14,da_nang,accepted,e319b9e6-4aa6-470a-b7f0-22d35e467cbf,11.6,2026-07-13T20:00:00+00:00,11.6,76101
2026-07-14,da_nang,accepted,e319b9e6-4aa6-470a-b7f0-22d35e467cbf,10.6,2026-07-13T21:00:00+00:00,10.6,76102
2026-07-14,da_nang,accepted,e319b9e6-4aa6-470a-b7f0-22d35e467cbf,10.0,2026-07-13T22:00:00+00:00,10.0,76103
2026-07-14,da_nang,accepted,e319b9e6-4aa6-470a-b7f0-22d35e467cbf,9.8,2026-07-13T23:00:00+00:00,9.8,76104
2026-07-14,da_nang,accepted,e319b9e6-4aa6-470a-b7f0-22d35e467cbf,10.9,2026-07-14T00:00:00+00:00,10.9,76105
2026-07-14,da_nang,accepted,e319b9e6-4aa6-470a-b7f0-22d35e467cbf,11.1,2026-07-14T01:00:00+00:00,11.1,76106
2026-07-14,da_nang,accepted,e319b9e6-4aa6-470a-b7f0-22d35e467cbf,11.0,2026-07-14T02:00:00+00:00,11.0,76107
2026-07-14,da_nang,accepted,e319b9e6-4aa6-470a-b7f0-22d35e467cbf,11.2,2026-07-14T03:00:00+00:00,11.2,76108
2026-07-14,da_nang,accepted,e319b9e6-4aa6-470a-b7f0-22d35e467cbf,11.7,2026-07-14T04:00:00+00:00,11.7,76109
2026-07-14,da_nang,accepted,e319b9e6-4aa6-470a-b7f0-22d35e467cbf,12.6,2026-07-14T05:00:00+00:00,12.6,76110
2026-07-14,da_nang,accepted,e319b9e6-4aa6-470a-b7f0-22d35e467cbf,14.1,2026-07-14T06:00:00+00:00,14.1,76111
2026-07-14,da_nang,accepted,e319b9e6-4aa6-470a-b7f0-22d35e467cbf,15.1,2026-07-14T07:00:00+00:00,15.1,76112
2026-07-14,da_nang,accepted,e319b9e6-4aa6-470a-b7f0-22d35e467cbf,15.3,2026-07-14T08:00:00+00:00,15.3,76113
2026-07-14,da_nang,accepted,e319b9e6-4aa6-470a-b7f0-22d35e467cbf,16.5,2026-07-14T09:00:00+00:00,16.5,76114
2026-07-14,da_nang,accepted,e319b9e6-4aa6-470a-b7f0-22d35e467cbf,15.4,2026-07-14T10:00:00+00:00,15.4,76115
2026-07-14,da_nang,accepted,e319b9e6-4aa6-470a-b7f0-22d35e467cbf,13.8,2026-07-14T11:00:00+00:00,13.8,76116
2026-07-14,da_nang,accepted,e319b9e6-4aa6-470a-b7f0-22d35e467cbf,23.6,2026-07-14T12:00:00+00:00,23.6,76117
2026-07-14,da_nang,accepted,e319b9e6-4aa6-470a-b7f0-22d35e467cbf,22.9,2026-07-14T13:00:00+00:00,22.9,76118
2026-07-14,da_nang,accepted,e319b9e6-4aa6-470a-b7f0-22d35e467cbf,21.7,2026-07-14T14:00:00+00:00,21.7,76119
2026-07-14,da_nang,accepted,e319b9e6-4aa6-470a-b7f0-22d35e467cbf,20.7,2026-07-14T15:00:00+00:00,20.7,76120
2026-07-14,da_nang,accepted,e319b9e6-4aa6-470a-b7f0-22d35e467cbf,19.9,2026-07-14T16:00:00+00:00,19.9,76121
2026-07-15,da_nang,accepted,e319b9e6-4aa6-470a-b7f0-22d35e467cbf,19.8,2026-07-14T17:00:00+00:00,19.8,76122
2026-07-15,da_nang,accepted,e319b9e6-4aa6-470a-b7f0-22d35e467cbf,19.5,2026-07-14T18:00:00+00:00,19.5,76123
2026-07-15,da_nang,accepted,e319b9e6-4aa6-470a-b7f0-22d35e467cbf,18.3,2026-07-14T19:00:00+00:00,18.3,76124
2026-07-15,da_nang,accepted,e319b9e6-4aa6-470a-b7f0-22d35e467cbf,15.8,2026-07-14T20:00:00+00:00,15.8,76125
2026-07-15,da_nang,accepted,e319b9e6-4aa6-470a-b7f0-22d35e467cbf,13.2,2026-07-14T21:00:00+00:00,13.2,76126
2026-07-15,da_nang,accepted,e319b9e6-4aa6-470a-b7f0-22d35e467cbf,13.6,2026-07-14T22:00:00+00:00,13.6,76127
2026-07-15,da_nang,accepted,e319b9e6-4aa6-470a-b7f0-22d35e467cbf,13.8,2026-07-14T23:00:00+00:00,13.8,76128
2026-07-15,da_nang,accepted,e319b9e6-4aa6-470a-b7f0-22d35e467cbf,11.7,2026-07-15T00:00:00+00:00,11.7,76129
2026-07-15,da_nang,accepted,e319b9e6-4aa6-470a-b7f0-22d35e467cbf,13.2,2026-07-15T01:00:00+00:00,13.2,76130
2026-07-15,da_nang,accepted,e319b9e6-4aa6-470a-b7f0-22d35e467cbf,13.8,2026-07-15T02:00:00+00:00,13.8,76131
2026-07-15,da_nang,accepted,e319b9e6-4aa6-470a-b7f0-22d35e467cbf,14.9,2026-07-15T03:00:00+00:00,14.9,76132
2026-07-15,da_nang,accepted,e319b9e6-4aa6-470a-b7f0-22d35e467cbf,17.3,2026-07-15T04:00:00+00:00,17.3,76133
2026-07-15,da_nang,accepted,e319b9e6-4aa6-470a-b7f0-22d35e467cbf,20.3,2026-07-15T05:00:00+00:00,20.3,76134
2026-07-15,da_nang,accepted,e319b9e6-4aa6-470a-b7f0-22d35e467cbf,23.3,2026-07-15T06:00:00+00:00,23.3,76135
2026-07-15,da_nang,accepted,e319b9e6-4aa6-470a-b7f0-22d35e467cbf,24.9,2026-07-15T07:00:00+00:00,24.9,76136
2026-07-15,da_nang,accepted,e319b9e6-4aa6-470a-b7f0-22d35e467cbf,23.7,2026-07-15T08:00:00+00:00,23.7,76137
2026-07-15,da_nang,accepted,e319b9e6-4aa6-470a-b7f0-22d35e467cbf,20.8,2026-07-15T09:00:00+00:00,20.8,76138
2026-07-15,da_nang,accepted,e319b9e6-4aa6-470a-b7f0-22d35e467cbf,16.9,2026-07-15T10:00:00+00:00,16.9,76139
2026-07-15,da_nang,accepted,e319b9e6-4aa6-470a-b7f0-22d35e467cbf,15.9,2026-07-15T11:00:00+00:00,15.9,76140
2026-07-15,da_nang,accepted,e319b9e6-4aa6-470a-b7f0-22d35e467cbf,24.5,2026-07-15T12:00:00+00:00,24.5,76141
2026-07-15,da_nang,accepted,e319b9e6-4aa6-470a-b7f0-22d35e467cbf,22.2,2026-07-15T13:00:00+00:00,22.2,76142
2026-07-15,da_nang,accepted,e319b9e6-4aa6-470a-b7f0-22d35e467cbf,19.7,2026-07-15T14:00:00+00:00,19.7,76143
2026-07-15,da_nang,accepted,e319b9e6-4aa6-470a-b7f0-22d35e467cbf,19.0,2026-07-15T15:00:00+00:00,19.0,76144
2026-07-15,da_nang,accepted,e319b9e6-4aa6-470a-b7f0-22d35e467cbf,19.6,2026-07-15T16:00:00+00:00,19.6,76145
2026-07-16,da_nang,accepted,e319b9e6-4aa6-470a-b7f0-22d35e467cbf,17.6,2026-07-15T17:00:00+00:00,17.6,76146
2026-07-16,da_nang,accepted,e319b9e6-4aa6-470a-b7f0-22d35e467cbf,13.3,2026-07-15T18:00:00+00:00,13.3,76147
2026-07-16,da_nang,accepted,e319b9e6-4aa6-470a-b7f0-22d35e467cbf,8.9,2026-07-15T19:00:00+00:00,8.9,76148
2026-07-16,da_nang,accepted,e319b9e6-4aa6-470a-b7f0-22d35e467cbf,6.0,2026-07-15T20:00:00+00:00,6.0,76149
2026-07-16,da_nang,accepted,e319b9e6-4aa6-470a-b7f0-22d35e467cbf,4.4,2026-07-15T21:00:00+00:00,4.4,76150
2026-07-16,da_nang,accepted,e319b9e6-4aa6-470a-b7f0-22d35e467cbf,3.4,2026-07-15T22:00:00+00:00,3.4,76151
2026-07-16,da_nang,accepted,e319b9e6-4aa6-470a-b7f0-22d35e467cbf,3.3,2026-07-15T23:00:00+00:00,3.3,76152
2026-07-16,da_nang,accepted,e319b9e6-4aa6-470a-b7f0-22d35e467cbf,5.2,2026-07-16T00:00:00+00:00,5.2,76153
2026-07-16,da_nang,accepted,e319b9e6-4aa6-470a-b7f0-22d35e467cbf,6.5,2026-07-16T01:00:00+00:00,6.5,76154
2026-07-16,da_nang,accepted,e319b9e6-4aa6-470a-b7f0-22d35e467cbf,8.0,2026-07-16T02:00:00+00:00,8.0,76155
2026-07-16,da_nang,accepted,e319b9e6-4aa6-470a-b7f0-22d35e467cbf,9.2,2026-07-16T03:00:00+00:00,9.2,76156
2026-07-16,da_nang,accepted,e319b9e6-4aa6-470a-b7f0-22d35e467cbf,10.7,2026-07-16T04:00:00+00:00,10.7,76157
2026-07-16,da_nang,accepted,e319b9e6-4aa6-470a-b7f0-22d35e467cbf,12.5,2026-07-16T05:00:00+00:00,12.5,76158
2026-07-16,da_nang,accepted,e319b9e6-4aa6-470a-b7f0-22d35e467cbf,14.3,2026-07-16T06:00:00+00:00,14.3,76159
2026-07-16,da_nang,accepted,e319b9e6-4aa6-470a-b7f0-22d35e467cbf,15.9,2026-07-16T07:00:00+00:00,15.9,76160
2026-07-16,da_nang,accepted,e319b9e6-4aa6-470a-b7f0-22d35e467cbf,16.7,2026-07-16T08:00:00+00:00,16.7,76161
2026-07-16,da_nang,accepted,e319b9e6-4aa6-470a-b7f0-22d35e467cbf,18.0,2026-07-16T09:00:00+00:00,18.0,76162
2026-07-16,da_nang,accepted,e319b9e6-4aa6-470a-b7f0-22d35e467cbf,17.1,2026-07-16T10:00:00+00:00,17.1,76163
2026-07-16,da_nang,accepted,e319b9e6-4aa6-470a-b7f0-22d35e467cbf,15.9,2026-07-16T11:00:00+00:00,15.9,76164
2026-07-16,da_nang,accepted,e319b9e6-4aa6-470a-b7f0-22d35e467cbf,12.7,2026-07-16T12:00:00+00:00,12.7,76165
2026-07-16,da_nang,accepted,e319b9e6-4aa6-470a-b7f0-22d35e467cbf,13.4,2026-07-16T13:00:00+00:00,13.4,76166
2026-07-16,da_nang,accepted,e319b9e6-4aa6-470a-b7f0-22d35e467cbf,11.4,2026-07-16T14:00:00+00:00,11.4,76167
2026-07-16,da_nang,accepted,e319b9e6-4aa6-470a-b7f0-22d35e467cbf,10.2,2026-07-16T15:00:00+00:00,10.2,76168
2026-07-16,da_nang,accepted,e319b9e6-4aa6-470a-b7f0-22d35e467cbf,8.0,2026-07-16T16:00:00+00:00,8.0,76169
2026-07-17,da_nang,accepted,e319b9e6-4aa6-470a-b7f0-22d35e467cbf,6.4,2026-07-16T17:00:00+00:00,6.4,76170
2026-07-17,da_nang,accepted,e319b9e6-4aa6-470a-b7f0-22d35e467cbf,5.6,2026-07-16T18:00:00+00:00,5.6,76171
2026-07-17,da_nang,accepted,e319b9e6-4aa6-470a-b7f0-22d35e467cbf,5.1,2026-07-16T19:00:00+00:00,5.1,76172
2026-07-17,da_nang,accepted,e319b9e6-4aa6-470a-b7f0-22d35e467cbf,4.6,2026-07-16T20:00:00+00:00,4.6,76173
2026-07-17,da_nang,accepted,e319b9e6-4aa6-470a-b7f0-22d35e467cbf,4.2,2026-07-16T21:00:00+00:00,4.2,76174
2026-07-17,da_nang,accepted,e319b9e6-4aa6-470a-b7f0-22d35e467cbf,4.2,2026-07-16T22:00:00+00:00,4.2,76175
2026-07-17,da_nang,accepted,e319b9e6-4aa6-470a-b7f0-22d35e467cbf,4.5,2026-07-16T23:00:00+00:00,4.5,76176
2026-07-17,da_nang,accepted,e319b9e6-4aa6-470a-b7f0-22d35e467cbf,4.4,2026-07-17T00:00:00+00:00,4.4,76177
2026-07-17,da_nang,accepted,e319b9e6-4aa6-470a-b7f0-22d35e467cbf,5.3,2026-07-17T01:00:00+00:00,5.3,76178
2026-07-17,da_nang,accepted,e319b9e6-4aa6-470a-b7f0-22d35e467cbf,6.1,2026-07-17T02:00:00+00:00,6.1,76179
2026-07-17,da_nang,accepted,e319b9e6-4aa6-470a-b7f0-22d35e467cbf,7.3,2026-07-17T03:00:00+00:00,7.3,76180
2026-07-17,da_nang,accepted,e319b9e6-4aa6-470a-b7f0-22d35e467cbf,9.1,2026-07-17T04:00:00+00:00,9.1,76181
2026-07-17,da_nang,accepted,e319b9e6-4aa6-470a-b7f0-22d35e467cbf,13.4,2026-07-17T05:00:00+00:00,13.4,76182
2026-07-17,da_nang,accepted,e319b9e6-4aa6-470a-b7f0-22d35e467cbf,18.3,2026-07-17T06:00:00+00:00,18.3,76183
2026-07-17,da_nang,accepted,e319b9e6-4aa6-470a-b7f0-22d35e467cbf,19.9,2026-07-17T07:00:00+00:00,19.9,76184
2026-07-17,da_nang,accepted,e319b9e6-4aa6-470a-b7f0-22d35e467cbf,19.6,2026-07-17T08:00:00+00:00,19.6,76185
2026-07-17,da_nang,accepted,e319b9e6-4aa6-470a-b7f0-22d35e467cbf,18.6,2026-07-17T09:00:00+00:00,18.6,76186
2026-07-17,da_nang,accepted,e319b9e6-4aa6-470a-b7f0-22d35e467cbf,16.8,2026-07-17T10:00:00+00:00,16.8,76187
2026-07-17,da_nang,accepted,e319b9e6-4aa6-470a-b7f0-22d35e467cbf,15.3,2026-07-17T11:00:00+00:00,15.3,76188
2026-07-17,da_nang,accepted,e319b9e6-4aa6-470a-b7f0-22d35e467cbf,19.6,2026-07-17T12:00:00+00:00,19.6,76189
2026-07-17,da_nang,accepted,e319b9e6-4aa6-470a-b7f0-22d35e467cbf,19.3,2026-07-17T13:00:00+00:00,19.3,76190
2026-07-17,da_nang,accepted,e319b9e6-4aa6-470a-b7f0-22d35e467cbf,19.2,2026-07-17T14:00:00+00:00,19.2,76191
2026-07-17,da_nang,accepted,e319b9e6-4aa6-470a-b7f0-22d35e467cbf,18.3,2026-07-17T15:00:00+00:00,18.3,76192
2026-07-17,da_nang,accepted,e319b9e6-4aa6-470a-b7f0-22d35e467cbf,18.4,2026-07-17T16:00:00+00:00,18.4,76193
2026-07-18,da_nang,accepted,e319b9e6-4aa6-470a-b7f0-22d35e467cbf,16.9,2026-07-17T17:00:00+00:00,16.9,76194
2026-07-18,da_nang,accepted,e319b9e6-4aa6-470a-b7f0-22d35e467cbf,15.5,2026-07-17T18:00:00+00:00,15.5,76195
2026-07-18,da_nang,accepted,e319b9e6-4aa6-470a-b7f0-22d35e467cbf,13.2,2026-07-17T19:00:00+00:00,13.2,76196
2026-07-18,da_nang,accepted,e319b9e6-4aa6-470a-b7f0-22d35e467cbf,12.7,2026-07-17T20:00:00+00:00,12.7,76197
2026-07-18,da_nang,accepted,e319b9e6-4aa6-470a-b7f0-22d35e467cbf,12.2,2026-07-17T21:00:00+00:00,12.2,76198
2026-07-18,da_nang,accepted,e319b9e6-4aa6-470a-b7f0-22d35e467cbf,12.4,2026-07-17T22:00:00+00:00,12.4,76199
2026-07-18,da_nang,accepted,e319b9e6-4aa6-470a-b7f0-22d35e467cbf,13.1,2026-07-17T23:00:00+00:00,13.1,76200
2026-07-18,da_nang,accepted,e319b9e6-4aa6-470a-b7f0-22d35e467cbf,6.2,2026-07-18T00:00:00+00:00,6.2,76201
2026-07-18,da_nang,accepted,e319b9e6-4aa6-470a-b7f0-22d35e467cbf,10.8,2026-07-18T01:00:00+00:00,10.8,76202
2026-07-18,da_nang,accepted,e319b9e6-4aa6-470a-b7f0-22d35e467cbf,14.0,2026-07-18T02:00:00+00:00,14.0,76203
2026-07-18,da_nang,accepted,e319b9e6-4aa6-470a-b7f0-22d35e467cbf,12.8,2026-07-18T03:00:00+00:00,12.8,76204
2026-07-18,da_nang,accepted,e319b9e6-4aa6-470a-b7f0-22d35e467cbf,14.4,2026-07-18T04:00:00+00:00,14.4,76205
2026-07-18,da_nang,accepted,e319b9e6-4aa6-470a-b7f0-22d35e467cbf,19.0,2026-07-18T05:00:00+00:00,19.0,76206
2026-07-18,da_nang,accepted,e319b9e6-4aa6-470a-b7f0-22d35e467cbf,24.2,2026-07-18T06:00:00+00:00,24.2,76207
2026-07-18,da_nang,accepted,e319b9e6-4aa6-470a-b7f0-22d35e467cbf,27.2,2026-07-18T07:00:00+00:00,27.2,76208
2026-07-18,da_nang,accepted,e319b9e6-4aa6-470a-b7f0-22d35e467cbf,27.0,2026-07-18T08:00:00+00:00,27.0,76209
2026-07-18,da_nang,accepted,e319b9e6-4aa6-470a-b7f0-22d35e467cbf,23.9,2026-07-18T09:00:00+00:00,23.9,76210
2026-07-18,da_nang,accepted,e319b9e6-4aa6-470a-b7f0-22d35e467cbf,19.8,2026-07-18T10:00:00+00:00,19.8,76211
2026-07-18,da_nang,accepted,e319b9e6-4aa6-470a-b7f0-22d35e467cbf,18.3,2026-07-18T11:00:00+00:00,18.3,76212
2026-07-18,da_nang,accepted,e319b9e6-4aa6-470a-b7f0-22d35e467cbf,33.5,2026-07-18T12:00:00+00:00,33.5,76213
2026-07-18,da_nang,accepted,e319b9e6-4aa6-470a-b7f0-22d35e467cbf,29.3,2026-07-18T13:00:00+00:00,29.3,76214
2026-07-18,da_nang,accepted,e319b9e6-4aa6-470a-b7f0-22d35e467cbf,26.5,2026-07-18T14:00:00+00:00,26.5,76215
2026-07-18,da_nang,accepted,e319b9e6-4aa6-470a-b7f0-22d35e467cbf,25.3,2026-07-18T15:00:00+00:00,25.3,76216
2026-07-18,da_nang,accepted,e319b9e6-4aa6-470a-b7f0-22d35e467cbf,25.6,2026-07-18T16:00:00+00:00,25.6,76217
2026-07-19,da_nang,accepted,e319b9e6-4aa6-470a-b7f0-22d35e467cbf,24.4,2026-07-18T17:00:00+00:00,24.4,76218
2026-07-19,da_nang,accepted,e319b9e6-4aa6-470a-b7f0-22d35e467cbf,23.9,2026-07-18T18:00:00+00:00,23.9,76219
2026-07-19,da_nang,accepted,e319b9e6-4aa6-470a-b7f0-22d35e467cbf,24.6,2026-07-18T19:00:00+00:00,24.6,76220
2026-07-19,da_nang,accepted,e319b9e6-4aa6-470a-b7f0-22d35e467cbf,25.0,2026-07-18T20:00:00+00:00,25.0,76221
2026-07-19,da_nang,accepted,e319b9e6-4aa6-470a-b7f0-22d35e467cbf,24.9,2026-07-18T21:00:00+00:00,24.9,76222
2026-07-19,da_nang,accepted,e319b9e6-4aa6-470a-b7f0-22d35e467cbf,25.0,2026-07-18T22:00:00+00:00,25.0,76223
2026-07-19,da_nang,accepted,e319b9e6-4aa6-470a-b7f0-22d35e467cbf,25.8,2026-07-18T23:00:00+00:00,25.8,76224
2026-07-19,da_nang,accepted,e319b9e6-4aa6-470a-b7f0-22d35e467cbf,19.6,2026-07-19T00:00:00+00:00,19.6,76225
2026-07-19,da_nang,accepted,e319b9e6-4aa6-470a-b7f0-22d35e467cbf,21.4,2026-07-19T01:00:00+00:00,21.4,76226
2026-07-19,da_nang,accepted,e319b9e6-4aa6-470a-b7f0-22d35e467cbf,23.6,2026-07-19T02:00:00+00:00,23.6,76227
2026-07-19,da_nang,accepted,e319b9e6-4aa6-470a-b7f0-22d35e467cbf,21.4,2026-07-19T03:00:00+00:00,21.4,76228
2026-07-19,da_nang,accepted,e319b9e6-4aa6-470a-b7f0-22d35e467cbf,19.8,2026-07-19T04:00:00+00:00,19.8,76229
2026-07-19,da_nang,accepted,e319b9e6-4aa6-470a-b7f0-22d35e467cbf,22.4,2026-07-19T05:00:00+00:00,22.4,76230
2026-07-19,da_nang,accepted,e319b9e6-4aa6-470a-b7f0-22d35e467cbf,25.8,2026-07-19T06:00:00+00:00,25.8,76231
2026-07-19,da_nang,accepted,e319b9e6-4aa6-470a-b7f0-22d35e467cbf,26.4,2026-07-19T07:00:00+00:00,26.4,76232
2026-07-19,da_nang,accepted,e319b9e6-4aa6-470a-b7f0-22d35e467cbf,25.0,2026-07-19T08:00:00+00:00,25.0,76233
2026-07-19,da_nang,accepted,e319b9e6-4aa6-470a-b7f0-22d35e467cbf,25.3,2026-07-19T09:00:00+00:00,25.3,76234
2026-07-19,da_nang,accepted,e319b9e6-4aa6-470a-b7f0-22d35e467cbf,24.3,2026-07-19T10:00:00+00:00,24.3,76235
2026-07-19,da_nang,accepted,e319b9e6-4aa6-470a-b7f0-22d35e467cbf,21.7,2026-07-19T11:00:00+00:00,21.7,76236
2026-07-19,da_nang,accepted,e319b9e6-4aa6-470a-b7f0-22d35e467cbf,28.4,2026-07-19T12:00:00+00:00,28.4,76237
2026-07-19,da_nang,accepted,e319b9e6-4aa6-470a-b7f0-22d35e467cbf,27.0,2026-07-19T13:00:00+00:00,27.0,76238
2026-07-19,da_nang,accepted,e319b9e6-4aa6-470a-b7f0-22d35e467cbf,25.6,2026-07-19T14:00:00+00:00,25.6,76239
2026-07-19,da_nang,accepted,e319b9e6-4aa6-470a-b7f0-22d35e467cbf,24.9,2026-07-19T15:00:00+00:00,24.9,76240
2026-07-19,da_nang,accepted,e319b9e6-4aa6-470a-b7f0-22d35e467cbf,25.3,2026-07-19T16:00:00+00:00,25.3,76241
2026-07-20,da_nang,accepted,e319b9e6-4aa6-470a-b7f0-22d35e467cbf,26.3,2026-07-19T17:00:00+00:00,26.3,76242
2026-07-20,da_nang,accepted,e319b9e6-4aa6-470a-b7f0-22d35e467cbf,25.8,2026-07-19T18:00:00+00:00,25.8,76243
2026-07-20,da_nang,accepted,e319b9e6-4aa6-470a-b7f0-22d35e467cbf,24.9,2026-07-19T19:00:00+00:00,24.9,76244
2026-07-20,da_nang,accepted,e319b9e6-4aa6-470a-b7f0-22d35e467cbf,24.9,2026-07-19T20:00:00+00:00,24.9,76245
2026-07-20,da_nang,accepted,e319b9e6-4aa6-470a-b7f0-22d35e467cbf,24.9,2026-07-19T21:00:00+00:00,24.9,76246
2026-07-20,da_nang,accepted,e319b9e6-4aa6-470a-b7f0-22d35e467cbf,24.9,2026-07-19T22:00:00+00:00,24.9,76247
2026-07-20,da_nang,accepted,e319b9e6-4aa6-470a-b7f0-22d35e467cbf,20.9,2026-07-19T23:00:00+00:00,20.9,76248
2026-07-20,da_nang,accepted,3ed37eb1-d27e-4fc7-a351-213ba0b872eb,19.1,2026-07-20T00:00:00+00:00,19.1,77257
2026-07-20,da_nang,accepted,3ed37eb1-d27e-4fc7-a351-213ba0b872eb,13.4,2026-07-20T01:00:00+00:00,13.4,77258
2026-07-20,da_nang,accepted,3ed37eb1-d27e-4fc7-a351-213ba0b872eb,12.1,2026-07-20T02:00:00+00:00,12.1,77259
2026-07-20,da_nang,accepted,3ed37eb1-d27e-4fc7-a351-213ba0b872eb,12.3,2026-07-20T03:00:00+00:00,12.3,77260
2026-07-20,da_nang,accepted,3ed37eb1-d27e-4fc7-a351-213ba0b872eb,15.1,2026-07-20T04:00:00+00:00,15.1,77261
2026-07-20,da_nang,accepted,3ed37eb1-d27e-4fc7-a351-213ba0b872eb,19.7,2026-07-20T05:00:00+00:00,19.7,77262
2026-07-20,da_nang,accepted,3ed37eb1-d27e-4fc7-a351-213ba0b872eb,23.1,2026-07-20T06:00:00+00:00,23.1,77263
2026-07-20,da_nang,accepted,3ed37eb1-d27e-4fc7-a351-213ba0b872eb,23.9,2026-07-20T07:00:00+00:00,23.9,77264
2026-07-20,da_nang,accepted,3ed37eb1-d27e-4fc7-a351-213ba0b872eb,23.0,2026-07-20T08:00:00+00:00,23.0,77265
2026-07-20,da_nang,accepted,3ed37eb1-d27e-4fc7-a351-213ba0b872eb,21.9,2026-07-20T09:00:00+00:00,21.9,77266
2026-07-20,da_nang,accepted,3ed37eb1-d27e-4fc7-a351-213ba0b872eb,22.7,2026-07-20T10:00:00+00:00,22.7,77267
2026-07-20,da_nang,accepted,3ed37eb1-d27e-4fc7-a351-213ba0b872eb,21.3,2026-07-20T11:00:00+00:00,21.3,77268
2026-07-20,da_nang,accepted,3ed37eb1-d27e-4fc7-a351-213ba0b872eb,20.9,2026-07-20T12:00:00+00:00,20.9,77269
2026-07-20,da_nang,accepted,3ed37eb1-d27e-4fc7-a351-213ba0b872eb,20.3,2026-07-20T13:00:00+00:00,20.3,77270
2026-07-20,da_nang,accepted,3ed37eb1-d27e-4fc7-a351-213ba0b872eb,20.0,2026-07-20T14:00:00+00:00,20.0,77271
2026-07-20,da_nang,accepted,3ed37eb1-d27e-4fc7-a351-213ba0b872eb,20.6,2026-07-20T15:00:00+00:00,20.6,77272
2026-07-20,da_nang,accepted,3ed37eb1-d27e-4fc7-a351-213ba0b872eb,21.8,2026-07-20T16:00:00+00:00,21.8,77273
2026-07-21,da_nang,accepted,3ed37eb1-d27e-4fc7-a351-213ba0b872eb,23.2,2026-07-20T17:00:00+00:00,23.2,77274
2026-07-21,da_nang,accepted,3ed37eb1-d27e-4fc7-a351-213ba0b872eb,24.9,2026-07-20T18:00:00+00:00,24.9,77275
2026-07-21,da_nang,accepted,3ed37eb1-d27e-4fc7-a351-213ba0b872eb,26.6,2026-07-20T19:00:00+00:00,26.6,77276
2026-07-21,da_nang,accepted,3ed37eb1-d27e-4fc7-a351-213ba0b872eb,28.5,2026-07-20T20:00:00+00:00,28.5,77277
2026-07-21,da_nang,accepted,3ed37eb1-d27e-4fc7-a351-213ba0b872eb,28.5,2026-07-20T21:00:00+00:00,28.5,77278
2026-07-21,da_nang,accepted,3ed37eb1-d27e-4fc7-a351-213ba0b872eb,27.4,2026-07-20T22:00:00+00:00,27.4,77279
2026-07-21,da_nang,accepted,3ed37eb1-d27e-4fc7-a351-213ba0b872eb,26.6,2026-07-20T23:00:00+00:00,26.6,77280
2026-07-21,da_nang,accepted,3ed37eb1-d27e-4fc7-a351-213ba0b872eb,26.3,2026-07-21T00:00:00+00:00,26.3,77281
2026-07-21,da_nang,accepted,3ed37eb1-d27e-4fc7-a351-213ba0b872eb,29.3,2026-07-21T01:00:00+00:00,29.3,77282
2026-07-21,da_nang,accepted,3ed37eb1-d27e-4fc7-a351-213ba0b872eb,24.7,2026-07-21T02:00:00+00:00,24.7,77283
2026-07-21,da_nang,accepted,3ed37eb1-d27e-4fc7-a351-213ba0b872eb,21.7,2026-07-21T03:00:00+00:00,21.7,77284
2026-07-21,da_nang,accepted,3ed37eb1-d27e-4fc7-a351-213ba0b872eb,25.0,2026-07-21T04:00:00+00:00,25.0,77285
2026-07-21,da_nang,accepted,3ed37eb1-d27e-4fc7-a351-213ba0b872eb,30.2,2026-07-21T05:00:00+00:00,30.2,77286
2026-07-21,da_nang,accepted,3ed37eb1-d27e-4fc7-a351-213ba0b872eb,33.2,2026-07-21T06:00:00+00:00,33.2,77287
2026-07-21,da_nang,accepted,3ed37eb1-d27e-4fc7-a351-213ba0b872eb,33.5,2026-07-21T07:00:00+00:00,33.5,77288
2026-07-21,da_nang,accepted,3ed37eb1-d27e-4fc7-a351-213ba0b872eb,31.2,2026-07-21T08:00:00+00:00,31.2,77289
2026-07-21,da_nang,accepted,3ed37eb1-d27e-4fc7-a351-213ba0b872eb,27.8,2026-07-21T09:00:00+00:00,27.8,77290
2026-07-21,da_nang,accepted,3ed37eb1-d27e-4fc7-a351-213ba0b872eb,25.0,2026-07-21T10:00:00+00:00,25.0,77291
2026-07-21,da_nang,accepted,3ed37eb1-d27e-4fc7-a351-213ba0b872eb,25.8,2026-07-21T11:00:00+00:00,25.8,77292
2026-07-21,da_nang,accepted,3ed37eb1-d27e-4fc7-a351-213ba0b872eb,19.6,2026-07-21T12:00:00+00:00,19.6,77293
2026-07-21,da_nang,accepted,3ed37eb1-d27e-4fc7-a351-213ba0b872eb,16.9,2026-07-21T13:00:00+00:00,16.9,77294
2026-07-21,da_nang,accepted,3ed37eb1-d27e-4fc7-a351-213ba0b872eb,15.6,2026-07-21T14:00:00+00:00,15.6,77295
2026-07-21,da_nang,accepted,3ed37eb1-d27e-4fc7-a351-213ba0b872eb,14.6,2026-07-21T15:00:00+00:00,14.6,77296
2026-07-21,da_nang,accepted,3ed37eb1-d27e-4fc7-a351-213ba0b872eb,14.7,2026-07-21T16:00:00+00:00,14.7,77297
2026-07-22,da_nang,accepted,3ed37eb1-d27e-4fc7-a351-213ba0b872eb,16.3,2026-07-21T17:00:00+00:00,16.3,77298
2026-07-22,da_nang,accepted,3ed37eb1-d27e-4fc7-a351-213ba0b872eb,18.7,2026-07-21T18:00:00+00:00,18.7,77299
2026-07-22,da_nang,accepted,3ed37eb1-d27e-4fc7-a351-213ba0b872eb,22.4,2026-07-21T19:00:00+00:00,22.4,77300
2026-07-22,da_nang,accepted,3ed37eb1-d27e-4fc7-a351-213ba0b872eb,26.0,2026-07-21T20:00:00+00:00,26.0,77301
2026-07-22,da_nang,accepted,3ed37eb1-d27e-4fc7-a351-213ba0b872eb,27.9,2026-07-21T21:00:00+00:00,27.9,77302
2026-07-22,da_nang,accepted,3ed37eb1-d27e-4fc7-a351-213ba0b872eb,28.0,2026-07-21T22:00:00+00:00,28.0,77303
2026-07-22,da_nang,accepted,3ed37eb1-d27e-4fc7-a351-213ba0b872eb,28.4,2026-07-21T23:00:00+00:00,28.4,77304
2026-07-22,da_nang,accepted,3ed37eb1-d27e-4fc7-a351-213ba0b872eb,21.8,2026-07-22T00:00:00+00:00,21.8,77305
2026-07-22,da_nang,accepted,3ed37eb1-d27e-4fc7-a351-213ba0b872eb,19.6,2026-07-22T01:00:00+00:00,19.6,77306
2026-07-22,da_nang,accepted,3ed37eb1-d27e-4fc7-a351-213ba0b872eb,18.7,2026-07-22T02:00:00+00:00,18.7,77307
2026-07-22,da_nang,accepted,3ed37eb1-d27e-4fc7-a351-213ba0b872eb,21.2,2026-07-22T03:00:00+00:00,21.2,77308
2026-07-22,da_nang,accepted,3ed37eb1-d27e-4fc7-a351-213ba0b872eb,22.8,2026-07-22T04:00:00+00:00,22.8,77309
2026-07-22,da_nang,accepted,3ed37eb1-d27e-4fc7-a351-213ba0b872eb,25.5,2026-07-22T05:00:00+00:00,25.5,77310
2026-07-22,da_nang,accepted,3ed37eb1-d27e-4fc7-a351-213ba0b872eb,27.3,2026-07-22T06:00:00+00:00,27.3,77311
2026-07-22,da_nang,accepted,3ed37eb1-d27e-4fc7-a351-213ba0b872eb,24.4,2026-07-22T07:00:00+00:00,24.4,77312
2026-07-22,da_nang,accepted,3ed37eb1-d27e-4fc7-a351-213ba0b872eb,19.8,2026-07-22T08:00:00+00:00,19.8,77313
2026-07-22,da_nang,accepted,3ed37eb1-d27e-4fc7-a351-213ba0b872eb,17.1,2026-07-22T09:00:00+00:00,17.1,77314
2026-07-22,da_nang,accepted,3ed37eb1-d27e-4fc7-a351-213ba0b872eb,15.6,2026-07-22T10:00:00+00:00,15.6,77315
2026-07-22,da_nang,accepted,3ed37eb1-d27e-4fc7-a351-213ba0b872eb,18.5,2026-07-22T11:00:00+00:00,18.5,77316
2026-07-22,da_nang,accepted,3ed37eb1-d27e-4fc7-a351-213ba0b872eb,12.1,2026-07-22T12:00:00+00:00,12.1,77317
2026-07-22,da_nang,accepted,3ed37eb1-d27e-4fc7-a351-213ba0b872eb,15.3,2026-07-22T13:00:00+00:00,15.3,77318
2026-07-22,da_nang,accepted,3ed37eb1-d27e-4fc7-a351-213ba0b872eb,18.6,2026-07-22T14:00:00+00:00,18.6,77319
2026-07-22,da_nang,accepted,3ed37eb1-d27e-4fc7-a351-213ba0b872eb,21.9,2026-07-22T15:00:00+00:00,21.9,77320
2026-07-22,da_nang,accepted,3ed37eb1-d27e-4fc7-a351-213ba0b872eb,24.7,2026-07-22T16:00:00+00:00,24.7,77321
2026-07-23,da_nang,accepted,3ed37eb1-d27e-4fc7-a351-213ba0b872eb,26.4,2026-07-22T17:00:00+00:00,26.4,77322
2026-07-23,da_nang,accepted,3ed37eb1-d27e-4fc7-a351-213ba0b872eb,28.1,2026-07-22T18:00:00+00:00,28.1,77323
2026-07-23,da_nang,accepted,3ed37eb1-d27e-4fc7-a351-213ba0b872eb,28.6,2026-07-22T19:00:00+00:00,28.6,77324
2026-07-23,da_nang,accepted,3ed37eb1-d27e-4fc7-a351-213ba0b872eb,28.1,2026-07-22T20:00:00+00:00,28.1,77325
2026-07-23,da_nang,accepted,3ed37eb1-d27e-4fc7-a351-213ba0b872eb,26.6,2026-07-22T21:00:00+00:00,26.6,77326
2026-07-23,da_nang,accepted,3ed37eb1-d27e-4fc7-a351-213ba0b872eb,24.1,2026-07-22T22:00:00+00:00,24.1,77327
2026-07-23,da_nang,accepted,3ed37eb1-d27e-4fc7-a351-213ba0b872eb,22.0,2026-07-22T23:00:00+00:00,22.0,77328
2026-07-23,da_nang,accepted,3ed37eb1-d27e-4fc7-a351-213ba0b872eb,24.2,2026-07-23T00:00:00+00:00,24.2,77329
2026-07-23,da_nang,accepted,3ed37eb1-d27e-4fc7-a351-213ba0b872eb,22.3,2026-07-23T01:00:00+00:00,22.3,77330
2026-07-23,da_nang,accepted,3ed37eb1-d27e-4fc7-a351-213ba0b872eb,18.9,2026-07-23T02:00:00+00:00,18.9,77331
2026-07-23,da_nang,accepted,3ed37eb1-d27e-4fc7-a351-213ba0b872eb,17.5,2026-07-23T03:00:00+00:00,17.5,77332
2026-07-23,da_nang,accepted,3ed37eb1-d27e-4fc7-a351-213ba0b872eb,18.8,2026-07-23T04:00:00+00:00,18.8,77333
2026-07-23,da_nang,accepted,3ed37eb1-d27e-4fc7-a351-213ba0b872eb,22.9,2026-07-23T05:00:00+00:00,22.9,77334
2026-07-23,da_nang,accepted,3ed37eb1-d27e-4fc7-a351-213ba0b872eb,27.0,2026-07-23T06:00:00+00:00,27.0,77335
2026-07-23,da_nang,accepted,3ed37eb1-d27e-4fc7-a351-213ba0b872eb,24.2,2026-07-23T07:00:00+00:00,24.2,77336
2026-07-23,da_nang,accepted,3ed37eb1-d27e-4fc7-a351-213ba0b872eb,20.3,2026-07-23T08:00:00+00:00,20.3,77337
2026-07-23,da_nang,accepted,3ed37eb1-d27e-4fc7-a351-213ba0b872eb,19.0,2026-07-23T09:00:00+00:00,19.0,77338
2026-07-23,da_nang,accepted,3ed37eb1-d27e-4fc7-a351-213ba0b872eb,20.5,2026-07-23T10:00:00+00:00,20.5,77339
2026-07-23,da_nang,accepted,3ed37eb1-d27e-4fc7-a351-213ba0b872eb,23.5,2026-07-23T11:00:00+00:00,23.5,77340
2026-07-23,da_nang,accepted,3ed37eb1-d27e-4fc7-a351-213ba0b872eb,13.2,2026-07-23T12:00:00+00:00,13.2,77341
2026-07-23,da_nang,accepted,3ed37eb1-d27e-4fc7-a351-213ba0b872eb,15.5,2026-07-23T13:00:00+00:00,15.5,77342
2026-07-23,da_nang,accepted,3ed37eb1-d27e-4fc7-a351-213ba0b872eb,14.1,2026-07-23T14:00:00+00:00,14.1,77343
2026-07-23,da_nang,accepted,3ed37eb1-d27e-4fc7-a351-213ba0b872eb,13.8,2026-07-23T15:00:00+00:00,13.8,77344
2026-07-23,da_nang,accepted,3ed37eb1-d27e-4fc7-a351-213ba0b872eb,14.2,2026-07-23T16:00:00+00:00,14.2,77345
2026-07-24,da_nang,accepted,3ed37eb1-d27e-4fc7-a351-213ba0b872eb,15.5,2026-07-23T17:00:00+00:00,15.5,77346
2026-07-24,da_nang,accepted,3ed37eb1-d27e-4fc7-a351-213ba0b872eb,16.3,2026-07-23T18:00:00+00:00,16.3,77347
2026-07-24,da_nang,accepted,3ed37eb1-d27e-4fc7-a351-213ba0b872eb,16.5,2026-07-23T19:00:00+00:00,16.5,77348
2026-07-24,da_nang,accepted,3ed37eb1-d27e-4fc7-a351-213ba0b872eb,16.2,2026-07-23T20:00:00+00:00,16.2,77349
2026-07-24,da_nang,accepted,3ed37eb1-d27e-4fc7-a351-213ba0b872eb,15.8,2026-07-23T21:00:00+00:00,15.8,77350
2026-07-24,da_nang,accepted,3ed37eb1-d27e-4fc7-a351-213ba0b872eb,15.4,2026-07-23T22:00:00+00:00,15.4,77351
2026-07-24,da_nang,accepted,3ed37eb1-d27e-4fc7-a351-213ba0b872eb,15.7,2026-07-23T23:00:00+00:00,15.7,77352
2026-07-24,da_nang,accepted,3ed37eb1-d27e-4fc7-a351-213ba0b872eb,8.2,2026-07-24T00:00:00+00:00,8.2,77353
2026-07-24,da_nang,accepted,3ed37eb1-d27e-4fc7-a351-213ba0b872eb,10.8,2026-07-24T01:00:00+00:00,10.8,77354
2026-07-24,da_nang,accepted,3ed37eb1-d27e-4fc7-a351-213ba0b872eb,14.1,2026-07-24T02:00:00+00:00,14.1,77355
2026-07-24,da_nang,accepted,3ed37eb1-d27e-4fc7-a351-213ba0b872eb,18.6,2026-07-24T03:00:00+00:00,18.6,77356
2026-07-24,da_nang,accepted,3ed37eb1-d27e-4fc7-a351-213ba0b872eb,23.2,2026-07-24T04:00:00+00:00,23.2,77357
2026-07-24,da_nang,accepted,3ed37eb1-d27e-4fc7-a351-213ba0b872eb,26.1,2026-07-24T05:00:00+00:00,26.1,77358
2026-07-24,da_nang,accepted,3ed37eb1-d27e-4fc7-a351-213ba0b872eb,25.2,2026-07-24T06:00:00+00:00,25.2,77359
2026-07-24,da_nang,accepted,3ed37eb1-d27e-4fc7-a351-213ba0b872eb,22.2,2026-07-24T07:00:00+00:00,22.2,77360
2026-07-24,da_nang,accepted,3ed37eb1-d27e-4fc7-a351-213ba0b872eb,19.3,2026-07-24T08:00:00+00:00,19.3,77361
2026-07-24,da_nang,accepted,3ed37eb1-d27e-4fc7-a351-213ba0b872eb,16.2,2026-07-24T09:00:00+00:00,16.2,77362
2026-07-24,da_nang,accepted,3ed37eb1-d27e-4fc7-a351-213ba0b872eb,14.3,2026-07-24T10:00:00+00:00,14.3,77363
2026-07-24,da_nang,accepted,3ed37eb1-d27e-4fc7-a351-213ba0b872eb,16.1,2026-07-24T11:00:00+00:00,16.1,77364
2026-07-24,da_nang,accepted,3ed37eb1-d27e-4fc7-a351-213ba0b872eb,12.4,2026-07-24T12:00:00+00:00,12.4,77365
2026-07-24,da_nang,accepted,3ed37eb1-d27e-4fc7-a351-213ba0b872eb,12.5,2026-07-24T13:00:00+00:00,12.5,77366
2026-07-24,da_nang,accepted,3ed37eb1-d27e-4fc7-a351-213ba0b872eb,12.6,2026-07-24T14:00:00+00:00,12.6,77367
2026-07-24,da_nang,accepted,3ed37eb1-d27e-4fc7-a351-213ba0b872eb,12.9,2026-07-24T15:00:00+00:00,12.9,77368
2026-07-24,da_nang,accepted,3ed37eb1-d27e-4fc7-a351-213ba0b872eb,13.1,2026-07-24T16:00:00+00:00,13.1,77369
2026-07-25,da_nang,accepted,3ed37eb1-d27e-4fc7-a351-213ba0b872eb,13.9,2026-07-24T17:00:00+00:00,13.9,77370
2026-07-25,da_nang,accepted,3ed37eb1-d27e-4fc7-a351-213ba0b872eb,13.8,2026-07-24T18:00:00+00:00,13.8,77371
2026-07-25,da_nang,accepted,3ed37eb1-d27e-4fc7-a351-213ba0b872eb,13.1,2026-07-24T19:00:00+00:00,13.1,77372
2026-07-25,da_nang,accepted,3ed37eb1-d27e-4fc7-a351-213ba0b872eb,13.6,2026-07-24T20:00:00+00:00,13.6,77373
2026-07-25,da_nang,accepted,3ed37eb1-d27e-4fc7-a351-213ba0b872eb,14.8,2026-07-24T21:00:00+00:00,14.8,77374
2026-07-25,da_nang,accepted,3ed37eb1-d27e-4fc7-a351-213ba0b872eb,16.6,2026-07-24T22:00:00+00:00,16.6,77375
2026-07-25,da_nang,accepted,3ed37eb1-d27e-4fc7-a351-213ba0b872eb,18.3,2026-07-24T23:00:00+00:00,18.3,77376
2026-07-25,da_nang,accepted,3ed37eb1-d27e-4fc7-a351-213ba0b872eb,16.1,2026-07-25T00:00:00+00:00,16.1,77377
2026-07-25,da_nang,accepted,3ed37eb1-d27e-4fc7-a351-213ba0b872eb,18.6,2026-07-25T01:00:00+00:00,18.6,77378
2026-07-25,da_nang,accepted,3ed37eb1-d27e-4fc7-a351-213ba0b872eb,21.7,2026-07-25T02:00:00+00:00,21.7,77379
2026-07-25,da_nang,accepted,3ed37eb1-d27e-4fc7-a351-213ba0b872eb,26.1,2026-07-25T03:00:00+00:00,26.1,77380
2026-07-25,da_nang,accepted,3ed37eb1-d27e-4fc7-a351-213ba0b872eb,31.3,2026-07-25T04:00:00+00:00,31.3,77381
2026-07-25,da_nang,accepted,3ed37eb1-d27e-4fc7-a351-213ba0b872eb,35.0,2026-07-25T05:00:00+00:00,35.0,77382
2026-07-25,da_nang,accepted,3ed37eb1-d27e-4fc7-a351-213ba0b872eb,34.2,2026-07-25T06:00:00+00:00,34.2,77383
2026-07-25,da_nang,accepted,3ed37eb1-d27e-4fc7-a351-213ba0b872eb,31.4,2026-07-25T07:00:00+00:00,31.4,77384
2026-07-25,da_nang,accepted,3ed37eb1-d27e-4fc7-a351-213ba0b872eb,27.5,2026-07-25T08:00:00+00:00,27.5,77385
2026-07-25,da_nang,accepted,3ed37eb1-d27e-4fc7-a351-213ba0b872eb,23.2,2026-07-25T09:00:00+00:00,23.2,77386
2026-07-25,da_nang,accepted,3ed37eb1-d27e-4fc7-a351-213ba0b872eb,18.9,2026-07-25T10:00:00+00:00,18.9,77387
2026-07-25,da_nang,accepted,3ed37eb1-d27e-4fc7-a351-213ba0b872eb,15.8,2026-07-25T11:00:00+00:00,15.8,77388
2026-07-25,da_nang,accepted,3ed37eb1-d27e-4fc7-a351-213ba0b872eb,20.0,2026-07-25T12:00:00+00:00,20.0,77389
2026-07-25,da_nang,accepted,3ed37eb1-d27e-4fc7-a351-213ba0b872eb,19.2,2026-07-25T13:00:00+00:00,19.2,77390
2026-07-25,da_nang,accepted,3ed37eb1-d27e-4fc7-a351-213ba0b872eb,18.7,2026-07-25T14:00:00+00:00,18.7,77391
2026-07-25,da_nang,accepted,3ed37eb1-d27e-4fc7-a351-213ba0b872eb,18.3,2026-07-25T15:00:00+00:00,18.3,77392
2026-07-25,da_nang,accepted,3ed37eb1-d27e-4fc7-a351-213ba0b872eb,18.7,2026-07-25T16:00:00+00:00,18.7,77393
2026-07-26,da_nang,accepted,3ed37eb1-d27e-4fc7-a351-213ba0b872eb,19.7,2026-07-25T17:00:00+00:00,19.7,77394
2026-07-26,da_nang,accepted,3ed37eb1-d27e-4fc7-a351-213ba0b872eb,20.8,2026-07-25T18:00:00+00:00,20.8,77395
2026-07-26,da_nang,accepted,3ed37eb1-d27e-4fc7-a351-213ba0b872eb,21.8,2026-07-25T19:00:00+00:00,21.8,77396
2026-07-26,da_nang,accepted,3ed37eb1-d27e-4fc7-a351-213ba0b872eb,23.1,2026-07-25T20:00:00+00:00,23.1,77397
2026-07-26,da_nang,accepted,3ed37eb1-d27e-4fc7-a351-213ba0b872eb,25.6,2026-07-25T21:00:00+00:00,25.6,77398
2026-07-26,da_nang,accepted,3ed37eb1-d27e-4fc7-a351-213ba0b872eb,27.9,2026-07-25T22:00:00+00:00,27.9,77399
2026-07-26,da_nang,accepted,3ed37eb1-d27e-4fc7-a351-213ba0b872eb,30.9,2026-07-25T23:00:00+00:00,30.9,77400
2026-07-26,da_nang,accepted,3ed37eb1-d27e-4fc7-a351-213ba0b872eb,38.4,2026-07-26T00:00:00+00:00,38.4,77401
2026-07-26,da_nang,accepted,3ed37eb1-d27e-4fc7-a351-213ba0b872eb,37.8,2026-07-26T01:00:00+00:00,37.8,77402
2026-07-26,da_nang,accepted,3ed37eb1-d27e-4fc7-a351-213ba0b872eb,37.3,2026-07-26T02:00:00+00:00,37.3,77403
2026-07-26,da_nang,accepted,3ed37eb1-d27e-4fc7-a351-213ba0b872eb,36.8,2026-07-26T03:00:00+00:00,36.8,77404
2026-07-26,da_nang,accepted,3ed37eb1-d27e-4fc7-a351-213ba0b872eb,38.4,2026-07-26T04:00:00+00:00,38.4,77405
2026-07-26,da_nang,accepted,3ed37eb1-d27e-4fc7-a351-213ba0b872eb,41.7,2026-07-26T05:00:00+00:00,41.7,77406
2026-07-26,da_nang,accepted,3ed37eb1-d27e-4fc7-a351-213ba0b872eb,43.3,2026-07-26T06:00:00+00:00,43.3,77407
2026-07-26,da_nang,accepted,3ed37eb1-d27e-4fc7-a351-213ba0b872eb,40.5,2026-07-26T07:00:00+00:00,40.5,77408
2026-07-26,da_nang,accepted,3ed37eb1-d27e-4fc7-a351-213ba0b872eb,33.3,2026-07-26T08:00:00+00:00,33.3,77409
2026-07-26,da_nang,accepted,3ed37eb1-d27e-4fc7-a351-213ba0b872eb,26.0,2026-07-26T09:00:00+00:00,26.0,77410
2026-07-26,da_nang,accepted,3ed37eb1-d27e-4fc7-a351-213ba0b872eb,19.2,2026-07-26T10:00:00+00:00,19.2,77411
2026-07-26,da_nang,accepted,3ed37eb1-d27e-4fc7-a351-213ba0b872eb,19.2,2026-07-26T11:00:00+00:00,19.2,77412
2026-07-26,da_nang,accepted,3ed37eb1-d27e-4fc7-a351-213ba0b872eb,8.2,2026-07-26T12:00:00+00:00,8.2,77413
2026-07-26,da_nang,accepted,3ed37eb1-d27e-4fc7-a351-213ba0b872eb,10.8,2026-07-26T13:00:00+00:00,10.8,77414
2026-07-26,da_nang,accepted,3ed37eb1-d27e-4fc7-a351-213ba0b872eb,13.6,2026-07-26T14:00:00+00:00,13.6,77415
2026-07-26,da_nang,accepted,3ed37eb1-d27e-4fc7-a351-213ba0b872eb,15.4,2026-07-26T15:00:00+00:00,15.4,77416
2026-07-26,da_nang,accepted,3ed37eb1-d27e-4fc7-a351-213ba0b872eb,17.0,2026-07-26T16:00:00+00:00,17.0,77417
2026-07-27,da_nang,accepted,3ed37eb1-d27e-4fc7-a351-213ba0b872eb,17.3,2026-07-26T17:00:00+00:00,17.3,77418
2026-07-27,da_nang,accepted,3ed37eb1-d27e-4fc7-a351-213ba0b872eb,17.6,2026-07-26T18:00:00+00:00,17.6,77419
2026-07-27,da_nang,accepted,3ed37eb1-d27e-4fc7-a351-213ba0b872eb,18.0,2026-07-26T19:00:00+00:00,18.0,77420
2026-07-27,da_nang,accepted,3ed37eb1-d27e-4fc7-a351-213ba0b872eb,18.3,2026-07-26T20:00:00+00:00,18.3,77421
2026-07-27,da_nang,accepted,3ed37eb1-d27e-4fc7-a351-213ba0b872eb,18.5,2026-07-26T21:00:00+00:00,18.5,77422
2026-07-27,da_nang,accepted,3ed37eb1-d27e-4fc7-a351-213ba0b872eb,17.8,2026-07-26T22:00:00+00:00,17.8,77423
2026-07-27,da_nang,accepted,3ed37eb1-d27e-4fc7-a351-213ba0b872eb,17.6,2026-07-26T23:00:00+00:00,17.6,77424
2026-07-27,da_nang,accepted,b2e1cc81-228a-4f3c-8f18-4154e70e2e91,14.8,2026-07-27T00:00:00+00:00,14.8,78433
2026-07-27,da_nang,accepted,b2e1cc81-228a-4f3c-8f18-4154e70e2e91,15.9,2026-07-27T01:00:00+00:00,15.9,78434
2026-07-27,da_nang,accepted,b2e1cc81-228a-4f3c-8f18-4154e70e2e91,16.1,2026-07-27T02:00:00+00:00,16.1,78435
2026-07-27,da_nang,accepted,b2e1cc81-228a-4f3c-8f18-4154e70e2e91,17.8,2026-07-27T03:00:00+00:00,17.8,78436
2026-07-27,da_nang,accepted,b2e1cc81-228a-4f3c-8f18-4154e70e2e91,21.4,2026-07-27T04:00:00+00:00,21.4,78437
2026-07-27,da_nang,accepted,b2e1cc81-228a-4f3c-8f18-4154e70e2e91,25.4,2026-07-27T05:00:00+00:00,25.4,78438
2026-07-27,da_nang,accepted,b2e1cc81-228a-4f3c-8f18-4154e70e2e91,26.8,2026-07-27T06:00:00+00:00,26.8,78439
2026-07-27,da_nang,accepted,b2e1cc81-228a-4f3c-8f18-4154e70e2e91,23.5,2026-07-27T07:00:00+00:00,23.5,78440
2026-07-27,da_nang,accepted,b2e1cc81-228a-4f3c-8f18-4154e70e2e91,18.9,2026-07-27T08:00:00+00:00,18.9,78441
2026-07-27,da_nang,accepted,b2e1cc81-228a-4f3c-8f18-4154e70e2e91,14.6,2026-07-27T09:00:00+00:00,14.6,78442
2026-07-27,da_nang,accepted,b2e1cc81-228a-4f3c-8f18-4154e70e2e91,13.1,2026-07-27T10:00:00+00:00,13.1,78443
2026-07-27,da_nang,accepted,b2e1cc81-228a-4f3c-8f18-4154e70e2e91,13.7,2026-07-27T11:00:00+00:00,13.7,78444
2026-07-27,da_nang,accepted,b2e1cc81-228a-4f3c-8f18-4154e70e2e91,10.6,2026-07-27T12:00:00+00:00,10.6,78445
2026-07-27,da_nang,accepted,b2e1cc81-228a-4f3c-8f18-4154e70e2e91,11.5,2026-07-27T13:00:00+00:00,11.5,78446
2026-07-27,da_nang,accepted,b2e1cc81-228a-4f3c-8f18-4154e70e2e91,12.4,2026-07-27T14:00:00+00:00,12.4,78447
2026-07-27,da_nang,accepted,b2e1cc81-228a-4f3c-8f18-4154e70e2e91,12.3,2026-07-27T15:00:00+00:00,12.3,78448
2026-07-27,da_nang,accepted,b2e1cc81-228a-4f3c-8f18-4154e70e2e91,11.8,2026-07-27T16:00:00+00:00,11.8,78449
2026-07-28,da_nang,accepted,b2e1cc81-228a-4f3c-8f18-4154e70e2e91,11.5,2026-07-27T17:00:00+00:00,11.5,78450
2026-07-28,da_nang,accepted,b2e1cc81-228a-4f3c-8f18-4154e70e2e91,11.6,2026-07-27T18:00:00+00:00,11.6,78451
2026-07-28,da_nang,accepted,b2e1cc81-228a-4f3c-8f18-4154e70e2e91,10.1,2026-07-27T19:00:00+00:00,10.1,78452
2026-07-28,da_nang,accepted,b2e1cc81-228a-4f3c-8f18-4154e70e2e91,8.6,2026-07-27T20:00:00+00:00,8.6,78453
2026-07-28,da_nang,accepted,b2e1cc81-228a-4f3c-8f18-4154e70e2e91,8.0,2026-07-27T21:00:00+00:00,8.0,78454
2026-07-28,da_nang,accepted,b2e1cc81-228a-4f3c-8f18-4154e70e2e91,8.3,2026-07-27T22:00:00+00:00,8.3,78455
2026-07-28,da_nang,accepted,b2e1cc81-228a-4f3c-8f18-4154e70e2e91,9.2,2026-07-27T23:00:00+00:00,9.2,78456
2026-07-28,da_nang,accepted,b2e1cc81-228a-4f3c-8f18-4154e70e2e91,29.1,2026-07-28T00:00:00+00:00,29.1,78457
2026-07-28,da_nang,accepted,b2e1cc81-228a-4f3c-8f18-4154e70e2e91,28.1,2026-07-28T01:00:00+00:00,28.1,78458
2026-07-28,da_nang,accepted,b2e1cc81-228a-4f3c-8f18-4154e70e2e91,28.5,2026-07-28T02:00:00+00:00,28.5,78459
2026-07-28,da_nang,accepted,b2e1cc81-228a-4f3c-8f18-4154e70e2e91,29.9,2026-07-28T03:00:00+00:00,29.9,78460
2026-07-28,da_nang,accepted,b2e1cc81-228a-4f3c-8f18-4154e70e2e91,32.1,2026-07-28T04:00:00+00:00,32.1,78461
2026-07-28,da_nang,accepted,b2e1cc81-228a-4f3c-8f18-4154e70e2e91,31.7,2026-07-28T05:00:00+00:00,31.7,78462
2026-07-28,da_nang,accepted,b2e1cc81-228a-4f3c-8f18-4154e70e2e91,29.4,2026-07-28T06:00:00+00:00,29.4,78463
2026-07-28,da_nang,accepted,b2e1cc81-228a-4f3c-8f18-4154e70e2e91,22.9,2026-07-28T07:00:00+00:00,22.9,78464
2026-07-28,da_nang,accepted,b2e1cc81-228a-4f3c-8f18-4154e70e2e91,16.6,2026-07-28T08:00:00+00:00,16.6,78465
2026-07-28,da_nang,accepted,b2e1cc81-228a-4f3c-8f18-4154e70e2e91,16.6,2026-07-28T09:00:00+00:00,16.6,78466
2026-07-28,da_nang,accepted,b2e1cc81-228a-4f3c-8f18-4154e70e2e91,14.3,2026-07-28T10:00:00+00:00,14.3,78467
2026-07-28,da_nang,accepted,b2e1cc81-228a-4f3c-8f18-4154e70e2e91,13.6,2026-07-28T11:00:00+00:00,13.6,78468
2026-07-28,da_nang,accepted,b2e1cc81-228a-4f3c-8f18-4154e70e2e91,14.2,2026-07-28T12:00:00+00:00,14.2,78469
2026-07-28,da_nang,accepted,b2e1cc81-228a-4f3c-8f18-4154e70e2e91,14.3,2026-07-28T13:00:00+00:00,14.3,78470
2026-07-28,da_nang,accepted,b2e1cc81-228a-4f3c-8f18-4154e70e2e91,14.3,2026-07-28T14:00:00+00:00,14.3,78471
2026-07-28,da_nang,accepted,b2e1cc81-228a-4f3c-8f18-4154e70e2e91,13.9,2026-07-28T15:00:00+00:00,13.9,78472
2026-07-28,da_nang,accepted,b2e1cc81-228a-4f3c-8f18-4154e70e2e91,14.6,2026-07-28T16:00:00+00:00,14.6,78473
2026-07-29,da_nang,accepted,b2e1cc81-228a-4f3c-8f18-4154e70e2e91,15.4,2026-07-28T17:00:00+00:00,15.4,78474
2026-07-29,da_nang,accepted,b2e1cc81-228a-4f3c-8f18-4154e70e2e91,16.6,2026-07-28T18:00:00+00:00,16.6,78475
2026-07-29,da_nang,accepted,b2e1cc81-228a-4f3c-8f18-4154e70e2e91,17.9,2026-07-28T19:00:00+00:00,17.9,78476
2026-07-29,da_nang,accepted,b2e1cc81-228a-4f3c-8f18-4154e70e2e91,18.7,2026-07-28T20:00:00+00:00,18.7,78477
2026-07-29,da_nang,accepted,b2e1cc81-228a-4f3c-8f18-4154e70e2e91,19.9,2026-07-28T21:00:00+00:00,19.9,78478
2026-07-29,da_nang,accepted,b2e1cc81-228a-4f3c-8f18-4154e70e2e91,20.3,2026-07-28T22:00:00+00:00,20.3,78479
2026-07-29,da_nang,accepted,b2e1cc81-228a-4f3c-8f18-4154e70e2e91,19.6,2026-07-28T23:00:00+00:00,19.6,78480
2026-07-29,da_nang,accepted,b2e1cc81-228a-4f3c-8f18-4154e70e2e91,19.7,2026-07-29T00:00:00+00:00,19.7,78481
2026-07-29,da_nang,accepted,b2e1cc81-228a-4f3c-8f18-4154e70e2e91,19.8,2026-07-29T01:00:00+00:00,19.8,78482
2026-07-29,da_nang,accepted,b2e1cc81-228a-4f3c-8f18-4154e70e2e91,22.8,2026-07-29T02:00:00+00:00,22.8,78483
2026-07-29,da_nang,accepted,b2e1cc81-228a-4f3c-8f18-4154e70e2e91,26.8,2026-07-29T03:00:00+00:00,26.8,78484
2026-07-29,da_nang,accepted,b2e1cc81-228a-4f3c-8f18-4154e70e2e91,30.0,2026-07-29T04:00:00+00:00,30.0,78485
2026-07-29,da_nang,accepted,b2e1cc81-228a-4f3c-8f18-4154e70e2e91,29.4,2026-07-29T05:00:00+00:00,29.4,78486
2026-07-29,da_nang,accepted,b2e1cc81-228a-4f3c-8f18-4154e70e2e91,23.6,2026-07-29T06:00:00+00:00,23.6,78487
2026-07-29,da_nang,accepted,b2e1cc81-228a-4f3c-8f18-4154e70e2e91,15.9,2026-07-29T07:00:00+00:00,15.9,78488
2026-07-29,da_nang,accepted,b2e1cc81-228a-4f3c-8f18-4154e70e2e91,12.4,2026-07-29T08:00:00+00:00,12.4,78489
2026-07-29,da_nang,accepted,b2e1cc81-228a-4f3c-8f18-4154e70e2e91,9.3,2026-07-29T09:00:00+00:00,9.3,78490
2026-07-29,da_nang,accepted,b2e1cc81-228a-4f3c-8f18-4154e70e2e91,8.1,2026-07-29T10:00:00+00:00,8.1,78491
2026-07-29,da_nang,accepted,b2e1cc81-228a-4f3c-8f18-4154e70e2e91,7.7,2026-07-29T11:00:00+00:00,7.7,78492
2026-07-29,da_nang,accepted,b2e1cc81-228a-4f3c-8f18-4154e70e2e91,15.3,2026-07-29T12:00:00+00:00,15.3,78493
2026-07-29,da_nang,accepted,b2e1cc81-228a-4f3c-8f18-4154e70e2e91,14.7,2026-07-29T13:00:00+00:00,14.7,78494
2026-07-29,da_nang,accepted,b2e1cc81-228a-4f3c-8f18-4154e70e2e91,14.8,2026-07-29T14:00:00+00:00,14.8,78495
2026-07-29,da_nang,accepted,b2e1cc81-228a-4f3c-8f18-4154e70e2e91,14.6,2026-07-29T15:00:00+00:00,14.6,78496
2026-07-29,da_nang,accepted,b2e1cc81-228a-4f3c-8f18-4154e70e2e91,15.4,2026-07-29T16:00:00+00:00,15.4,78497
2026-07-30,da_nang,accepted,b2e1cc81-228a-4f3c-8f18-4154e70e2e91,15.7,2026-07-29T17:00:00+00:00,15.7,78498
2026-07-30,da_nang,accepted,b2e1cc81-228a-4f3c-8f18-4154e70e2e91,15.7,2026-07-29T18:00:00+00:00,15.7,78499
2026-07-30,da_nang,accepted,b2e1cc81-228a-4f3c-8f18-4154e70e2e91,15.8,2026-07-29T19:00:00+00:00,15.8,78500
2026-07-30,da_nang,accepted,b2e1cc81-228a-4f3c-8f18-4154e70e2e91,16.2,2026-07-29T20:00:00+00:00,16.2,78501
2026-07-30,da_nang,accepted,b2e1cc81-228a-4f3c-8f18-4154e70e2e91,16.9,2026-07-29T21:00:00+00:00,16.9,78502
2026-07-30,da_nang,accepted,b2e1cc81-228a-4f3c-8f18-4154e70e2e91,18.2,2026-07-29T22:00:00+00:00,18.2,78503
2026-07-30,da_nang,accepted,b2e1cc81-228a-4f3c-8f18-4154e70e2e91,18.7,2026-07-29T23:00:00+00:00,18.7,78504
2026-07-30,da_nang,accepted,b2e1cc81-228a-4f3c-8f18-4154e70e2e91,14.0,2026-07-30T00:00:00+00:00,14.0,78505
2026-07-30,da_nang,accepted,b2e1cc81-228a-4f3c-8f18-4154e70e2e91,16.5,2026-07-30T01:00:00+00:00,16.5,78506
2026-07-30,da_nang,accepted,b2e1cc81-228a-4f3c-8f18-4154e70e2e91,19.7,2026-07-30T02:00:00+00:00,19.7,78507
2026-07-30,da_nang,accepted,b2e1cc81-228a-4f3c-8f18-4154e70e2e91,21.1,2026-07-30T03:00:00+00:00,21.1,78508
2026-07-30,da_nang,accepted,b2e1cc81-228a-4f3c-8f18-4154e70e2e91,22.2,2026-07-30T04:00:00+00:00,22.2,78509
2026-07-30,da_nang,accepted,b2e1cc81-228a-4f3c-8f18-4154e70e2e91,23.2,2026-07-30T05:00:00+00:00,23.2,78510
2026-07-30,da_nang,accepted,b2e1cc81-228a-4f3c-8f18-4154e70e2e91,21.6,2026-07-30T06:00:00+00:00,21.6,78511
2026-07-30,da_nang,accepted,b2e1cc81-228a-4f3c-8f18-4154e70e2e91,20.8,2026-07-30T07:00:00+00:00,20.8,78512
2026-07-30,da_nang,accepted,b2e1cc81-228a-4f3c-8f18-4154e70e2e91,17.6,2026-07-30T08:00:00+00:00,17.6,78513
2026-07-30,da_nang,accepted,b2e1cc81-228a-4f3c-8f18-4154e70e2e91,14.8,2026-07-30T09:00:00+00:00,14.8,78514
2026-07-30,da_nang,accepted,b2e1cc81-228a-4f3c-8f18-4154e70e2e91,14.1,2026-07-30T10:00:00+00:00,14.1,78515
2026-07-30,da_nang,accepted,b2e1cc81-228a-4f3c-8f18-4154e70e2e91,13.5,2026-07-30T11:00:00+00:00,13.5,78516
2026-07-30,da_nang,accepted,b2e1cc81-228a-4f3c-8f18-4154e70e2e91,14.7,2026-07-30T12:00:00+00:00,14.7,78517
2026-07-30,da_nang,accepted,b2e1cc81-228a-4f3c-8f18-4154e70e2e91,15.9,2026-07-30T13:00:00+00:00,15.9,78518
2026-07-30,da_nang,accepted,b2e1cc81-228a-4f3c-8f18-4154e70e2e91,15.5,2026-07-30T14:00:00+00:00,15.5,78519
2026-07-30,da_nang,accepted,b2e1cc81-228a-4f3c-8f18-4154e70e2e91,16.9,2026-07-30T15:00:00+00:00,16.9,78520
2026-07-30,da_nang,accepted,b2e1cc81-228a-4f3c-8f18-4154e70e2e91,17.2,2026-07-30T16:00:00+00:00,17.2,78521
2026-07-31,da_nang,accepted,b2e1cc81-228a-4f3c-8f18-4154e70e2e91,17.1,2026-07-30T17:00:00+00:00,17.1,78522
2026-07-31,da_nang,accepted,b2e1cc81-228a-4f3c-8f18-4154e70e2e91,16.9,2026-07-30T18:00:00+00:00,16.9,78523
2026-07-31,da_nang,accepted,b2e1cc81-228a-4f3c-8f18-4154e70e2e91,16.8,2026-07-30T19:00:00+00:00,16.8,78524
2026-07-31,da_nang,accepted,b2e1cc81-228a-4f3c-8f18-4154e70e2e91,16.6,2026-07-30T20:00:00+00:00,16.6,78525
2026-07-31,da_nang,accepted,b2e1cc81-228a-4f3c-8f18-4154e70e2e91,16.4,2026-07-30T21:00:00+00:00,16.4,78526
2026-07-31,da_nang,accepted,b2e1cc81-228a-4f3c-8f18-4154e70e2e91,16.2,2026-07-30T22:00:00+00:00,16.2,78527
2026-07-31,da_nang,accepted,b2e1cc81-228a-4f3c-8f18-4154e70e2e91,16.4,2026-07-30T23:00:00+00:00,16.4,78528
2026-07-31,da_nang,accepted,b2e1cc81-228a-4f3c-8f18-4154e70e2e91,22.7,2026-07-31T00:00:00+00:00,22.7,78529
2026-07-31,da_nang,accepted,b2e1cc81-228a-4f3c-8f18-4154e70e2e91,22.4,2026-07-31T01:00:00+00:00,22.4,78530
2026-07-31,da_nang,accepted,b2e1cc81-228a-4f3c-8f18-4154e70e2e91,23.4,2026-07-31T02:00:00+00:00,23.4,78531
2026-07-31,da_nang,accepted,b2e1cc81-228a-4f3c-8f18-4154e70e2e91,25.5,2026-07-31T03:00:00+00:00,25.5,78532
2026-07-31,da_nang,accepted,b2e1cc81-228a-4f3c-8f18-4154e70e2e91,29.4,2026-07-31T04:00:00+00:00,29.4,78533
2026-07-31,da_nang,accepted,b2e1cc81-228a-4f3c-8f18-4154e70e2e91,34.3,2026-07-31T05:00:00+00:00,34.3,78534
2026-07-31,da_nang,accepted,b2e1cc81-228a-4f3c-8f18-4154e70e2e91,38.5,2026-07-31T06:00:00+00:00,38.5,78535
2026-07-31,da_nang,accepted,b2e1cc81-228a-4f3c-8f18-4154e70e2e91,42.5,2026-07-31T07:00:00+00:00,42.5,78536
2026-07-31,da_nang,accepted,b2e1cc81-228a-4f3c-8f18-4154e70e2e91,45.5,2026-07-31T08:00:00+00:00,45.5,78537
2026-07-31,da_nang,accepted,b2e1cc81-228a-4f3c-8f18-4154e70e2e91,43.3,2026-07-31T09:00:00+00:00,43.3,78538
2026-07-31,da_nang,accepted,b2e1cc81-228a-4f3c-8f18-4154e70e2e91,37.6,2026-07-31T10:00:00+00:00,37.6,78539
2026-07-31,da_nang,accepted,b2e1cc81-228a-4f3c-8f18-4154e70e2e91,33.5,2026-07-31T11:00:00+00:00,33.5,78540
2026-07-31,da_nang,accepted,b2e1cc81-228a-4f3c-8f18-4154e70e2e91,26.4,2026-07-31T12:00:00+00:00,26.4,78541
2026-07-31,da_nang,accepted,b2e1cc81-228a-4f3c-8f18-4154e70e2e91,24.2,2026-07-31T13:00:00+00:00,24.2,78542
2026-07-31,da_nang,accepted,b2e1cc81-228a-4f3c-8f18-4154e70e2e91,22.1,2026-07-31T14:00:00+00:00,22.1,78543
2026-07-31,da_nang,accepted,b2e1cc81-228a-4f3c-8f18-4154e70e2e91,23.2,2026-07-31T15:00:00+00:00,23.2,78544
2026-07-31,da_nang,accepted,b2e1cc81-228a-4f3c-8f18-4154e70e2e91,24.2,2026-07-31T16:00:00+00:00,24.2,78545
2026-08-01,da_nang,accepted,b2e1cc81-228a-4f3c-8f18-4154e70e2e91,25.0,2026-07-31T17:00:00+00:00,25.0,78546
2026-08-01,da_nang,accepted,b2e1cc81-228a-4f3c-8f18-4154e70e2e91,25.4,2026-07-31T18:00:00+00:00,25.4,78547
2026-08-01,da_nang,accepted,b2e1cc81-228a-4f3c-8f18-4154e70e2e91,25.3,2026-07-31T19:00:00+00:00,25.3,78548
2026-08-01,da_nang,accepted,b2e1cc81-228a-4f3c-8f18-4154e70e2e91,24.7,2026-07-31T20:00:00+00:00,24.7,78549
2026-08-01,da_nang,accepted,b2e1cc81-228a-4f3c-8f18-4154e70e2e91,24.2,2026-07-31T21:00:00+00:00,24.2,78550
2026-08-01,da_nang,accepted,b2e1cc81-228a-4f3c-8f18-4154e70e2e91,24.1,2026-07-31T22:00:00+00:00,24.1,78551
2026-08-01,da_nang,accepted,b2e1cc81-228a-4f3c-8f18-4154e70e2e91,24.0,2026-07-31T23:00:00+00:00,24.0,78552
2026-08-01,da_nang,accepted,b2e1cc81-228a-4f3c-8f18-4154e70e2e91,18.0,2026-08-01T00:00:00+00:00,18.0,78553
2026-08-01,da_nang,accepted,b2e1cc81-228a-4f3c-8f18-4154e70e2e91,15.9,2026-08-01T01:00:00+00:00,15.9,78554
2026-08-01,da_nang,accepted,b2e1cc81-228a-4f3c-8f18-4154e70e2e91,15.8,2026-08-01T02:00:00+00:00,15.8,78555
2026-08-01,da_nang,accepted,b2e1cc81-228a-4f3c-8f18-4154e70e2e91,16.7,2026-08-01T03:00:00+00:00,16.7,78556
2026-08-01,da_nang,accepted,b2e1cc81-228a-4f3c-8f18-4154e70e2e91,18.2,2026-08-01T04:00:00+00:00,18.2,78557
2026-08-01,da_nang,accepted,b2e1cc81-228a-4f3c-8f18-4154e70e2e91,20.5,2026-08-01T05:00:00+00:00,20.5,78558
2026-08-01,da_nang,accepted,b2e1cc81-228a-4f3c-8f18-4154e70e2e91,22.4,2026-08-01T06:00:00+00:00,22.4,78559
2026-08-01,da_nang,accepted,b2e1cc81-228a-4f3c-8f18-4154e70e2e91,22.8,2026-08-01T07:00:00+00:00,22.8,78560
2026-08-01,da_nang,accepted,b2e1cc81-228a-4f3c-8f18-4154e70e2e91,21.8,2026-08-01T08:00:00+00:00,21.8,78561
2026-08-01,da_nang,accepted,b2e1cc81-228a-4f3c-8f18-4154e70e2e91,20.0,2026-08-01T09:00:00+00:00,20.0,78562
2026-08-01,da_nang,accepted,b2e1cc81-228a-4f3c-8f18-4154e70e2e91,18.2,2026-08-01T10:00:00+00:00,18.2,78563
2026-08-01,da_nang,accepted,b2e1cc81-228a-4f3c-8f18-4154e70e2e91,16.1,2026-08-01T11:00:00+00:00,16.1,78564
2026-08-01,da_nang,accepted,b2e1cc81-228a-4f3c-8f18-4154e70e2e91,16.1,2026-08-01T12:00:00+00:00,16.1,78565
2026-08-01,da_nang,accepted,b2e1cc81-228a-4f3c-8f18-4154e70e2e91,15.5,2026-08-01T13:00:00+00:00,15.5,78566
2026-08-01,da_nang,accepted,b2e1cc81-228a-4f3c-8f18-4154e70e2e91,14.2,2026-08-01T14:00:00+00:00,14.2,78567
2026-08-01,da_nang,accepted,b2e1cc81-228a-4f3c-8f18-4154e70e2e91,12.7,2026-08-01T15:00:00+00:00,12.7,78568
2026-08-01,da_nang,accepted,b2e1cc81-228a-4f3c-8f18-4154e70e2e91,11.4,2026-08-01T16:00:00+00:00,11.4,78569
2026-08-02,da_nang,accepted,b2e1cc81-228a-4f3c-8f18-4154e70e2e91,10.9,2026-08-01T17:00:00+00:00,10.9,78570
2026-08-02,da_nang,accepted,b2e1cc81-228a-4f3c-8f18-4154e70e2e91,11.0,2026-08-01T18:00:00+00:00,11.0,78571
2026-08-02,da_nang,accepted,b2e1cc81-228a-4f3c-8f18-4154e70e2e91,11.7,2026-08-01T19:00:00+00:00,11.7,78572
2026-08-02,da_nang,accepted,b2e1cc81-228a-4f3c-8f18-4154e70e2e91,12.7,2026-08-01T20:00:00+00:00,12.7,78573
2026-08-02,da_nang,accepted,b2e1cc81-228a-4f3c-8f18-4154e70e2e91,14.0,2026-08-01T21:00:00+00:00,14.0,78574
2026-08-02,da_nang,accepted,b2e1cc81-228a-4f3c-8f18-4154e70e2e91,15.9,2026-08-01T22:00:00+00:00,15.9,78575
2026-08-02,da_nang,accepted,b2e1cc81-228a-4f3c-8f18-4154e70e2e91,17.8,2026-08-01T23:00:00+00:00,17.8,78576
2026-08-02,da_nang,accepted,b2e1cc81-228a-4f3c-8f18-4154e70e2e91,15.1,2026-08-02T00:00:00+00:00,15.1,78577
2026-08-02,da_nang,accepted,b2e1cc81-228a-4f3c-8f18-4154e70e2e91,16.2,2026-08-02T01:00:00+00:00,16.2,78578
2026-08-02,da_nang,accepted,b2e1cc81-228a-4f3c-8f18-4154e70e2e91,17.2,2026-08-02T02:00:00+00:00,17.2,78579
2026-08-02,da_nang,accepted,b2e1cc81-228a-4f3c-8f18-4154e70e2e91,17.5,2026-08-02T03:00:00+00:00,17.5,78580
2026-08-02,da_nang,accepted,b2e1cc81-228a-4f3c-8f18-4154e70e2e91,18.7,2026-08-02T04:00:00+00:00,18.7,78581
2026-08-02,da_nang,accepted,b2e1cc81-228a-4f3c-8f18-4154e70e2e91,20.6,2026-08-02T05:00:00+00:00,20.6,78582
2026-08-02,da_nang,accepted,b2e1cc81-228a-4f3c-8f18-4154e70e2e91,21.7,2026-08-02T06:00:00+00:00,21.7,78583
2026-08-02,da_nang,accepted,b2e1cc81-228a-4f3c-8f18-4154e70e2e91,19.9,2026-08-02T07:00:00+00:00,19.9,78584
2026-08-02,da_nang,accepted,b2e1cc81-228a-4f3c-8f18-4154e70e2e91,16.5,2026-08-02T08:00:00+00:00,16.5,78585
2026-08-02,da_nang,accepted,b2e1cc81-228a-4f3c-8f18-4154e70e2e91,15.5,2026-08-02T09:00:00+00:00,15.5,78586
2026-08-02,da_nang,accepted,b2e1cc81-228a-4f3c-8f18-4154e70e2e91,15.2,2026-08-02T10:00:00+00:00,15.2,78587
2026-08-02,da_nang,accepted,b2e1cc81-228a-4f3c-8f18-4154e70e2e91,16.1,2026-08-02T11:00:00+00:00,16.1,78588
2026-08-02,da_nang,accepted,b2e1cc81-228a-4f3c-8f18-4154e70e2e91,13.5,2026-08-02T12:00:00+00:00,13.5,78589
2026-08-02,da_nang,accepted,b2e1cc81-228a-4f3c-8f18-4154e70e2e91,14.3,2026-08-02T13:00:00+00:00,14.3,78590
2026-08-02,da_nang,accepted,b2e1cc81-228a-4f3c-8f18-4154e70e2e91,14.8,2026-08-02T14:00:00+00:00,14.8,78591
2026-08-02,da_nang,accepted,b2e1cc81-228a-4f3c-8f18-4154e70e2e91,16.4,2026-08-02T15:00:00+00:00,16.4,78592
2026-08-02,da_nang,accepted,b2e1cc81-228a-4f3c-8f18-4154e70e2e91,17.3,2026-08-02T16:00:00+00:00,17.3,78593
2026-08-03,da_nang,accepted,b2e1cc81-228a-4f3c-8f18-4154e70e2e91,17.9,2026-08-02T17:00:00+00:00,17.9,78594
2026-08-03,da_nang,accepted,b2e1cc81-228a-4f3c-8f18-4154e70e2e91,18.5,2026-08-02T18:00:00+00:00,18.5,78595
2026-08-03,da_nang,accepted,b2e1cc81-228a-4f3c-8f18-4154e70e2e91,19.2,2026-08-02T19:00:00+00:00,19.2,78596
2026-08-03,da_nang,accepted,b2e1cc81-228a-4f3c-8f18-4154e70e2e91,20.6,2026-08-02T20:00:00+00:00,20.6,78597
2026-08-03,da_nang,accepted,b2e1cc81-228a-4f3c-8f18-4154e70e2e91,22.9,2026-08-02T21:00:00+00:00,22.9,78598
2026-08-03,da_nang,accepted,b2e1cc81-228a-4f3c-8f18-4154e70e2e91,25.6,2026-08-02T22:00:00+00:00,25.6,78599
2026-08-03,da_nang,accepted,b2e1cc81-228a-4f3c-8f18-4154e70e2e91,31.7,2026-08-02T23:00:00+00:00,31.7,78600
2026-08-03,da_nang,accepted,7b665ba2-a932-4499-9f4d-5fec8b127140,25.1,2026-08-03T00:00:00+00:00,25.1,79609
2026-08-03,da_nang,accepted,7b665ba2-a932-4499-9f4d-5fec8b127140,25.4,2026-08-03T01:00:00+00:00,25.4,79610
2026-08-03,da_nang,accepted,7b665ba2-a932-4499-9f4d-5fec8b127140,20.1,2026-08-03T02:00:00+00:00,20.1,79611
2026-08-03,da_nang,accepted,7b665ba2-a932-4499-9f4d-5fec8b127140,20.5,2026-08-03T03:00:00+00:00,20.5,79612
2026-08-03,da_nang,accepted,7b665ba2-a932-4499-9f4d-5fec8b127140,23.1,2026-08-03T04:00:00+00:00,23.1,79613
2026-08-03,da_nang,accepted,7b665ba2-a932-4499-9f4d-5fec8b127140,28.2,2026-08-03T05:00:00+00:00,28.2,79614
2026-08-03,da_nang,accepted,7b665ba2-a932-4499-9f4d-5fec8b127140,33.2,2026-08-03T06:00:00+00:00,33.2,79615
2026-08-03,da_nang,accepted,7b665ba2-a932-4499-9f4d-5fec8b127140,34.5,2026-08-03T07:00:00+00:00,34.5,79616
2026-08-03,da_nang,accepted,7b665ba2-a932-4499-9f4d-5fec8b127140,32.0,2026-08-03T08:00:00+00:00,32.0,79617
2026-08-03,da_nang,accepted,7b665ba2-a932-4499-9f4d-5fec8b127140,28.3,2026-08-03T09:00:00+00:00,28.3,79618
2026-08-03,da_nang,accepted,7b665ba2-a932-4499-9f4d-5fec8b127140,25.0,2026-08-03T10:00:00+00:00,25.0,79619
2026-08-03,da_nang,accepted,7b665ba2-a932-4499-9f4d-5fec8b127140,22.5,2026-08-03T11:00:00+00:00,22.5,79620
2026-08-03,da_nang,accepted,7b665ba2-a932-4499-9f4d-5fec8b127140,27.8,2026-08-03T12:00:00+00:00,27.8,79621
2026-08-03,da_nang,accepted,7b665ba2-a932-4499-9f4d-5fec8b127140,27.9,2026-08-03T13:00:00+00:00,27.9,79622
2026-08-03,da_nang,accepted,7b665ba2-a932-4499-9f4d-5fec8b127140,27.8,2026-08-03T14:00:00+00:00,27.8,79623
2026-08-03,da_nang,accepted,7b665ba2-a932-4499-9f4d-5fec8b127140,27.5,2026-08-03T15:00:00+00:00,27.5,79624
2026-08-03,da_nang,accepted,7b665ba2-a932-4499-9f4d-5fec8b127140,26.5,2026-08-03T16:00:00+00:00,26.5,79625
2026-08-04,da_nang,accepted,7b665ba2-a932-4499-9f4d-5fec8b127140,25.0,2026-08-03T17:00:00+00:00,25.0,79626
2026-08-04,da_nang,accepted,7b665ba2-a932-4499-9f4d-5fec8b127140,23.5,2026-08-03T18:00:00+00:00,23.5,79627
2026-08-04,da_nang,accepted,7b665ba2-a932-4499-9f4d-5fec8b127140,22.4,2026-08-03T19:00:00+00:00,22.4,79628
2026-08-04,da_nang,accepted,7b665ba2-a932-4499-9f4d-5fec8b127140,22.4,2026-08-03T20:00:00+00:00,22.4,79629
2026-08-04,da_nang,accepted,7b665ba2-a932-4499-9f4d-5fec8b127140,22.2,2026-08-03T21:00:00+00:00,22.2,79630
2026-08-04,da_nang,accepted,7b665ba2-a932-4499-9f4d-5fec8b127140,21.8,2026-08-03T22:00:00+00:00,21.8,79631
2026-08-04,da_nang,accepted,7b665ba2-a932-4499-9f4d-5fec8b127140,22.2,2026-08-03T23:00:00+00:00,22.2,79632
2026-08-04,da_nang,accepted,7b665ba2-a932-4499-9f4d-5fec8b127140,13.9,2026-08-04T00:00:00+00:00,13.9,79633
2026-08-04,da_nang,accepted,7b665ba2-a932-4499-9f4d-5fec8b127140,16.2,2026-08-04T01:00:00+00:00,16.2,79634
2026-08-04,da_nang,accepted,7b665ba2-a932-4499-9f4d-5fec8b127140,18.5,2026-08-04T02:00:00+00:00,18.5,79635
2026-08-04,da_nang,accepted,7b665ba2-a932-4499-9f4d-5fec8b127140,19.3,2026-08-04T03:00:00+00:00,19.3,79636
2026-08-04,da_nang,accepted,7b665ba2-a932-4499-9f4d-5fec8b127140,20.4,2026-08-04T04:00:00+00:00,20.4,79637
2026-08-04,da_nang,accepted,7b665ba2-a932-4499-9f4d-5fec8b127140,21.1,2026-08-04T05:00:00+00:00,21.1,79638
2026-08-04,da_nang,accepted,7b665ba2-a932-4499-9f4d-5fec8b127140,21.5,2026-08-04T06:00:00+00:00,21.5,79639
2026-08-04,da_nang,accepted,7b665ba2-a932-4499-9f4d-5fec8b127140,22.4,2026-08-04T07:00:00+00:00,22.4,79640
2026-08-04,da_nang,accepted,7b665ba2-a932-4499-9f4d-5fec8b127140,22.4,2026-08-04T08:00:00+00:00,22.4,79641
2026-08-04,da_nang,accepted,7b665ba2-a932-4499-9f4d-5fec8b127140,20.9,2026-08-04T09:00:00+00:00,20.9,79642
2026-08-04,da_nang,accepted,7b665ba2-a932-4499-9f4d-5fec8b127140,18.6,2026-08-04T10:00:00+00:00,18.6,79643
2026-08-04,da_nang,accepted,7b665ba2-a932-4499-9f4d-5fec8b127140,17.9,2026-08-04T11:00:00+00:00,17.9,79644
2026-08-04,da_nang,accepted,7b665ba2-a932-4499-9f4d-5fec8b127140,19.2,2026-08-04T12:00:00+00:00,19.2,79645
2026-08-04,da_nang,accepted,7b665ba2-a932-4499-9f4d-5fec8b127140,19.7,2026-08-04T13:00:00+00:00,19.7,79646
2026-08-04,da_nang,accepted,7b665ba2-a932-4499-9f4d-5fec8b127140,18.9,2026-08-04T14:00:00+00:00,18.9,79647
2026-08-04,da_nang,accepted,7b665ba2-a932-4499-9f4d-5fec8b127140,17.6,2026-08-04T15:00:00+00:00,17.6,79648
2026-08-04,da_nang,accepted,7b665ba2-a932-4499-9f4d-5fec8b127140,15.9,2026-08-04T16:00:00+00:00,15.9,79649
2026-08-05,da_nang,accepted,7b665ba2-a932-4499-9f4d-5fec8b127140,13.6,2026-08-04T17:00:00+00:00,13.6,79650
2026-08-05,da_nang,accepted,7b665ba2-a932-4499-9f4d-5fec8b127140,11.6,2026-08-04T18:00:00+00:00,11.6,79651
2026-08-05,da_nang,accepted,7b665ba2-a932-4499-9f4d-5fec8b127140,9.8,2026-08-04T19:00:00+00:00,9.8,79652
2026-08-05,da_nang,accepted,7b665ba2-a932-4499-9f4d-5fec8b127140,8.3,2026-08-04T20:00:00+00:00,8.3,79653
2026-08-05,da_nang,accepted,7b665ba2-a932-4499-9f4d-5fec8b127140,7.1,2026-08-04T21:00:00+00:00,7.1,79654
2026-08-05,da_nang,accepted,7b665ba2-a932-4499-9f4d-5fec8b127140,6.5,2026-08-04T22:00:00+00:00,6.5,79655
2026-08-05,da_nang,accepted,7b665ba2-a932-4499-9f4d-5fec8b127140,6.5,2026-08-04T23:00:00+00:00,6.5,79656
2026-08-05,da_nang,accepted,7b665ba2-a932-4499-9f4d-5fec8b127140,4.4,2026-08-05T00:00:00+00:00,4.4,79657
2026-08-05,da_nang,accepted,7b665ba2-a932-4499-9f4d-5fec8b127140,5.5,2026-08-05T01:00:00+00:00,5.5,79658
2026-08-05,da_nang,accepted,7b665ba2-a932-4499-9f4d-5fec8b127140,6.2,2026-08-05T02:00:00+00:00,6.2,79659
2026-08-05,da_nang,accepted,7b665ba2-a932-4499-9f4d-5fec8b127140,6.5,2026-08-05T03:00:00+00:00,6.5,79660
2026-08-05,da_nang,accepted,7b665ba2-a932-4499-9f4d-5fec8b127140,7.6,2026-08-05T04:00:00+00:00,7.6,79661
2026-08-05,da_nang,accepted,7b665ba2-a932-4499-9f4d-5fec8b127140,10.0,2026-08-05T05:00:00+00:00,10.0,79662
2026-08-05,da_nang,accepted,7b665ba2-a932-4499-9f4d-5fec8b127140,13.1,2026-08-05T06:00:00+00:00,13.1,79663
2026-08-05,da_nang,accepted,7b665ba2-a932-4499-9f4d-5fec8b127140,16.2,2026-08-05T07:00:00+00:00,16.2,79664
2026-08-05,da_nang,accepted,7b665ba2-a932-4499-9f4d-5fec8b127140,19.1,2026-08-05T08:00:00+00:00,19.1,79665
2026-08-05,da_nang,accepted,7b665ba2-a932-4499-9f4d-5fec8b127140,20.7,2026-08-05T09:00:00+00:00,20.7,79666
2026-08-05,da_nang,accepted,7b665ba2-a932-4499-9f4d-5fec8b127140,20.6,2026-08-05T10:00:00+00:00,20.6,79667
2026-08-05,da_nang,accepted,7b665ba2-a932-4499-9f4d-5fec8b127140,18.6,2026-08-05T11:00:00+00:00,18.6,79668
2026-08-05,da_nang,accepted,7b665ba2-a932-4499-9f4d-5fec8b127140,16.1,2026-08-05T12:00:00+00:00,16.1,79669
2026-08-05,da_nang,accepted,7b665ba2-a932-4499-9f4d-5fec8b127140,15.5,2026-08-05T13:00:00+00:00,15.5,79670
2026-08-05,da_nang,accepted,7b665ba2-a932-4499-9f4d-5fec8b127140,16.1,2026-08-05T14:00:00+00:00,16.1,79671
2026-08-05,da_nang,accepted,7b665ba2-a932-4499-9f4d-5fec8b127140,17.5,2026-08-05T15:00:00+00:00,17.5,79672
2026-08-05,da_nang,accepted,7b665ba2-a932-4499-9f4d-5fec8b127140,18.1,2026-08-05T16:00:00+00:00,18.1,79673
2026-08-06,da_nang,accepted,7b665ba2-a932-4499-9f4d-5fec8b127140,18.8,2026-08-05T17:00:00+00:00,18.8,79674
2026-08-06,da_nang,accepted,7b665ba2-a932-4499-9f4d-5fec8b127140,20.0,2026-08-05T18:00:00+00:00,20.0,79675
2026-08-06,da_nang,accepted,7b665ba2-a932-4499-9f4d-5fec8b127140,20.4,2026-08-05T19:00:00+00:00,20.4,79676
2026-08-06,da_nang,accepted,7b665ba2-a932-4499-9f4d-5fec8b127140,19.9,2026-08-05T20:00:00+00:00,19.9,79677
2026-08-06,da_nang,accepted,7b665ba2-a932-4499-9f4d-5fec8b127140,17.9,2026-08-05T21:00:00+00:00,17.9,79678
2026-08-06,da_nang,accepted,7b665ba2-a932-4499-9f4d-5fec8b127140,14.1,2026-08-05T22:00:00+00:00,14.1,79679
2026-08-06,da_nang,accepted,7b665ba2-a932-4499-9f4d-5fec8b127140,12.8,2026-08-05T23:00:00+00:00,12.8,79680
2026-08-06,da_nang,accepted,7b665ba2-a932-4499-9f4d-5fec8b127140,11.2,2026-08-06T00:00:00+00:00,11.2,79681
2026-08-06,da_nang,accepted,7b665ba2-a932-4499-9f4d-5fec8b127140,10.7,2026-08-06T01:00:00+00:00,10.7,79682
2026-08-06,da_nang,accepted,7b665ba2-a932-4499-9f4d-5fec8b127140,10.6,2026-08-06T02:00:00+00:00,10.6,79683
2026-08-06,da_nang,accepted,7b665ba2-a932-4499-9f4d-5fec8b127140,11.4,2026-08-06T03:00:00+00:00,11.4,79684
2026-08-06,da_nang,accepted,7b665ba2-a932-4499-9f4d-5fec8b127140,12.8,2026-08-06T04:00:00+00:00,12.8,79685
2026-08-06,da_nang,accepted,7b665ba2-a932-4499-9f4d-5fec8b127140,14.4,2026-08-06T05:00:00+00:00,14.4,79686
2026-08-06,da_nang,accepted,7b665ba2-a932-4499-9f4d-5fec8b127140,15.9,2026-08-06T06:00:00+00:00,15.9,79687
2026-08-06,da_nang,accepted,7b665ba2-a932-4499-9f4d-5fec8b127140,17.8,2026-08-06T07:00:00+00:00,17.8,79688
2026-08-06,da_nang,accepted,7b665ba2-a932-4499-9f4d-5fec8b127140,19.2,2026-08-06T08:00:00+00:00,19.2,79689
2026-08-06,da_nang,accepted,7b665ba2-a932-4499-9f4d-5fec8b127140,19.8,2026-08-06T09:00:00+00:00,19.8,79690
2026-08-06,da_nang,accepted,7b665ba2-a932-4499-9f4d-5fec8b127140,20.1,2026-08-06T10:00:00+00:00,20.1,79691
2026-08-06,da_nang,accepted,7b665ba2-a932-4499-9f4d-5fec8b127140,20.2,2026-08-06T11:00:00+00:00,20.2,79692
2026-08-06,da_nang,accepted,7b665ba2-a932-4499-9f4d-5fec8b127140,10.8,2026-08-06T12:00:00+00:00,10.8,79693
2026-08-06,da_nang,accepted,7b665ba2-a932-4499-9f4d-5fec8b127140,11.1,2026-08-06T13:00:00+00:00,11.1,79694
2026-08-06,da_nang,accepted,7b665ba2-a932-4499-9f4d-5fec8b127140,11.8,2026-08-06T14:00:00+00:00,11.8,79695
2026-08-06,da_nang,accepted,7b665ba2-a932-4499-9f4d-5fec8b127140,12.5,2026-08-06T15:00:00+00:00,12.5,79696
2026-08-06,da_nang,accepted,7b665ba2-a932-4499-9f4d-5fec8b127140,12.8,2026-08-06T16:00:00+00:00,12.8,79697
2026-08-07,da_nang,accepted,7b665ba2-a932-4499-9f4d-5fec8b127140,13.0,2026-08-06T17:00:00+00:00,13.0,79698
2026-08-07,da_nang,accepted,7b665ba2-a932-4499-9f4d-5fec8b127140,13.0,2026-08-06T18:00:00+00:00,13.0,79699
2026-08-07,da_nang,accepted,7b665ba2-a932-4499-9f4d-5fec8b127140,13.0,2026-08-06T19:00:00+00:00,13.0,79700
2026-08-07,da_nang,accepted,7b665ba2-a932-4499-9f4d-5fec8b127140,12.7,2026-08-06T20:00:00+00:00,12.7,79701
2026-08-07,da_nang,accepted,7b665ba2-a932-4499-9f4d-5fec8b127140,11.4,2026-08-06T21:00:00+00:00,11.4,79702
2026-08-07,da_nang,accepted,7b665ba2-a932-4499-9f4d-5fec8b127140,9.8,2026-08-06T22:00:00+00:00,9.8,79703
2026-08-07,da_nang,accepted,7b665ba2-a932-4499-9f4d-5fec8b127140,9.5,2026-08-06T23:00:00+00:00,9.5,79704
2026-08-07,da_nang,accepted,7b665ba2-a932-4499-9f4d-5fec8b127140,17.9,2026-08-07T00:00:00+00:00,17.9,79705
2026-08-07,da_nang,accepted,7b665ba2-a932-4499-9f4d-5fec8b127140,17.3,2026-08-07T01:00:00+00:00,17.3,79706
2026-08-07,da_nang,accepted,7b665ba2-a932-4499-9f4d-5fec8b127140,16.9,2026-08-07T02:00:00+00:00,16.9,79707
2026-08-07,da_nang,accepted,7b665ba2-a932-4499-9f4d-5fec8b127140,18.5,2026-08-07T03:00:00+00:00,18.5,79708
2026-08-07,da_nang,accepted,7b665ba2-a932-4499-9f4d-5fec8b127140,20.8,2026-08-07T04:00:00+00:00,20.8,79709
2026-08-07,da_nang,accepted,7b665ba2-a932-4499-9f4d-5fec8b127140,24.0,2026-08-07T05:00:00+00:00,24.0,79710
2026-08-07,da_nang,accepted,7b665ba2-a932-4499-9f4d-5fec8b127140,27.2,2026-08-07T06:00:00+00:00,27.2,79711
2026-08-07,da_nang,accepted,7b665ba2-a932-4499-9f4d-5fec8b127140,28.8,2026-08-07T07:00:00+00:00,28.8,79712
2026-08-07,da_nang,accepted,7b665ba2-a932-4499-9f4d-5fec8b127140,30.6,2026-08-07T08:00:00+00:00,30.6,79713
2026-08-07,da_nang,accepted,7b665ba2-a932-4499-9f4d-5fec8b127140,31.4,2026-08-07T09:00:00+00:00,31.4,79714
2026-08-07,da_nang,accepted,7b665ba2-a932-4499-9f4d-5fec8b127140,29.8,2026-08-07T10:00:00+00:00,29.8,79715
2026-08-07,da_nang,accepted,7b665ba2-a932-4499-9f4d-5fec8b127140,26.1,2026-08-07T11:00:00+00:00,26.1,79716
2026-08-07,da_nang,accepted,7b665ba2-a932-4499-9f4d-5fec8b127140,18.4,2026-08-07T12:00:00+00:00,18.4,79717
2026-08-07,da_nang,accepted,7b665ba2-a932-4499-9f4d-5fec8b127140,15.7,2026-08-07T13:00:00+00:00,15.7,79718
2026-08-07,da_nang,accepted,7b665ba2-a932-4499-9f4d-5fec8b127140,13.0,2026-08-07T14:00:00+00:00,13.0,79719
2026-08-07,da_nang,accepted,7b665ba2-a932-4499-9f4d-5fec8b127140,10.8,2026-08-07T15:00:00+00:00,10.8,79720
2026-08-07,da_nang,accepted,7b665ba2-a932-4499-9f4d-5fec8b127140,9.2,2026-08-07T16:00:00+00:00,9.2,79721
2026-08-08,da_nang,accepted,7b665ba2-a932-4499-9f4d-5fec8b127140,7.9,2026-08-07T17:00:00+00:00,7.9,79722
2026-08-08,da_nang,accepted,7b665ba2-a932-4499-9f4d-5fec8b127140,6.9,2026-08-07T18:00:00+00:00,6.9,79723
2026-08-08,da_nang,accepted,7b665ba2-a932-4499-9f4d-5fec8b127140,6.3,2026-08-07T19:00:00+00:00,6.3,79724
2026-08-08,da_nang,accepted,7b665ba2-a932-4499-9f4d-5fec8b127140,5.9,2026-08-07T20:00:00+00:00,5.9,79725
2026-08-08,da_nang,accepted,7b665ba2-a932-4499-9f4d-5fec8b127140,5.8,2026-08-07T21:00:00+00:00,5.8,79726
2026-08-08,da_nang,accepted,7b665ba2-a932-4499-9f4d-5fec8b127140,5.7,2026-08-07T22:00:00+00:00,5.7,79727
2026-08-08,da_nang,accepted,7b665ba2-a932-4499-9f4d-5fec8b127140,6.2,2026-08-07T23:00:00+00:00,6.2,79728
2026-08-08,da_nang,accepted,7b665ba2-a932-4499-9f4d-5fec8b127140,4.1,2026-08-08T00:00:00+00:00,4.1,79729
2026-08-08,da_nang,accepted,7b665ba2-a932-4499-9f4d-5fec8b127140,5.8,2026-08-08T01:00:00+00:00,5.8,79730
2026-08-08,da_nang,accepted,7b665ba2-a932-4499-9f4d-5fec8b127140,7.6,2026-08-08T02:00:00+00:00,7.6,79731
2026-08-08,da_nang,accepted,7b665ba2-a932-4499-9f4d-5fec8b127140,10.9,2026-08-08T03:00:00+00:00,10.9,79732
2026-08-08,da_nang,accepted,7b665ba2-a932-4499-9f4d-5fec8b127140,15.0,2026-08-08T04:00:00+00:00,15.0,79733
2026-08-08,da_nang,accepted,7b665ba2-a932-4499-9f4d-5fec8b127140,18.6,2026-08-08T05:00:00+00:00,18.6,79734
2026-08-08,da_nang,accepted,7b665ba2-a932-4499-9f4d-5fec8b127140,21.3,2026-08-08T06:00:00+00:00,21.3,79735
2026-08-08,da_nang,accepted,7b665ba2-a932-4499-9f4d-5fec8b127140,23.8,2026-08-08T07:00:00+00:00,23.8,79736
2026-08-08,da_nang,accepted,7b665ba2-a932-4499-9f4d-5fec8b127140,26.7,2026-08-08T08:00:00+00:00,26.7,79737
2026-08-08,da_nang,accepted,7b665ba2-a932-4499-9f4d-5fec8b127140,27.2,2026-08-08T09:00:00+00:00,27.2,79738
2026-08-08,da_nang,accepted,7b665ba2-a932-4499-9f4d-5fec8b127140,28.0,2026-08-08T10:00:00+00:00,28.0,79739
2026-08-08,da_nang,accepted,7b665ba2-a932-4499-9f4d-5fec8b127140,27.6,2026-08-08T11:00:00+00:00,27.6,79740
2026-08-08,da_nang,accepted,7b665ba2-a932-4499-9f4d-5fec8b127140,31.7,2026-08-08T12:00:00+00:00,31.7,79741
2026-08-08,da_nang,accepted,7b665ba2-a932-4499-9f4d-5fec8b127140,31.3,2026-08-08T13:00:00+00:00,31.3,79742
2026-08-08,da_nang,accepted,7b665ba2-a932-4499-9f4d-5fec8b127140,30.0,2026-08-08T14:00:00+00:00,30.0,79743
2026-08-08,da_nang,accepted,7b665ba2-a932-4499-9f4d-5fec8b127140,27.0,2026-08-08T15:00:00+00:00,27.0,79744
2026-08-08,da_nang,accepted,7b665ba2-a932-4499-9f4d-5fec8b127140,21.1,2026-08-08T16:00:00+00:00,21.1,79745
2026-08-09,da_nang,accepted,7b665ba2-a932-4499-9f4d-5fec8b127140,14.6,2026-08-08T17:00:00+00:00,14.6,79746
2026-08-09,da_nang,accepted,7b665ba2-a932-4499-9f4d-5fec8b127140,9.8,2026-08-08T18:00:00+00:00,9.8,79747
2026-08-09,da_nang,accepted,7b665ba2-a932-4499-9f4d-5fec8b127140,6.8,2026-08-08T19:00:00+00:00,6.8,79748
2026-08-09,da_nang,accepted,7b665ba2-a932-4499-9f4d-5fec8b127140,5.2,2026-08-08T20:00:00+00:00,5.2,79749
2026-08-09,da_nang,accepted,7b665ba2-a932-4499-9f4d-5fec8b127140,4.4,2026-08-08T21:00:00+00:00,4.4,79750
2026-08-09,da_nang,accepted,7b665ba2-a932-4499-9f4d-5fec8b127140,4.2,2026-08-08T22:00:00+00:00,4.2,79751
2026-08-09,da_nang,accepted,7b665ba2-a932-4499-9f4d-5fec8b127140,4.5,2026-08-08T23:00:00+00:00,4.5,79752
2026-08-09,da_nang,accepted,7b665ba2-a932-4499-9f4d-5fec8b127140,14.8,2026-08-09T00:00:00+00:00,14.8,79753
2026-08-09,da_nang,accepted,7b665ba2-a932-4499-9f4d-5fec8b127140,12.0,2026-08-09T01:00:00+00:00,12.0,79754
2026-08-09,da_nang,accepted,7b665ba2-a932-4499-9f4d-5fec8b127140,10.9,2026-08-09T02:00:00+00:00,10.9,79755
2026-08-09,da_nang,accepted,7b665ba2-a932-4499-9f4d-5fec8b127140,10.1,2026-08-09T03:00:00+00:00,10.1,79756
2026-08-09,da_nang,accepted,7b665ba2-a932-4499-9f4d-5fec8b127140,9.3,2026-08-09T04:00:00+00:00,9.3,79757
2026-08-09,da_nang,accepted,7b665ba2-a932-4499-9f4d-5fec8b127140,8.6,2026-08-09T05:00:00+00:00,8.6,79758
2026-08-09,da_nang,accepted,7b665ba2-a932-4499-9f4d-5fec8b127140,8.1,2026-08-09T06:00:00+00:00,8.1,79759
2026-08-09,da_nang,accepted,7b665ba2-a932-4499-9f4d-5fec8b127140,7.4,2026-08-09T07:00:00+00:00,7.4,79760
2026-08-09,da_nang,accepted,7b665ba2-a932-4499-9f4d-5fec8b127140,6.6,2026-08-09T08:00:00+00:00,6.6,79761
2026-08-09,da_nang,accepted,7b665ba2-a932-4499-9f4d-5fec8b127140,5.3,2026-08-09T09:00:00+00:00,5.3,79762
2026-08-09,da_nang,accepted,7b665ba2-a932-4499-9f4d-5fec8b127140,5.1,2026-08-09T10:00:00+00:00,5.1,79763
2026-08-09,da_nang,accepted,7b665ba2-a932-4499-9f4d-5fec8b127140,4.8,2026-08-09T11:00:00+00:00,4.8,79764
2026-08-09,da_nang,accepted,7b665ba2-a932-4499-9f4d-5fec8b127140,2.3,2026-08-09T12:00:00+00:00,2.3,79765
2026-08-09,da_nang,accepted,7b665ba2-a932-4499-9f4d-5fec8b127140,3.1,2026-08-09T13:00:00+00:00,3.1,79766
2026-08-09,da_nang,accepted,7b665ba2-a932-4499-9f4d-5fec8b127140,3.5,2026-08-09T14:00:00+00:00,3.5,79767
2026-08-09,da_nang,accepted,7b665ba2-a932-4499-9f4d-5fec8b127140,3.8,2026-08-09T15:00:00+00:00,3.8,79768
2026-08-09,da_nang,accepted,7b665ba2-a932-4499-9f4d-5fec8b127140,4.0,2026-08-09T16:00:00+00:00,4.0,79769
2026-08-10,da_nang,accepted,7b665ba2-a932-4499-9f4d-5fec8b127140,4.1,2026-08-09T17:00:00+00:00,4.1,79770
2026-08-10,da_nang,accepted,7b665ba2-a932-4499-9f4d-5fec8b127140,3.9,2026-08-09T18:00:00+00:00,3.9,79771
2026-08-10,da_nang,accepted,7b665ba2-a932-4499-9f4d-5fec8b127140,3.7,2026-08-09T19:00:00+00:00,3.7,79772
2026-08-10,da_nang,accepted,7b665ba2-a932-4499-9f4d-5fec8b127140,3.7,2026-08-09T20:00:00+00:00,3.7,79773
2026-08-10,da_nang,accepted,7b665ba2-a932-4499-9f4d-5fec8b127140,3.8,2026-08-09T21:00:00+00:00,3.8,79774
2026-08-10,da_nang,accepted,7b665ba2-a932-4499-9f4d-5fec8b127140,4.1,2026-08-09T22:00:00+00:00,4.1,79775
2026-08-10,da_nang,accepted,7b665ba2-a932-4499-9f4d-5fec8b127140,4.5,2026-08-09T23:00:00+00:00,4.5,79776
2026-08-10,da_nang,accepted,ef19a788-c337-4675-bcc6-40bede3cd794,13.3,2026-08-10T00:00:00+00:00,13.3,80785
2026-08-10,da_nang,accepted,ef19a788-c337-4675-bcc6-40bede3cd794,13.2,2026-08-10T01:00:00+00:00,13.2,80786
2026-08-10,da_nang,accepted,ef19a788-c337-4675-bcc6-40bede3cd794,12.3,2026-08-10T02:00:00+00:00,12.3,80787
2026-08-10,da_nang,accepted,ef19a788-c337-4675-bcc6-40bede3cd794,10.8,2026-08-10T03:00:00+00:00,10.8,80788
2026-08-10,da_nang,accepted,ef19a788-c337-4675-bcc6-40bede3cd794,11.2,2026-08-10T04:00:00+00:00,11.2,80789
2026-08-10,da_nang,accepted,ef19a788-c337-4675-bcc6-40bede3cd794,11.2,2026-08-10T05:00:00+00:00,11.2,80790
2026-08-10,da_nang,accepted,ef19a788-c337-4675-bcc6-40bede3cd794,11.7,2026-08-10T06:00:00+00:00,11.7,80791
2026-08-10,da_nang,accepted,ef19a788-c337-4675-bcc6-40bede3cd794,10.9,2026-08-10T07:00:00+00:00,10.9,80792
2026-08-10,da_nang,accepted,ef19a788-c337-4675-bcc6-40bede3cd794,10.2,2026-08-10T08:00:00+00:00,10.2,80793
2026-08-10,da_nang,accepted,ef19a788-c337-4675-bcc6-40bede3cd794,10.4,2026-08-10T09:00:00+00:00,10.4,80794
2026-08-10,da_nang,accepted,ef19a788-c337-4675-bcc6-40bede3cd794,9.7,2026-08-10T10:00:00+00:00,9.7,80795
2026-08-10,da_nang,accepted,ef19a788-c337-4675-bcc6-40bede3cd794,9.1,2026-08-10T11:00:00+00:00,9.1,80796
2026-08-10,da_nang,accepted,ef19a788-c337-4675-bcc6-40bede3cd794,9.3,2026-08-10T12:00:00+00:00,9.3,80797
2026-08-10,da_nang,accepted,ef19a788-c337-4675-bcc6-40bede3cd794,9.1,2026-08-10T13:00:00+00:00,9.1,80798
2026-08-10,da_nang,accepted,ef19a788-c337-4675-bcc6-40bede3cd794,9.6,2026-08-10T14:00:00+00:00,9.6,80799
2026-08-10,da_nang,accepted,ef19a788-c337-4675-bcc6-40bede3cd794,8.3,2026-08-10T15:00:00+00:00,8.3,80800
2026-08-10,da_nang,accepted,ef19a788-c337-4675-bcc6-40bede3cd794,6.3,2026-08-10T16:00:00+00:00,6.3,80801
2026-08-11,da_nang,accepted,ef19a788-c337-4675-bcc6-40bede3cd794,5.2,2026-08-10T17:00:00+00:00,5.2,80802
2026-08-11,da_nang,accepted,ef19a788-c337-4675-bcc6-40bede3cd794,4.9,2026-08-10T18:00:00+00:00,4.9,80803
2026-08-11,da_nang,accepted,ef19a788-c337-4675-bcc6-40bede3cd794,4.9,2026-08-10T19:00:00+00:00,4.9,80804
2026-08-11,da_nang,accepted,ef19a788-c337-4675-bcc6-40bede3cd794,5.2,2026-08-10T20:00:00+00:00,5.2,80805
2026-08-11,da_nang,accepted,ef19a788-c337-4675-bcc6-40bede3cd794,5.6,2026-08-10T21:00:00+00:00,5.6,80806
2026-08-11,da_nang,accepted,ef19a788-c337-4675-bcc6-40bede3cd794,6.0,2026-08-10T22:00:00+00:00,6.0,80807
2026-08-11,da_nang,accepted,ef19a788-c337-4675-bcc6-40bede3cd794,6.8,2026-08-10T23:00:00+00:00,6.8,80808
2026-08-11,da_nang,accepted,ef19a788-c337-4675-bcc6-40bede3cd794,11.3,2026-08-11T00:00:00+00:00,11.3,80809
2026-08-11,da_nang,accepted,ef19a788-c337-4675-bcc6-40bede3cd794,9.9,2026-08-11T01:00:00+00:00,9.9,80810
2026-08-11,da_nang,accepted,ef19a788-c337-4675-bcc6-40bede3cd794,10.4,2026-08-11T02:00:00+00:00,10.4,80811
2026-08-11,da_nang,accepted,ef19a788-c337-4675-bcc6-40bede3cd794,11.7,2026-08-11T03:00:00+00:00,11.7,80812
2026-08-11,da_nang,accepted,ef19a788-c337-4675-bcc6-40bede3cd794,12.6,2026-08-11T04:00:00+00:00,12.6,80813
2026-08-11,da_nang,accepted,ef19a788-c337-4675-bcc6-40bede3cd794,13.9,2026-08-11T05:00:00+00:00,13.9,80814
2026-08-11,da_nang,accepted,ef19a788-c337-4675-bcc6-40bede3cd794,16.1,2026-08-11T06:00:00+00:00,16.1,80815
2026-08-11,da_nang,accepted,ef19a788-c337-4675-bcc6-40bede3cd794,18.2,2026-08-11T07:00:00+00:00,18.2,80816
2026-08-11,da_nang,accepted,ef19a788-c337-4675-bcc6-40bede3cd794,18.9,2026-08-11T08:00:00+00:00,18.9,80817
2026-08-11,da_nang,accepted,ef19a788-c337-4675-bcc6-40bede3cd794,18.8,2026-08-11T09:00:00+00:00,18.8,80818
2026-08-11,da_nang,accepted,ef19a788-c337-4675-bcc6-40bede3cd794,19.7,2026-08-11T10:00:00+00:00,19.7,80819
2026-08-11,da_nang,accepted,ef19a788-c337-4675-bcc6-40bede3cd794,18.9,2026-08-11T11:00:00+00:00,18.9,80820
2026-08-11,da_nang,accepted,ef19a788-c337-4675-bcc6-40bede3cd794,12.1,2026-08-11T12:00:00+00:00,12.1,80821
2026-08-11,da_nang,accepted,ef19a788-c337-4675-bcc6-40bede3cd794,11.6,2026-08-11T13:00:00+00:00,11.6,80822
2026-08-11,da_nang,accepted,ef19a788-c337-4675-bcc6-40bede3cd794,10.5,2026-08-11T14:00:00+00:00,10.5,80823
2026-08-11,da_nang,accepted,ef19a788-c337-4675-bcc6-40bede3cd794,9.8,2026-08-11T15:00:00+00:00,9.8,80824
2026-08-11,da_nang,accepted,ef19a788-c337-4675-bcc6-40bede3cd794,8.5,2026-08-11T16:00:00+00:00,8.5,80825
2026-08-12,da_nang,accepted,ef19a788-c337-4675-bcc6-40bede3cd794,7.4,2026-08-11T17:00:00+00:00,7.4,80826
2026-08-12,da_nang,accepted,ef19a788-c337-4675-bcc6-40bede3cd794,6.3,2026-08-11T18:00:00+00:00,6.3,80827
2026-08-12,da_nang,accepted,ef19a788-c337-4675-bcc6-40bede3cd794,5.8,2026-08-11T19:00:00+00:00,5.8,80828
2026-08-12,da_nang,accepted,ef19a788-c337-4675-bcc6-40bede3cd794,5.7,2026-08-11T20:00:00+00:00,5.7,80829
2026-08-12,da_nang,accepted,ef19a788-c337-4675-bcc6-40bede3cd794,5.6,2026-08-11T21:00:00+00:00,5.6,80830
2026-08-12,da_nang,accepted,ef19a788-c337-4675-bcc6-40bede3cd794,5.6,2026-08-11T22:00:00+00:00,5.6,80831
2026-08-12,da_nang,accepted,ef19a788-c337-4675-bcc6-40bede3cd794,6.1,2026-08-11T23:00:00+00:00,6.1,80832
2026-08-12,da_nang,accepted,ef19a788-c337-4675-bcc6-40bede3cd794,0.9,2026-08-12T00:00:00+00:00,0.9,80833
2026-08-12,da_nang,accepted,ef19a788-c337-4675-bcc6-40bede3cd794,3.9,2026-08-12T01:00:00+00:00,3.9,80834
2026-08-12,da_nang,accepted,ef19a788-c337-4675-bcc6-40bede3cd794,6.0,2026-08-12T02:00:00+00:00,6.0,80835
2026-08-12,da_nang,accepted,ef19a788-c337-4675-bcc6-40bede3cd794,8.2,2026-08-12T03:00:00+00:00,8.2,80836
2026-08-12,da_nang,accepted,ef19a788-c337-4675-bcc6-40bede3cd794,11.0,2026-08-12T04:00:00+00:00,11.0,80837
2026-08-12,da_nang,accepted,ef19a788-c337-4675-bcc6-40bede3cd794,15.0,2026-08-12T05:00:00+00:00,15.0,80838
2026-08-12,da_nang,accepted,ef19a788-c337-4675-bcc6-40bede3cd794,18.3,2026-08-12T06:00:00+00:00,18.3,80839
2026-08-12,da_nang,accepted,ef19a788-c337-4675-bcc6-40bede3cd794,19.0,2026-08-12T07:00:00+00:00,19.0,80840
2026-08-12,da_nang,accepted,ef19a788-c337-4675-bcc6-40bede3cd794,16.9,2026-08-12T08:00:00+00:00,16.9,80841
2026-08-12,da_nang,accepted,ef19a788-c337-4675-bcc6-40bede3cd794,15.7,2026-08-12T09:00:00+00:00,15.7,80842
2026-08-12,da_nang,accepted,ef19a788-c337-4675-bcc6-40bede3cd794,15.1,2026-08-12T10:00:00+00:00,15.1,80843
2026-08-12,da_nang,accepted,ef19a788-c337-4675-bcc6-40bede3cd794,14.1,2026-08-12T11:00:00+00:00,14.1,80844
2026-08-12,da_nang,accepted,ef19a788-c337-4675-bcc6-40bede3cd794,9.0,2026-08-12T12:00:00+00:00,9.0,80845
2026-08-12,da_nang,accepted,ef19a788-c337-4675-bcc6-40bede3cd794,10.0,2026-08-12T13:00:00+00:00,10.0,80846
2026-08-12,da_nang,accepted,ef19a788-c337-4675-bcc6-40bede3cd794,9.7,2026-08-12T14:00:00+00:00,9.7,80847
2026-08-12,da_nang,accepted,ef19a788-c337-4675-bcc6-40bede3cd794,10.4,2026-08-12T15:00:00+00:00,10.4,80848
2026-08-12,da_nang,accepted,ef19a788-c337-4675-bcc6-40bede3cd794,11.8,2026-08-12T16:00:00+00:00,11.8,80849
2026-08-13,da_nang,accepted,ef19a788-c337-4675-bcc6-40bede3cd794,11.6,2026-08-12T17:00:00+00:00,11.6,80850
2026-08-13,da_nang,accepted,ef19a788-c337-4675-bcc6-40bede3cd794,10.6,2026-08-12T18:00:00+00:00,10.6,80851
2026-08-13,da_nang,accepted,ef19a788-c337-4675-bcc6-40bede3cd794,9.7,2026-08-12T19:00:00+00:00,9.7,80852
2026-08-13,da_nang,accepted,ef19a788-c337-4675-bcc6-40bede3cd794,9.1,2026-08-12T20:00:00+00:00,9.1,80853
2026-08-13,da_nang,accepted,ef19a788-c337-4675-bcc6-40bede3cd794,8.9,2026-08-12T21:00:00+00:00,8.9,80854
2026-08-13,da_nang,accepted,ef19a788-c337-4675-bcc6-40bede3cd794,8.8,2026-08-12T22:00:00+00:00,8.8,80855
2026-08-13,da_nang,accepted,ef19a788-c337-4675-bcc6-40bede3cd794,9.1,2026-08-12T23:00:00+00:00,9.1,80856
2026-08-13,da_nang,accepted,ef19a788-c337-4675-bcc6-40bede3cd794,12.1,2026-08-13T00:00:00+00:00,12.1,80857
2026-08-13,da_nang,accepted,ef19a788-c337-4675-bcc6-40bede3cd794,12.0,2026-08-13T01:00:00+00:00,12.0,80858
2026-08-13,da_nang,accepted,ef19a788-c337-4675-bcc6-40bede3cd794,11.8,2026-08-13T02:00:00+00:00,11.8,80859
2026-08-13,da_nang,accepted,ef19a788-c337-4675-bcc6-40bede3cd794,12.9,2026-08-13T03:00:00+00:00,12.9,80860
2026-08-13,da_nang,accepted,ef19a788-c337-4675-bcc6-40bede3cd794,15.9,2026-08-13T04:00:00+00:00,15.9,80861
2026-08-13,da_nang,accepted,ef19a788-c337-4675-bcc6-40bede3cd794,21.2,2026-08-13T05:00:00+00:00,21.2,80862
2026-08-13,da_nang,accepted,ef19a788-c337-4675-bcc6-40bede3cd794,25.1,2026-08-13T06:00:00+00:00,25.1,80863
2026-08-13,da_nang,accepted,ef19a788-c337-4675-bcc6-40bede3cd794,27.1,2026-08-13T07:00:00+00:00,27.1,80864
2026-08-13,da_nang,accepted,ef19a788-c337-4675-bcc6-40bede3cd794,26.8,2026-08-13T08:00:00+00:00,26.8,80865
2026-08-13,da_nang,accepted,ef19a788-c337-4675-bcc6-40bede3cd794,24.4,2026-08-13T09:00:00+00:00,24.4,80866
2026-08-13,da_nang,accepted,ef19a788-c337-4675-bcc6-40bede3cd794,20.2,2026-08-13T10:00:00+00:00,20.2,80867
2026-08-13,da_nang,accepted,ef19a788-c337-4675-bcc6-40bede3cd794,15.9,2026-08-13T11:00:00+00:00,15.9,80868
2026-08-13,da_nang,accepted,ef19a788-c337-4675-bcc6-40bede3cd794,21.2,2026-08-13T12:00:00+00:00,21.2,80869
2026-08-13,da_nang,accepted,ef19a788-c337-4675-bcc6-40bede3cd794,18.9,2026-08-13T13:00:00+00:00,18.9,80870
2026-08-13,da_nang,accepted,ef19a788-c337-4675-bcc6-40bede3cd794,18.0,2026-08-13T14:00:00+00:00,18.0,80871
2026-08-13,da_nang,accepted,ef19a788-c337-4675-bcc6-40bede3cd794,18.0,2026-08-13T15:00:00+00:00,18.0,80872
2026-08-13,da_nang,accepted,ef19a788-c337-4675-bcc6-40bede3cd794,18.7,2026-08-13T16:00:00+00:00,18.7,80873
2026-08-14,da_nang,accepted,ef19a788-c337-4675-bcc6-40bede3cd794,17.2,2026-08-13T17:00:00+00:00,17.2,80874
2026-08-14,da_nang,accepted,ef19a788-c337-4675-bcc6-40bede3cd794,13.7,2026-08-13T18:00:00+00:00,13.7,80875
2026-08-14,da_nang,accepted,ef19a788-c337-4675-bcc6-40bede3cd794,11.3,2026-08-13T19:00:00+00:00,11.3,80876
2026-08-14,da_nang,accepted,ef19a788-c337-4675-bcc6-40bede3cd794,9.9,2026-08-13T20:00:00+00:00,9.9,80877
2026-08-14,da_nang,accepted,ef19a788-c337-4675-bcc6-40bede3cd794,9.0,2026-08-13T21:00:00+00:00,9.0,80878
2026-08-14,da_nang,accepted,ef19a788-c337-4675-bcc6-40bede3cd794,8.6,2026-08-13T22:00:00+00:00,8.6,80879
2026-08-14,da_nang,accepted,ef19a788-c337-4675-bcc6-40bede3cd794,8.4,2026-08-13T23:00:00+00:00,8.4,80880
2026-08-14,da_nang,accepted,ef19a788-c337-4675-bcc6-40bede3cd794,7.2,2026-08-14T00:00:00+00:00,7.2,80881
2026-08-14,da_nang,accepted,ef19a788-c337-4675-bcc6-40bede3cd794,7.9,2026-08-14T01:00:00+00:00,7.9,80882
2026-08-14,da_nang,accepted,ef19a788-c337-4675-bcc6-40bede3cd794,8.6,2026-08-14T02:00:00+00:00,8.6,80883
2026-08-14,da_nang,accepted,ef19a788-c337-4675-bcc6-40bede3cd794,10.2,2026-08-14T03:00:00+00:00,10.2,80884
2026-08-14,da_nang,accepted,ef19a788-c337-4675-bcc6-40bede3cd794,13.3,2026-08-14T04:00:00+00:00,13.3,80885
2026-08-14,da_nang,accepted,ef19a788-c337-4675-bcc6-40bede3cd794,15.7,2026-08-14T05:00:00+00:00,15.7,80886
2026-08-14,da_nang,accepted,ef19a788-c337-4675-bcc6-40bede3cd794,18.1,2026-08-14T06:00:00+00:00,18.1,80887
2026-08-14,da_nang,accepted,ef19a788-c337-4675-bcc6-40bede3cd794,16.2,2026-08-14T07:00:00+00:00,16.2,80888
2026-08-14,da_nang,accepted,ef19a788-c337-4675-bcc6-40bede3cd794,13.9,2026-08-14T08:00:00+00:00,13.9,80889
2026-08-14,da_nang,accepted,ef19a788-c337-4675-bcc6-40bede3cd794,13.5,2026-08-14T09:00:00+00:00,13.5,80890
2026-08-14,da_nang,accepted,ef19a788-c337-4675-bcc6-40bede3cd794,12.7,2026-08-14T10:00:00+00:00,12.7,80891
2026-08-14,da_nang,accepted,ef19a788-c337-4675-bcc6-40bede3cd794,10.7,2026-08-14T11:00:00+00:00,10.7,80892
2026-08-14,da_nang,accepted,ef19a788-c337-4675-bcc6-40bede3cd794,12.2,2026-08-14T12:00:00+00:00,12.2,80893
2026-08-14,da_nang,accepted,ef19a788-c337-4675-bcc6-40bede3cd794,10.2,2026-08-14T13:00:00+00:00,10.2,80894
2026-08-14,da_nang,accepted,ef19a788-c337-4675-bcc6-40bede3cd794,9.6,2026-08-14T14:00:00+00:00,9.6,80895
2026-08-14,da_nang,accepted,ef19a788-c337-4675-bcc6-40bede3cd794,10.2,2026-08-14T15:00:00+00:00,10.2,80896
2026-08-14,da_nang,accepted,ef19a788-c337-4675-bcc6-40bede3cd794,12.0,2026-08-14T16:00:00+00:00,12.0,80897
2026-08-15,da_nang,accepted,ef19a788-c337-4675-bcc6-40bede3cd794,14.5,2026-08-14T17:00:00+00:00,14.5,80898
2026-08-15,da_nang,accepted,ef19a788-c337-4675-bcc6-40bede3cd794,17.3,2026-08-14T18:00:00+00:00,17.3,80899
2026-08-15,da_nang,accepted,ef19a788-c337-4675-bcc6-40bede3cd794,17.2,2026-08-14T19:00:00+00:00,17.2,80900
2026-08-15,da_nang,accepted,ef19a788-c337-4675-bcc6-40bede3cd794,15.1,2026-08-14T20:00:00+00:00,15.1,80901
2026-08-15,da_nang,accepted,ef19a788-c337-4675-bcc6-40bede3cd794,13.5,2026-08-14T21:00:00+00:00,13.5,80902
2026-08-15,da_nang,accepted,ef19a788-c337-4675-bcc6-40bede3cd794,12.4,2026-08-14T22:00:00+00:00,12.4,80903
2026-08-15,da_nang,accepted,ef19a788-c337-4675-bcc6-40bede3cd794,12.3,2026-08-14T23:00:00+00:00,12.3,80904
2026-08-15,da_nang,accepted,ef19a788-c337-4675-bcc6-40bede3cd794,10.2,2026-08-15T00:00:00+00:00,10.2,80905
2026-08-15,da_nang,accepted,ef19a788-c337-4675-bcc6-40bede3cd794,11.3,2026-08-15T01:00:00+00:00,11.3,80906
2026-08-15,da_nang,accepted,ef19a788-c337-4675-bcc6-40bede3cd794,12.7,2026-08-15T02:00:00+00:00,12.7,80907
2026-08-15,da_nang,accepted,ef19a788-c337-4675-bcc6-40bede3cd794,15.2,2026-08-15T03:00:00+00:00,15.2,80908
2026-08-15,da_nang,accepted,ef19a788-c337-4675-bcc6-40bede3cd794,18.5,2026-08-15T04:00:00+00:00,18.5,80909
2026-08-15,da_nang,accepted,ef19a788-c337-4675-bcc6-40bede3cd794,22.3,2026-08-15T05:00:00+00:00,22.3,80910
2026-08-15,da_nang,accepted,ef19a788-c337-4675-bcc6-40bede3cd794,23.8,2026-08-15T06:00:00+00:00,23.8,80911
2026-08-15,da_nang,accepted,ef19a788-c337-4675-bcc6-40bede3cd794,19.3,2026-08-15T07:00:00+00:00,19.3,80912
2026-08-15,da_nang,accepted,ef19a788-c337-4675-bcc6-40bede3cd794,18.0,2026-08-15T08:00:00+00:00,18.0,80913
2026-08-15,da_nang,accepted,ef19a788-c337-4675-bcc6-40bede3cd794,17.8,2026-08-15T09:00:00+00:00,17.8,80914
2026-08-15,da_nang,accepted,ef19a788-c337-4675-bcc6-40bede3cd794,16.9,2026-08-15T10:00:00+00:00,16.9,80915
2026-08-15,da_nang,accepted,ef19a788-c337-4675-bcc6-40bede3cd794,13.3,2026-08-15T11:00:00+00:00,13.3,80916
2026-08-15,da_nang,accepted,ef19a788-c337-4675-bcc6-40bede3cd794,25.4,2026-08-15T12:00:00+00:00,25.4,80917
2026-08-15,da_nang,accepted,ef19a788-c337-4675-bcc6-40bede3cd794,24.5,2026-08-15T13:00:00+00:00,24.5,80918
2026-08-15,da_nang,accepted,ef19a788-c337-4675-bcc6-40bede3cd794,22.8,2026-08-15T14:00:00+00:00,22.8,80919
2026-08-15,da_nang,accepted,ef19a788-c337-4675-bcc6-40bede3cd794,20.6,2026-08-15T15:00:00+00:00,20.6,80920
2026-08-15,da_nang,accepted,ef19a788-c337-4675-bcc6-40bede3cd794,16.7,2026-08-15T16:00:00+00:00,16.7,80921
2026-08-16,da_nang,accepted,ef19a788-c337-4675-bcc6-40bede3cd794,9.8,2026-08-15T17:00:00+00:00,9.8,80922
2026-08-16,da_nang,accepted,ef19a788-c337-4675-bcc6-40bede3cd794,5.6,2026-08-15T18:00:00+00:00,5.6,80923
2026-08-16,da_nang,accepted,ef19a788-c337-4675-bcc6-40bede3cd794,3.7,2026-08-15T19:00:00+00:00,3.7,80924
2026-08-16,da_nang,accepted,ef19a788-c337-4675-bcc6-40bede3cd794,3.0,2026-08-15T20:00:00+00:00,3.0,80925
2026-08-16,da_nang,accepted,ef19a788-c337-4675-bcc6-40bede3cd794,2.7,2026-08-15T21:00:00+00:00,2.7,80926
2026-08-16,da_nang,accepted,ef19a788-c337-4675-bcc6-40bede3cd794,2.8,2026-08-15T22:00:00+00:00,2.8,80927
2026-08-16,da_nang,accepted,ef19a788-c337-4675-bcc6-40bede3cd794,3.3,2026-08-15T23:00:00+00:00,3.3,80928
2026-08-16,da_nang,accepted,ef19a788-c337-4675-bcc6-40bede3cd794,3.5,2026-08-16T00:00:00+00:00,3.5,80929
2026-08-16,da_nang,accepted,ef19a788-c337-4675-bcc6-40bede3cd794,3.9,2026-08-16T01:00:00+00:00,3.9,80930
2026-08-16,da_nang,accepted,ef19a788-c337-4675-bcc6-40bede3cd794,4.4,2026-08-16T02:00:00+00:00,4.4,80931
2026-08-16,da_nang,accepted,ef19a788-c337-4675-bcc6-40bede3cd794,5.5,2026-08-16T03:00:00+00:00,5.5,80932
2026-08-16,da_nang,accepted,ef19a788-c337-4675-bcc6-40bede3cd794,6.8,2026-08-16T04:00:00+00:00,6.8,80933
2026-08-16,da_nang,accepted,ef19a788-c337-4675-bcc6-40bede3cd794,7.7,2026-08-16T05:00:00+00:00,7.7,80934
2026-08-16,da_nang,accepted,ef19a788-c337-4675-bcc6-40bede3cd794,8.4,2026-08-16T06:00:00+00:00,8.4,80935
2026-08-16,da_nang,accepted,ef19a788-c337-4675-bcc6-40bede3cd794,9.2,2026-08-16T07:00:00+00:00,9.2,80936
2026-08-16,da_nang,accepted,ef19a788-c337-4675-bcc6-40bede3cd794,10.9,2026-08-16T08:00:00+00:00,10.9,80937
2026-08-16,da_nang,accepted,ef19a788-c337-4675-bcc6-40bede3cd794,12.7,2026-08-16T09:00:00+00:00,12.7,80938
2026-08-16,da_nang,accepted,ef19a788-c337-4675-bcc6-40bede3cd794,12.8,2026-08-16T10:00:00+00:00,12.8,80939
2026-08-16,da_nang,accepted,ef19a788-c337-4675-bcc6-40bede3cd794,12.1,2026-08-16T11:00:00+00:00,12.1,80940
2026-08-16,da_nang,accepted,ef19a788-c337-4675-bcc6-40bede3cd794,17.2,2026-08-16T12:00:00+00:00,17.2,80941
2026-08-16,da_nang,accepted,ef19a788-c337-4675-bcc6-40bede3cd794,16.1,2026-08-16T13:00:00+00:00,16.1,80942
2026-08-16,da_nang,accepted,ef19a788-c337-4675-bcc6-40bede3cd794,15.0,2026-08-16T14:00:00+00:00,15.0,80943
2026-08-16,da_nang,accepted,ef19a788-c337-4675-bcc6-40bede3cd794,15.2,2026-08-16T15:00:00+00:00,15.2,80944
2026-08-16,da_nang,accepted,ef19a788-c337-4675-bcc6-40bede3cd794,14.5,2026-08-16T16:00:00+00:00,14.5,80945
2026-08-17,da_nang,accepted,ef19a788-c337-4675-bcc6-40bede3cd794,13.6,2026-08-16T17:00:00+00:00,13.6,80946
2026-08-17,da_nang,accepted,ef19a788-c337-4675-bcc6-40bede3cd794,12.4,2026-08-16T18:00:00+00:00,12.4,80947
2026-08-17,da_nang,accepted,ef19a788-c337-4675-bcc6-40bede3cd794,11.4,2026-08-16T19:00:00+00:00,11.4,80948
2026-08-17,da_nang,accepted,ef19a788-c337-4675-bcc6-40bede3cd794,10.8,2026-08-16T20:00:00+00:00,10.8,80949
2026-08-17,da_nang,accepted,ef19a788-c337-4675-bcc6-40bede3cd794,10.4,2026-08-16T21:00:00+00:00,10.4,80950
2026-08-17,da_nang,accepted,ef19a788-c337-4675-bcc6-40bede3cd794,9.9,2026-08-16T22:00:00+00:00,9.9,80951
2026-08-17,da_nang,accepted,ef19a788-c337-4675-bcc6-40bede3cd794,9.1,2026-08-16T23:00:00+00:00,9.1,80952
2026-08-17,da_nang,accepted,18508429-6664-404b-917d-f9d0a5d13a48,6.4,2026-08-17T00:00:00+00:00,6.4,81961
2026-08-17,da_nang,accepted,18508429-6664-404b-917d-f9d0a5d13a48,6.2,2026-08-17T01:00:00+00:00,6.2,81962
2026-08-17,da_nang,accepted,18508429-6664-404b-917d-f9d0a5d13a48,6.3,2026-08-17T02:00:00+00:00,6.3,81963
2026-08-17,da_nang,accepted,18508429-6664-404b-917d-f9d0a5d13a48,6.8,2026-08-17T03:00:00+00:00,6.8,81964
2026-08-17,da_nang,accepted,18508429-6664-404b-917d-f9d0a5d13a48,8.8,2026-08-17T04:00:00+00:00,8.8,81965
2026-08-17,da_nang,accepted,18508429-6664-404b-917d-f9d0a5d13a48,11.7,2026-08-17T05:00:00+00:00,11.7,81966
2026-08-17,da_nang,accepted,18508429-6664-404b-917d-f9d0a5d13a48,16.0,2026-08-17T06:00:00+00:00,16.0,81967
2026-08-17,da_nang,accepted,18508429-6664-404b-917d-f9d0a5d13a48,15.8,2026-08-17T07:00:00+00:00,15.8,81968
2026-08-17,da_nang,accepted,18508429-6664-404b-917d-f9d0a5d13a48,16.3,2026-08-17T08:00:00+00:00,16.3,81969
2026-08-17,da_nang,accepted,18508429-6664-404b-917d-f9d0a5d13a48,16.4,2026-08-17T09:00:00+00:00,16.4,81970
2026-08-17,da_nang,accepted,18508429-6664-404b-917d-f9d0a5d13a48,15.4,2026-08-17T10:00:00+00:00,15.4,81971
2026-08-17,da_nang,accepted,18508429-6664-404b-917d-f9d0a5d13a48,13.9,2026-08-17T11:00:00+00:00,13.9,81972
2026-08-17,da_nang,accepted,18508429-6664-404b-917d-f9d0a5d13a48,10.2,2026-08-17T12:00:00+00:00,10.2,81973
2026-08-17,da_nang,accepted,18508429-6664-404b-917d-f9d0a5d13a48,11.7,2026-08-17T13:00:00+00:00,11.7,81974
2026-08-17,da_nang,accepted,18508429-6664-404b-917d-f9d0a5d13a48,11.2,2026-08-17T14:00:00+00:00,11.2,81975
2026-08-17,da_nang,accepted,18508429-6664-404b-917d-f9d0a5d13a48,10.7,2026-08-17T15:00:00+00:00,10.7,81976
2026-08-17,da_nang,accepted,18508429-6664-404b-917d-f9d0a5d13a48,9.8,2026-08-17T16:00:00+00:00,9.8,81977
2026-08-18,da_nang,accepted,18508429-6664-404b-917d-f9d0a5d13a48,8.0,2026-08-17T17:00:00+00:00,8.0,81978
2026-08-18,da_nang,accepted,18508429-6664-404b-917d-f9d0a5d13a48,6.5,2026-08-17T18:00:00+00:00,6.5,81979
2026-08-18,da_nang,accepted,18508429-6664-404b-917d-f9d0a5d13a48,5.4,2026-08-17T19:00:00+00:00,5.4,81980
2026-08-18,da_nang,accepted,18508429-6664-404b-917d-f9d0a5d13a48,4.8,2026-08-17T20:00:00+00:00,4.8,81981
2026-08-18,da_nang,accepted,18508429-6664-404b-917d-f9d0a5d13a48,4.7,2026-08-17T21:00:00+00:00,4.7,81982
2026-08-18,da_nang,accepted,18508429-6664-404b-917d-f9d0a5d13a48,4.9,2026-08-17T22:00:00+00:00,4.9,81983
2026-08-18,da_nang,accepted,18508429-6664-404b-917d-f9d0a5d13a48,5.6,2026-08-17T23:00:00+00:00,5.6,81984
2026-08-18,da_nang,accepted,18508429-6664-404b-917d-f9d0a5d13a48,4.0,2026-08-18T00:00:00+00:00,4.0,81985
2026-08-18,da_nang,accepted,18508429-6664-404b-917d-f9d0a5d13a48,6.2,2026-08-18T01:00:00+00:00,6.2,81986
2026-08-18,da_nang,accepted,18508429-6664-404b-917d-f9d0a5d13a48,7.8,2026-08-18T02:00:00+00:00,7.8,81987
2026-08-18,da_nang,accepted,18508429-6664-404b-917d-f9d0a5d13a48,7.0,2026-08-18T03:00:00+00:00,7.0,81988
2026-08-18,da_nang,accepted,18508429-6664-404b-917d-f9d0a5d13a48,7.4,2026-08-18T04:00:00+00:00,7.4,81989
2026-08-18,da_nang,accepted,18508429-6664-404b-917d-f9d0a5d13a48,9.6,2026-08-18T05:00:00+00:00,9.6,81990
2026-08-18,da_nang,accepted,18508429-6664-404b-917d-f9d0a5d13a48,12.2,2026-08-18T06:00:00+00:00,12.2,81991
2026-08-18,da_nang,accepted,18508429-6664-404b-917d-f9d0a5d13a48,12.4,2026-08-18T07:00:00+00:00,12.4,81992
2026-08-18,da_nang,accepted,18508429-6664-404b-917d-f9d0a5d13a48,11.9,2026-08-18T08:00:00+00:00,11.9,81993
2026-08-18,da_nang,accepted,18508429-6664-404b-917d-f9d0a5d13a48,11.0,2026-08-18T09:00:00+00:00,11.0,81994
2026-08-18,da_nang,accepted,18508429-6664-404b-917d-f9d0a5d13a48,10.1,2026-08-18T10:00:00+00:00,10.1,81995
2026-08-18,da_nang,accepted,18508429-6664-404b-917d-f9d0a5d13a48,9.8,2026-08-18T11:00:00+00:00,9.8,81996
2026-08-18,da_nang,accepted,18508429-6664-404b-917d-f9d0a5d13a48,12.1,2026-08-18T12:00:00+00:00,12.1,81997
2026-08-18,da_nang,accepted,18508429-6664-404b-917d-f9d0a5d13a48,11.4,2026-08-18T13:00:00+00:00,11.4,81998
2026-08-18,da_nang,accepted,18508429-6664-404b-917d-f9d0a5d13a48,11.8,2026-08-18T14:00:00+00:00,11.8,81999
2026-08-18,da_nang,accepted,18508429-6664-404b-917d-f9d0a5d13a48,11.1,2026-08-18T15:00:00+00:00,11.1,82000
2026-08-18,da_nang,accepted,18508429-6664-404b-917d-f9d0a5d13a48,10.4,2026-08-18T16:00:00+00:00,10.4,82001
2026-08-19,da_nang,accepted,18508429-6664-404b-917d-f9d0a5d13a48,9.7,2026-08-18T17:00:00+00:00,9.7,82002
2026-08-19,da_nang,accepted,18508429-6664-404b-917d-f9d0a5d13a48,9.5,2026-08-18T18:00:00+00:00,9.5,82003
2026-08-19,da_nang,accepted,18508429-6664-404b-917d-f9d0a5d13a48,9.4,2026-08-18T19:00:00+00:00,9.4,82004
2026-08-19,da_nang,accepted,18508429-6664-404b-917d-f9d0a5d13a48,9.0,2026-08-18T20:00:00+00:00,9.0,82005
2026-08-19,da_nang,accepted,18508429-6664-404b-917d-f9d0a5d13a48,8.6,2026-08-18T21:00:00+00:00,8.6,82006
2026-08-19,da_nang,accepted,18508429-6664-404b-917d-f9d0a5d13a48,8.5,2026-08-18T22:00:00+00:00,8.5,82007
2026-08-19,da_nang,accepted,18508429-6664-404b-917d-f9d0a5d13a48,8.8,2026-08-18T23:00:00+00:00,8.8,82008
2026-08-19,da_nang,accepted,18508429-6664-404b-917d-f9d0a5d13a48,10.0,2026-08-19T00:00:00+00:00,10.0,82009
2026-08-19,da_nang,accepted,18508429-6664-404b-917d-f9d0a5d13a48,10.3,2026-08-19T01:00:00+00:00,10.3,82010
2026-08-19,da_nang,accepted,18508429-6664-404b-917d-f9d0a5d13a48,10.1,2026-08-19T02:00:00+00:00,10.1,82011
2026-08-19,da_nang,accepted,18508429-6664-404b-917d-f9d0a5d13a48,10.0,2026-08-19T03:00:00+00:00,10.0,82012
2026-08-19,da_nang,accepted,18508429-6664-404b-917d-f9d0a5d13a48,10.6,2026-08-19T04:00:00+00:00,10.6,82013
2026-08-19,da_nang,accepted,18508429-6664-404b-917d-f9d0a5d13a48,13.1,2026-08-19T05:00:00+00:00,13.1,82014
2026-08-19,da_nang,accepted,18508429-6664-404b-917d-f9d0a5d13a48,16.7,2026-08-19T06:00:00+00:00,16.7,82015
2026-08-19,da_nang,accepted,18508429-6664-404b-917d-f9d0a5d13a48,19.7,2026-08-19T07:00:00+00:00,19.7,82016
2026-08-19,da_nang,accepted,18508429-6664-404b-917d-f9d0a5d13a48,21.2,2026-08-19T08:00:00+00:00,21.2,82017
2026-08-19,da_nang,accepted,18508429-6664-404b-917d-f9d0a5d13a48,21.0,2026-08-19T09:00:00+00:00,21.0,82018
2026-08-19,da_nang,accepted,18508429-6664-404b-917d-f9d0a5d13a48,20.3,2026-08-19T10:00:00+00:00,20.3,82019
2026-08-19,da_nang,accepted,18508429-6664-404b-917d-f9d0a5d13a48,20.1,2026-08-19T11:00:00+00:00,20.1,82020
2026-08-19,da_nang,accepted,18508429-6664-404b-917d-f9d0a5d13a48,15.5,2026-08-19T12:00:00+00:00,15.5,82021
2026-08-19,da_nang,accepted,18508429-6664-404b-917d-f9d0a5d13a48,16.0,2026-08-19T13:00:00+00:00,16.0,82022
2026-08-19,da_nang,accepted,18508429-6664-404b-917d-f9d0a5d13a48,15.6,2026-08-19T14:00:00+00:00,15.6,82023
2026-08-19,da_nang,accepted,18508429-6664-404b-917d-f9d0a5d13a48,14.9,2026-08-19T15:00:00+00:00,14.9,82024
2026-08-19,da_nang,accepted,18508429-6664-404b-917d-f9d0a5d13a48,13.3,2026-08-19T16:00:00+00:00,13.3,82025
2026-08-20,da_nang,accepted,18508429-6664-404b-917d-f9d0a5d13a48,11.0,2026-08-19T17:00:00+00:00,11.0,82026
2026-08-20,da_nang,accepted,18508429-6664-404b-917d-f9d0a5d13a48,8.8,2026-08-19T18:00:00+00:00,8.8,82027
2026-08-20,da_nang,accepted,18508429-6664-404b-917d-f9d0a5d13a48,7.3,2026-08-19T19:00:00+00:00,7.3,82028
2026-08-20,da_nang,accepted,18508429-6664-404b-917d-f9d0a5d13a48,6.5,2026-08-19T20:00:00+00:00,6.5,82029
2026-08-20,da_nang,accepted,18508429-6664-404b-917d-f9d0a5d13a48,6.3,2026-08-19T21:00:00+00:00,6.3,82030
2026-08-20,da_nang,accepted,18508429-6664-404b-917d-f9d0a5d13a48,6.7,2026-08-19T22:00:00+00:00,6.7,82031
2026-08-20,da_nang,accepted,18508429-6664-404b-917d-f9d0a5d13a48,7.5,2026-08-19T23:00:00+00:00,7.5,82032
2026-08-20,da_nang,accepted,18508429-6664-404b-917d-f9d0a5d13a48,7.9,2026-08-20T00:00:00+00:00,7.9,82033
2026-08-20,da_nang,accepted,18508429-6664-404b-917d-f9d0a5d13a48,9.1,2026-08-20T01:00:00+00:00,9.1,82034
2026-08-20,da_nang,accepted,18508429-6664-404b-917d-f9d0a5d13a48,10.3,2026-08-20T02:00:00+00:00,10.3,82035
2026-08-20,da_nang,accepted,18508429-6664-404b-917d-f9d0a5d13a48,12.5,2026-08-20T03:00:00+00:00,12.5,82036
2026-08-20,da_nang,accepted,18508429-6664-404b-917d-f9d0a5d13a48,15.8,2026-08-20T04:00:00+00:00,15.8,82037
2026-08-20,da_nang,accepted,18508429-6664-404b-917d-f9d0a5d13a48,19.2,2026-08-20T05:00:00+00:00,19.2,82038
2026-08-20,da_nang,accepted,18508429-6664-404b-917d-f9d0a5d13a48,20.7,2026-08-20T06:00:00+00:00,20.7,82039
2026-08-20,da_nang,accepted,18508429-6664-404b-917d-f9d0a5d13a48,19.7,2026-08-20T07:00:00+00:00,19.7,82040
2026-08-20,da_nang,accepted,18508429-6664-404b-917d-f9d0a5d13a48,16.5,2026-08-20T08:00:00+00:00,16.5,82041
2026-08-20,da_nang,accepted,18508429-6664-404b-917d-f9d0a5d13a48,13.5,2026-08-20T09:00:00+00:00,13.5,82042
2026-08-20,da_nang,accepted,18508429-6664-404b-917d-f9d0a5d13a48,11.7,2026-08-20T10:00:00+00:00,11.7,82043
2026-08-20,da_nang,accepted,18508429-6664-404b-917d-f9d0a5d13a48,10.2,2026-08-20T11:00:00+00:00,10.2,82044
2026-08-20,da_nang,accepted,18508429-6664-404b-917d-f9d0a5d13a48,6.8,2026-08-20T12:00:00+00:00,6.8,82045
2026-08-20,da_nang,accepted,18508429-6664-404b-917d-f9d0a5d13a48,5.2,2026-08-20T13:00:00+00:00,5.2,82046
2026-08-20,da_nang,accepted,18508429-6664-404b-917d-f9d0a5d13a48,4.8,2026-08-20T14:00:00+00:00,4.8,82047
2026-08-20,da_nang,accepted,18508429-6664-404b-917d-f9d0a5d13a48,5.0,2026-08-20T15:00:00+00:00,5.0,82048
2026-08-20,da_nang,accepted,18508429-6664-404b-917d-f9d0a5d13a48,5.0,2026-08-20T16:00:00+00:00,5.0,82049
2026-08-21,da_nang,accepted,18508429-6664-404b-917d-f9d0a5d13a48,4.6,2026-08-20T17:00:00+00:00,4.6,82050
2026-08-21,da_nang,accepted,18508429-6664-404b-917d-f9d0a5d13a48,3.9,2026-08-20T18:00:00+00:00,3.9,82051
2026-08-21,da_nang,accepted,18508429-6664-404b-917d-f9d0a5d13a48,3.3,2026-08-20T19:00:00+00:00,3.3,82052
2026-08-21,da_nang,accepted,18508429-6664-404b-917d-f9d0a5d13a48,2.6,2026-08-20T20:00:00+00:00,2.6,82053
2026-08-21,da_nang,accepted,18508429-6664-404b-917d-f9d0a5d13a48,2.3,2026-08-20T21:00:00+00:00,2.3,82054
2026-08-21,da_nang,accepted,18508429-6664-404b-917d-f9d0a5d13a48,2.2,2026-08-20T22:00:00+00:00,2.2,82055
2026-08-21,da_nang,accepted,18508429-6664-404b-917d-f9d0a5d13a48,2.3,2026-08-20T23:00:00+00:00,2.3,82056
2026-08-21,da_nang,accepted,18508429-6664-404b-917d-f9d0a5d13a48,3.8,2026-08-21T00:00:00+00:00,3.8,82057
2026-08-21,da_nang,accepted,18508429-6664-404b-917d-f9d0a5d13a48,4.5,2026-08-21T01:00:00+00:00,4.5,82058
2026-08-21,da_nang,accepted,18508429-6664-404b-917d-f9d0a5d13a48,5.5,2026-08-21T02:00:00+00:00,5.5,82059
2026-08-21,da_nang,accepted,18508429-6664-404b-917d-f9d0a5d13a48,7.2,2026-08-21T03:00:00+00:00,7.2,82060
2026-08-21,da_nang,accepted,18508429-6664-404b-917d-f9d0a5d13a48,8.1,2026-08-21T04:00:00+00:00,8.1,82061
2026-08-21,da_nang,accepted,18508429-6664-404b-917d-f9d0a5d13a48,7.6,2026-08-21T05:00:00+00:00,7.6,82062
2026-08-21,da_nang,accepted,18508429-6664-404b-917d-f9d0a5d13a48,6.8,2026-08-21T06:00:00+00:00,6.8,82063
2026-08-21,da_nang,accepted,18508429-6664-404b-917d-f9d0a5d13a48,6.3,2026-08-21T07:00:00+00:00,6.3,82064
2026-08-21,da_nang,accepted,18508429-6664-404b-917d-f9d0a5d13a48,6.6,2026-08-21T08:00:00+00:00,6.6,82065
2026-08-21,da_nang,accepted,18508429-6664-404b-917d-f9d0a5d13a48,7.9,2026-08-21T09:00:00+00:00,7.9,82066
2026-08-21,da_nang,accepted,18508429-6664-404b-917d-f9d0a5d13a48,8.4,2026-08-21T10:00:00+00:00,8.4,82067
2026-08-21,da_nang,accepted,18508429-6664-404b-917d-f9d0a5d13a48,8.1,2026-08-21T11:00:00+00:00,8.1,82068
2026-08-21,da_nang,accepted,18508429-6664-404b-917d-f9d0a5d13a48,13.4,2026-08-21T12:00:00+00:00,13.4,82069
2026-08-21,da_nang,accepted,18508429-6664-404b-917d-f9d0a5d13a48,14.2,2026-08-21T13:00:00+00:00,14.2,82070
2026-08-21,da_nang,accepted,18508429-6664-404b-917d-f9d0a5d13a48,11.8,2026-08-21T14:00:00+00:00,11.8,82071
2026-08-21,da_nang,accepted,18508429-6664-404b-917d-f9d0a5d13a48,8.4,2026-08-21T15:00:00+00:00,8.4,82072
2026-08-21,da_nang,accepted,18508429-6664-404b-917d-f9d0a5d13a48,6.2,2026-08-21T16:00:00+00:00,6.2,82073
2026-08-22,da_nang,accepted,18508429-6664-404b-917d-f9d0a5d13a48,4.9,2026-08-21T17:00:00+00:00,4.9,82074
2026-08-22,da_nang,accepted,18508429-6664-404b-917d-f9d0a5d13a48,4.1,2026-08-21T18:00:00+00:00,4.1,82075
2026-08-22,da_nang,accepted,18508429-6664-404b-917d-f9d0a5d13a48,4.0,2026-08-21T19:00:00+00:00,4.0,82076
2026-08-22,da_nang,accepted,18508429-6664-404b-917d-f9d0a5d13a48,4.4,2026-08-21T20:00:00+00:00,4.4,82077
2026-08-22,da_nang,accepted,18508429-6664-404b-917d-f9d0a5d13a48,4.4,2026-08-21T21:00:00+00:00,4.4,82078
2026-08-22,da_nang,accepted,18508429-6664-404b-917d-f9d0a5d13a48,3.9,2026-08-21T22:00:00+00:00,3.9,82079
2026-08-22,da_nang,accepted,18508429-6664-404b-917d-f9d0a5d13a48,4.1,2026-08-21T23:00:00+00:00,4.1,82080
2026-08-22,da_nang,accepted,18508429-6664-404b-917d-f9d0a5d13a48,3.0,2026-08-22T00:00:00+00:00,3.0,82081
2026-08-22,da_nang,accepted,18508429-6664-404b-917d-f9d0a5d13a48,4.2,2026-08-22T01:00:00+00:00,4.2,82082
2026-08-22,da_nang,accepted,18508429-6664-404b-917d-f9d0a5d13a48,5.2,2026-08-22T02:00:00+00:00,5.2,82083
2026-08-22,da_nang,accepted,18508429-6664-404b-917d-f9d0a5d13a48,6.2,2026-08-22T03:00:00+00:00,6.2,82084
2026-08-22,da_nang,accepted,18508429-6664-404b-917d-f9d0a5d13a48,6.7,2026-08-22T04:00:00+00:00,6.7,82085
2026-08-22,da_nang,accepted,18508429-6664-404b-917d-f9d0a5d13a48,5.0,2026-08-22T05:00:00+00:00,5.0,82086
2026-08-22,da_nang,accepted,18508429-6664-404b-917d-f9d0a5d13a48,5.4,2026-08-22T06:00:00+00:00,5.4,82087
2026-08-22,da_nang,accepted,18508429-6664-404b-917d-f9d0a5d13a48,7.7,2026-08-22T07:00:00+00:00,7.7,82088
2026-08-22,da_nang,accepted,18508429-6664-404b-917d-f9d0a5d13a48,10.1,2026-08-22T08:00:00+00:00,10.1,82089
2026-08-22,da_nang,accepted,18508429-6664-404b-917d-f9d0a5d13a48,11.8,2026-08-22T09:00:00+00:00,11.8,82090
2026-08-22,da_nang,accepted,18508429-6664-404b-917d-f9d0a5d13a48,14.0,2026-08-22T10:00:00+00:00,14.0,82091
2026-08-22,da_nang,accepted,18508429-6664-404b-917d-f9d0a5d13a48,16.1,2026-08-22T11:00:00+00:00,16.1,82092
2026-08-22,da_nang,accepted,18508429-6664-404b-917d-f9d0a5d13a48,21.7,2026-08-22T12:00:00+00:00,21.7,82093
2026-08-22,da_nang,accepted,18508429-6664-404b-917d-f9d0a5d13a48,22.5,2026-08-22T13:00:00+00:00,22.5,82094
2026-08-22,da_nang,accepted,18508429-6664-404b-917d-f9d0a5d13a48,19.2,2026-08-22T14:00:00+00:00,19.2,82095
2026-08-22,da_nang,accepted,18508429-6664-404b-917d-f9d0a5d13a48,14.7,2026-08-22T15:00:00+00:00,14.7,82096
2026-08-22,da_nang,accepted,18508429-6664-404b-917d-f9d0a5d13a48,11.4,2026-08-22T16:00:00+00:00,11.4,82097
2026-08-23,da_nang,accepted,18508429-6664-404b-917d-f9d0a5d13a48,8.6,2026-08-22T17:00:00+00:00,8.6,82098
2026-08-23,da_nang,accepted,18508429-6664-404b-917d-f9d0a5d13a48,6.4,2026-08-22T18:00:00+00:00,6.4,82099
2026-08-23,da_nang,accepted,18508429-6664-404b-917d-f9d0a5d13a48,4.7,2026-08-22T19:00:00+00:00,4.7,82100
2026-08-23,da_nang,accepted,18508429-6664-404b-917d-f9d0a5d13a48,3.4,2026-08-22T20:00:00+00:00,3.4,82101
2026-08-23,da_nang,accepted,18508429-6664-404b-917d-f9d0a5d13a48,2.7,2026-08-22T21:00:00+00:00,2.7,82102
2026-08-23,da_nang,accepted,18508429-6664-404b-917d-f9d0a5d13a48,2.3,2026-08-22T22:00:00+00:00,2.3,82103
2026-08-23,da_nang,accepted,18508429-6664-404b-917d-f9d0a5d13a48,2.4,2026-08-22T23:00:00+00:00,2.4,82104
2026-08-23,da_nang,accepted,18508429-6664-404b-917d-f9d0a5d13a48,1.9,2026-08-23T00:00:00+00:00,1.9,82105
2026-08-23,da_nang,accepted,18508429-6664-404b-917d-f9d0a5d13a48,2.6,2026-08-23T01:00:00+00:00,2.6,82106
2026-08-23,da_nang,accepted,18508429-6664-404b-917d-f9d0a5d13a48,3.5,2026-08-23T02:00:00+00:00,3.5,82107
2026-08-23,da_nang,accepted,18508429-6664-404b-917d-f9d0a5d13a48,4.5,2026-08-23T03:00:00+00:00,4.5,82108
2026-08-23,da_nang,accepted,18508429-6664-404b-917d-f9d0a5d13a48,5.4,2026-08-23T04:00:00+00:00,5.4,82109
2026-08-23,da_nang,accepted,18508429-6664-404b-917d-f9d0a5d13a48,6.8,2026-08-23T05:00:00+00:00,6.8,82110
2026-08-23,da_nang,accepted,18508429-6664-404b-917d-f9d0a5d13a48,8.4,2026-08-23T06:00:00+00:00,8.4,82111
2026-08-23,da_nang,accepted,18508429-6664-404b-917d-f9d0a5d13a48,10.0,2026-08-23T07:00:00+00:00,10.0,82112
2026-08-23,da_nang,accepted,18508429-6664-404b-917d-f9d0a5d13a48,12.9,2026-08-23T08:00:00+00:00,12.9,82113
2026-08-23,da_nang,accepted,18508429-6664-404b-917d-f9d0a5d13a48,15.3,2026-08-23T09:00:00+00:00,15.3,82114
2026-08-23,da_nang,accepted,18508429-6664-404b-917d-f9d0a5d13a48,16.0,2026-08-23T10:00:00+00:00,16.0,82115
2026-08-23,da_nang,accepted,18508429-6664-404b-917d-f9d0a5d13a48,15.1,2026-08-23T11:00:00+00:00,15.1,82116
2026-08-23,da_nang,accepted,18508429-6664-404b-917d-f9d0a5d13a48,10.5,2026-08-23T12:00:00+00:00,10.5,82117
2026-08-23,da_nang,accepted,18508429-6664-404b-917d-f9d0a5d13a48,10.4,2026-08-23T13:00:00+00:00,10.4,82118
2026-08-23,da_nang,accepted,18508429-6664-404b-917d-f9d0a5d13a48,10.9,2026-08-23T14:00:00+00:00,10.9,82119
2026-08-23,da_nang,accepted,18508429-6664-404b-917d-f9d0a5d13a48,10.9,2026-08-23T15:00:00+00:00,10.9,82120
2026-08-23,da_nang,accepted,18508429-6664-404b-917d-f9d0a5d13a48,9.6,2026-08-23T16:00:00+00:00,9.6,82121
2026-08-24,da_nang,accepted,18508429-6664-404b-917d-f9d0a5d13a48,7.9,2026-08-23T17:00:00+00:00,7.9,82122
2026-08-24,da_nang,accepted,18508429-6664-404b-917d-f9d0a5d13a48,6.5,2026-08-23T18:00:00+00:00,6.5,82123
2026-08-24,da_nang,accepted,18508429-6664-404b-917d-f9d0a5d13a48,5.5,2026-08-23T19:00:00+00:00,5.5,82124
2026-08-24,da_nang,accepted,18508429-6664-404b-917d-f9d0a5d13a48,4.5,2026-08-23T20:00:00+00:00,4.5,82125
2026-08-24,da_nang,accepted,18508429-6664-404b-917d-f9d0a5d13a48,3.5,2026-08-23T21:00:00+00:00,3.5,82126
2026-08-24,da_nang,accepted,18508429-6664-404b-917d-f9d0a5d13a48,2.9,2026-08-23T22:00:00+00:00,2.9,82127
2026-08-24,da_nang,accepted,18508429-6664-404b-917d-f9d0a5d13a48,2.7,2026-08-23T23:00:00+00:00,2.7,82128
2026-08-24,da_nang,accepted,00f430da-8b8d-4201-bab7-ad96de283afa,2.4,2026-08-24T00:00:00+00:00,2.4,83137
2026-08-24,da_nang,accepted,00f430da-8b8d-4201-bab7-ad96de283afa,3.9,2026-08-24T01:00:00+00:00,3.9,83138
2026-08-24,da_nang,accepted,00f430da-8b8d-4201-bab7-ad96de283afa,5.4,2026-08-24T02:00:00+00:00,5.4,83139
2026-08-24,da_nang,accepted,00f430da-8b8d-4201-bab7-ad96de283afa,7.7,2026-08-24T03:00:00+00:00,7.7,83140
2026-08-24,da_nang,accepted,00f430da-8b8d-4201-bab7-ad96de283afa,7.9,2026-08-24T04:00:00+00:00,7.9,83141
2026-08-24,da_nang,accepted,00f430da-8b8d-4201-bab7-ad96de283afa,7.5,2026-08-24T05:00:00+00:00,7.5,83142
2026-08-24,da_nang,accepted,00f430da-8b8d-4201-bab7-ad96de283afa,8.0,2026-08-24T06:00:00+00:00,8.0,83143
2026-08-24,da_nang,accepted,00f430da-8b8d-4201-bab7-ad96de283afa,9.2,2026-08-24T07:00:00+00:00,9.2,83144
2026-08-24,da_nang,accepted,00f430da-8b8d-4201-bab7-ad96de283afa,11.2,2026-08-24T08:00:00+00:00,11.2,83145
2026-08-24,da_nang,accepted,00f430da-8b8d-4201-bab7-ad96de283afa,14.1,2026-08-24T09:00:00+00:00,14.1,83146
2026-08-24,da_nang,accepted,00f430da-8b8d-4201-bab7-ad96de283afa,17.2,2026-08-24T10:00:00+00:00,17.2,83147
2026-08-24,da_nang,accepted,00f430da-8b8d-4201-bab7-ad96de283afa,20.5,2026-08-24T11:00:00+00:00,20.5,83148
2026-08-24,da_nang,accepted,00f430da-8b8d-4201-bab7-ad96de283afa,19.7,2026-08-24T12:00:00+00:00,19.7,83149
2026-08-24,da_nang,accepted,00f430da-8b8d-4201-bab7-ad96de283afa,15.9,2026-08-24T13:00:00+00:00,15.9,83150
2026-08-24,da_nang,accepted,00f430da-8b8d-4201-bab7-ad96de283afa,10.9,2026-08-24T14:00:00+00:00,10.9,83151
2026-08-24,da_nang,accepted,00f430da-8b8d-4201-bab7-ad96de283afa,9.1,2026-08-24T15:00:00+00:00,9.1,83152
2026-08-24,da_nang,accepted,00f430da-8b8d-4201-bab7-ad96de283afa,7.4,2026-08-24T16:00:00+00:00,7.4,83153
2026-08-25,da_nang,accepted,00f430da-8b8d-4201-bab7-ad96de283afa,5.3,2026-08-24T17:00:00+00:00,5.3,83154
2026-08-25,da_nang,accepted,00f430da-8b8d-4201-bab7-ad96de283afa,4.0,2026-08-24T18:00:00+00:00,4.0,83155
2026-08-25,da_nang,accepted,00f430da-8b8d-4201-bab7-ad96de283afa,3.6,2026-08-24T19:00:00+00:00,3.6,83156
2026-08-25,da_nang,accepted,00f430da-8b8d-4201-bab7-ad96de283afa,3.9,2026-08-24T20:00:00+00:00,3.9,83157
2026-08-25,da_nang,accepted,00f430da-8b8d-4201-bab7-ad96de283afa,4.2,2026-08-24T21:00:00+00:00,4.2,83158
2026-08-25,da_nang,accepted,00f430da-8b8d-4201-bab7-ad96de283afa,4.2,2026-08-24T22:00:00+00:00,4.2,83159
2026-08-25,da_nang,accepted,00f430da-8b8d-4201-bab7-ad96de283afa,4.3,2026-08-24T23:00:00+00:00,4.3,83160
2026-08-25,da_nang,accepted,00f430da-8b8d-4201-bab7-ad96de283afa,4.4,2026-08-25T00:00:00+00:00,4.4,83161
2026-08-25,da_nang,accepted,00f430da-8b8d-4201-bab7-ad96de283afa,5.2,2026-08-25T01:00:00+00:00,5.2,83162
2026-08-25,da_nang,accepted,00f430da-8b8d-4201-bab7-ad96de283afa,6.3,2026-08-25T02:00:00+00:00,6.3,83163
2026-08-25,da_nang,accepted,00f430da-8b8d-4201-bab7-ad96de283afa,7.9,2026-08-25T03:00:00+00:00,7.9,83164
2026-08-25,da_nang,accepted,00f430da-8b8d-4201-bab7-ad96de283afa,8.1,2026-08-25T04:00:00+00:00,8.1,83165
2026-08-25,da_nang,accepted,00f430da-8b8d-4201-bab7-ad96de283afa,9.0,2026-08-25T05:00:00+00:00,9.0,83166
2026-08-25,da_nang,accepted,00f430da-8b8d-4201-bab7-ad96de283afa,10.3,2026-08-25T06:00:00+00:00,10.3,83167
2026-08-25,da_nang,accepted,00f430da-8b8d-4201-bab7-ad96de283afa,15.1,2026-08-25T07:00:00+00:00,15.1,83168
2026-08-25,da_nang,accepted,00f430da-8b8d-4201-bab7-ad96de283afa,16.6,2026-08-25T08:00:00+00:00,16.6,83169
2026-08-25,da_nang,accepted,00f430da-8b8d-4201-bab7-ad96de283afa,17.9,2026-08-25T09:00:00+00:00,17.9,83170
2026-08-25,da_nang,accepted,00f430da-8b8d-4201-bab7-ad96de283afa,18.0,2026-08-25T10:00:00+00:00,18.0,83171
2026-08-25,da_nang,accepted,00f430da-8b8d-4201-bab7-ad96de283afa,17.8,2026-08-25T11:00:00+00:00,17.8,83172
2026-08-25,da_nang,accepted,00f430da-8b8d-4201-bab7-ad96de283afa,13.6,2026-08-25T12:00:00+00:00,13.6,83173
2026-08-25,da_nang,accepted,00f430da-8b8d-4201-bab7-ad96de283afa,13.8,2026-08-25T13:00:00+00:00,13.8,83174
2026-08-25,da_nang,accepted,00f430da-8b8d-4201-bab7-ad96de283afa,13.0,2026-08-25T14:00:00+00:00,13.0,83175
2026-08-25,da_nang,accepted,00f430da-8b8d-4201-bab7-ad96de283afa,12.1,2026-08-25T15:00:00+00:00,12.1,83176
2026-08-25,da_nang,accepted,00f430da-8b8d-4201-bab7-ad96de283afa,10.7,2026-08-25T16:00:00+00:00,10.7,83177
2026-08-26,da_nang,accepted,00f430da-8b8d-4201-bab7-ad96de283afa,9.6,2026-08-25T17:00:00+00:00,9.6,83178
2026-08-26,da_nang,accepted,00f430da-8b8d-4201-bab7-ad96de283afa,8.9,2026-08-25T18:00:00+00:00,8.9,83179
2026-08-26,da_nang,accepted,00f430da-8b8d-4201-bab7-ad96de283afa,8.1,2026-08-25T19:00:00+00:00,8.1,83180
2026-08-26,da_nang,accepted,00f430da-8b8d-4201-bab7-ad96de283afa,7.1,2026-08-25T20:00:00+00:00,7.1,83181
2026-08-26,da_nang,accepted,00f430da-8b8d-4201-bab7-ad96de283afa,6.1,2026-08-25T21:00:00+00:00,6.1,83182
2026-08-26,da_nang,accepted,00f430da-8b8d-4201-bab7-ad96de283afa,5.3,2026-08-25T22:00:00+00:00,5.3,83183
2026-08-26,da_nang,accepted,00f430da-8b8d-4201-bab7-ad96de283afa,4.9,2026-08-25T23:00:00+00:00,4.9,83184
2026-08-26,da_nang,accepted,00f430da-8b8d-4201-bab7-ad96de283afa,6.5,2026-08-26T00:00:00+00:00,6.5,83185
2026-08-26,da_nang,accepted,00f430da-8b8d-4201-bab7-ad96de283afa,6.8,2026-08-26T01:00:00+00:00,6.8,83186
2026-08-26,da_nang,accepted,00f430da-8b8d-4201-bab7-ad96de283afa,7.8,2026-08-26T02:00:00+00:00,7.8,83187
2026-08-26,da_nang,accepted,00f430da-8b8d-4201-bab7-ad96de283afa,9.7,2026-08-26T03:00:00+00:00,9.7,83188
2026-08-26,da_nang,accepted,00f430da-8b8d-4201-bab7-ad96de283afa,13.0,2026-08-26T04:00:00+00:00,13.0,83189
2026-08-26,da_nang,accepted,00f430da-8b8d-4201-bab7-ad96de283afa,16.9,2026-08-26T05:00:00+00:00,16.9,83190
2026-08-26,da_nang,accepted,00f430da-8b8d-4201-bab7-ad96de283afa,19.0,2026-08-26T06:00:00+00:00,19.0,83191
2026-08-26,da_nang,accepted,00f430da-8b8d-4201-bab7-ad96de283afa,18.3,2026-08-26T07:00:00+00:00,18.3,83192
2026-08-26,da_nang,accepted,00f430da-8b8d-4201-bab7-ad96de283afa,19.3,2026-08-26T08:00:00+00:00,19.3,83193
2026-08-26,da_nang,accepted,00f430da-8b8d-4201-bab7-ad96de283afa,16.9,2026-08-26T09:00:00+00:00,16.9,83194
2026-08-26,da_nang,accepted,00f430da-8b8d-4201-bab7-ad96de283afa,14.5,2026-08-26T10:00:00+00:00,14.5,83195
2026-08-26,da_nang,accepted,00f430da-8b8d-4201-bab7-ad96de283afa,13.2,2026-08-26T11:00:00+00:00,13.2,83196
2026-08-26,da_nang,accepted,00f430da-8b8d-4201-bab7-ad96de283afa,15.3,2026-08-26T12:00:00+00:00,15.3,83197
2026-08-26,da_nang,accepted,00f430da-8b8d-4201-bab7-ad96de283afa,14.3,2026-08-26T13:00:00+00:00,14.3,83198
2026-08-26,da_nang,accepted,00f430da-8b8d-4201-bab7-ad96de283afa,15.0,2026-08-26T14:00:00+00:00,15.0,83199
2026-08-26,da_nang,accepted,00f430da-8b8d-4201-bab7-ad96de283afa,15.8,2026-08-26T15:00:00+00:00,15.8,83200
2026-08-26,da_nang,accepted,00f430da-8b8d-4201-bab7-ad96de283afa,14.8,2026-08-26T16:00:00+00:00,14.8,83201
2026-08-27,da_nang,accepted,00f430da-8b8d-4201-bab7-ad96de283afa,11.4,2026-08-26T17:00:00+00:00,11.4,83202
2026-08-27,da_nang,accepted,00f430da-8b8d-4201-bab7-ad96de283afa,9.2,2026-08-26T18:00:00+00:00,9.2,83203
2026-08-27,da_nang,accepted,00f430da-8b8d-4201-bab7-ad96de283afa,8.1,2026-08-26T19:00:00+00:00,8.1,83204
2026-08-27,da_nang,accepted,00f430da-8b8d-4201-bab7-ad96de283afa,7.5,2026-08-26T20:00:00+00:00,7.5,83205
2026-08-27,da_nang,accepted,00f430da-8b8d-4201-bab7-ad96de283afa,6.9,2026-08-26T21:00:00+00:00,6.9,83206
2026-08-27,da_nang,accepted,00f430da-8b8d-4201-bab7-ad96de283afa,6.1,2026-08-26T22:00:00+00:00,6.1,83207
2026-08-27,da_nang,accepted,00f430da-8b8d-4201-bab7-ad96de283afa,5.7,2026-08-26T23:00:00+00:00,5.7,83208
2026-08-27,da_nang,accepted,00f430da-8b8d-4201-bab7-ad96de283afa,6.7,2026-08-27T00:00:00+00:00,6.7,83209
2026-08-27,da_nang,accepted,00f430da-8b8d-4201-bab7-ad96de283afa,6.8,2026-08-27T01:00:00+00:00,6.8,83210
2026-08-27,da_nang,accepted,00f430da-8b8d-4201-bab7-ad96de283afa,7.3,2026-08-27T02:00:00+00:00,7.3,83211
2026-08-27,da_nang,accepted,00f430da-8b8d-4201-bab7-ad96de283afa,9.2,2026-08-27T03:00:00+00:00,9.2,83212
2026-08-27,da_nang,accepted,00f430da-8b8d-4201-bab7-ad96de283afa,14.2,2026-08-27T04:00:00+00:00,14.2,83213
2026-08-27,da_nang,accepted,00f430da-8b8d-4201-bab7-ad96de283afa,17.7,2026-08-27T05:00:00+00:00,17.7,83214
2026-08-27,da_nang,accepted,00f430da-8b8d-4201-bab7-ad96de283afa,19.3,2026-08-27T06:00:00+00:00,19.3,83215
2026-08-27,da_nang,accepted,00f430da-8b8d-4201-bab7-ad96de283afa,19.3,2026-08-27T07:00:00+00:00,19.3,83216
2026-08-27,da_nang,accepted,00f430da-8b8d-4201-bab7-ad96de283afa,18.5,2026-08-27T08:00:00+00:00,18.5,83217
2026-08-27,da_nang,accepted,00f430da-8b8d-4201-bab7-ad96de283afa,16.8,2026-08-27T09:00:00+00:00,16.8,83218
2026-08-27,da_nang,accepted,00f430da-8b8d-4201-bab7-ad96de283afa,14.6,2026-08-27T10:00:00+00:00,14.6,83219
2026-08-27,da_nang,accepted,00f430da-8b8d-4201-bab7-ad96de283afa,13.5,2026-08-27T11:00:00+00:00,13.5,83220
2026-08-27,da_nang,accepted,00f430da-8b8d-4201-bab7-ad96de283afa,14.2,2026-08-27T12:00:00+00:00,14.2,83221
2026-08-27,da_nang,accepted,00f430da-8b8d-4201-bab7-ad96de283afa,12.5,2026-08-27T13:00:00+00:00,12.5,83222
2026-08-27,da_nang,accepted,00f430da-8b8d-4201-bab7-ad96de283afa,11.0,2026-08-27T14:00:00+00:00,11.0,83223
2026-08-27,da_nang,accepted,00f430da-8b8d-4201-bab7-ad96de283afa,10.6,2026-08-27T15:00:00+00:00,10.6,83224
2026-08-27,da_nang,accepted,00f430da-8b8d-4201-bab7-ad96de283afa,10.2,2026-08-27T16:00:00+00:00,10.2,83225
2026-08-28,da_nang,accepted,00f430da-8b8d-4201-bab7-ad96de283afa,7.3,2026-08-27T17:00:00+00:00,7.3,83226
2026-08-28,da_nang,accepted,00f430da-8b8d-4201-bab7-ad96de283afa,5.2,2026-08-27T18:00:00+00:00,5.2,83227
2026-08-28,da_nang,accepted,00f430da-8b8d-4201-bab7-ad96de283afa,4.3,2026-08-27T19:00:00+00:00,4.3,83228
2026-08-28,da_nang,accepted,00f430da-8b8d-4201-bab7-ad96de283afa,4.1,2026-08-27T20:00:00+00:00,4.1,83229
2026-08-28,da_nang,accepted,00f430da-8b8d-4201-bab7-ad96de283afa,4.4,2026-08-27T21:00:00+00:00,4.4,83230
2026-08-28,da_nang,accepted,00f430da-8b8d-4201-bab7-ad96de283afa,4.8,2026-08-27T22:00:00+00:00,4.8,83231
2026-08-28,da_nang,accepted,00f430da-8b8d-4201-bab7-ad96de283afa,5.1,2026-08-27T23:00:00+00:00,5.1,83232
2026-08-28,da_nang,accepted,00f430da-8b8d-4201-bab7-ad96de283afa,3.9,2026-08-28T00:00:00+00:00,3.9,83233
2026-08-28,da_nang,accepted,00f430da-8b8d-4201-bab7-ad96de283afa,4.3,2026-08-28T01:00:00+00:00,4.3,83234
2026-08-28,da_nang,accepted,00f430da-8b8d-4201-bab7-ad96de283afa,5.0,2026-08-28T02:00:00+00:00,5.0,83235
2026-08-28,da_nang,accepted,00f430da-8b8d-4201-bab7-ad96de283afa,6.1,2026-08-28T03:00:00+00:00,6.1,83236
2026-08-28,da_nang,accepted,00f430da-8b8d-4201-bab7-ad96de283afa,7.4,2026-08-28T04:00:00+00:00,7.4,83237
2026-08-28,da_nang,accepted,00f430da-8b8d-4201-bab7-ad96de283afa,9.3,2026-08-28T05:00:00+00:00,9.3,83238
2026-08-28,da_nang,accepted,00f430da-8b8d-4201-bab7-ad96de283afa,13.1,2026-08-28T06:00:00+00:00,13.1,83239
2026-08-28,da_nang,accepted,00f430da-8b8d-4201-bab7-ad96de283afa,16.0,2026-08-28T07:00:00+00:00,16.0,83240
2026-08-28,da_nang,accepted,00f430da-8b8d-4201-bab7-ad96de283afa,18.5,2026-08-28T08:00:00+00:00,18.5,83241
2026-08-28,da_nang,accepted,00f430da-8b8d-4201-bab7-ad96de283afa,17.7,2026-08-28T09:00:00+00:00,17.7,83242
2026-08-28,da_nang,accepted,00f430da-8b8d-4201-bab7-ad96de283afa,17.6,2026-08-28T10:00:00+00:00,17.6,83243
2026-08-28,da_nang,accepted,00f430da-8b8d-4201-bab7-ad96de283afa,18.1,2026-08-28T11:00:00+00:00,18.1,83244
2026-08-28,da_nang,accepted,00f430da-8b8d-4201-bab7-ad96de283afa,21.1,2026-08-28T12:00:00+00:00,21.1,83245
2026-08-28,da_nang,accepted,00f430da-8b8d-4201-bab7-ad96de283afa,21.2,2026-08-28T13:00:00+00:00,21.2,83246
2026-08-28,da_nang,accepted,00f430da-8b8d-4201-bab7-ad96de283afa,21.2,2026-08-28T14:00:00+00:00,21.2,83247
2026-08-28,da_nang,accepted,00f430da-8b8d-4201-bab7-ad96de283afa,19.2,2026-08-28T15:00:00+00:00,19.2,83248
2026-08-28,da_nang,accepted,00f430da-8b8d-4201-bab7-ad96de283afa,13.8,2026-08-28T16:00:00+00:00,13.8,83249
2026-08-29,da_nang,accepted,00f430da-8b8d-4201-bab7-ad96de283afa,8.5,2026-08-28T17:00:00+00:00,8.5,83250
2026-08-29,da_nang,accepted,00f430da-8b8d-4201-bab7-ad96de283afa,4.9,2026-08-28T18:00:00+00:00,4.9,83251
2026-08-29,da_nang,accepted,00f430da-8b8d-4201-bab7-ad96de283afa,3.1,2026-08-28T19:00:00+00:00,3.1,83252
2026-08-29,da_nang,accepted,00f430da-8b8d-4201-bab7-ad96de283afa,2.6,2026-08-28T20:00:00+00:00,2.6,83253
2026-08-29,da_nang,accepted,00f430da-8b8d-4201-bab7-ad96de283afa,2.2,2026-08-28T21:00:00+00:00,2.2,83254
2026-08-29,da_nang,accepted,00f430da-8b8d-4201-bab7-ad96de283afa,2.0,2026-08-28T22:00:00+00:00,2.0,83255
2026-08-29,da_nang,accepted,00f430da-8b8d-4201-bab7-ad96de283afa,2.2,2026-08-28T23:00:00+00:00,2.2,83256
2026-08-29,da_nang,accepted,00f430da-8b8d-4201-bab7-ad96de283afa,3.4,2026-08-29T00:00:00+00:00,3.4,83257
2026-08-29,da_nang,accepted,00f430da-8b8d-4201-bab7-ad96de283afa,4.1,2026-08-29T01:00:00+00:00,4.1,83258
2026-08-29,da_nang,accepted,00f430da-8b8d-4201-bab7-ad96de283afa,4.8,2026-08-29T02:00:00+00:00,4.8,83259
2026-08-29,da_nang,accepted,00f430da-8b8d-4201-bab7-ad96de283afa,6.2,2026-08-29T03:00:00+00:00,6.2,83260
2026-08-29,da_nang,accepted,00f430da-8b8d-4201-bab7-ad96de283afa,8.0,2026-08-29T04:00:00+00:00,8.0,83261
2026-08-29,da_nang,accepted,00f430da-8b8d-4201-bab7-ad96de283afa,12.0,2026-08-29T05:00:00+00:00,12.0,83262
2026-08-29,da_nang,accepted,00f430da-8b8d-4201-bab7-ad96de283afa,13.2,2026-08-29T06:00:00+00:00,13.2,83263
2026-08-29,da_nang,accepted,00f430da-8b8d-4201-bab7-ad96de283afa,12.8,2026-08-29T07:00:00+00:00,12.8,83264
2026-08-29,da_nang,accepted,00f430da-8b8d-4201-bab7-ad96de283afa,12.2,2026-08-29T08:00:00+00:00,12.2,83265
2026-08-29,da_nang,accepted,00f430da-8b8d-4201-bab7-ad96de283afa,13.0,2026-08-29T09:00:00+00:00,13.0,83266
2026-08-29,da_nang,accepted,00f430da-8b8d-4201-bab7-ad96de283afa,14.3,2026-08-29T10:00:00+00:00,14.3,83267
2026-08-29,da_nang,accepted,00f430da-8b8d-4201-bab7-ad96de283afa,13.3,2026-08-29T11:00:00+00:00,13.3,83268
2026-08-29,da_nang,accepted,00f430da-8b8d-4201-bab7-ad96de283afa,18.4,2026-08-29T12:00:00+00:00,18.4,83269
2026-08-29,da_nang,accepted,00f430da-8b8d-4201-bab7-ad96de283afa,17.4,2026-08-29T13:00:00+00:00,17.4,83270
2026-08-29,da_nang,accepted,00f430da-8b8d-4201-bab7-ad96de283afa,14.3,2026-08-29T14:00:00+00:00,14.3,83271
2026-08-29,da_nang,accepted,00f430da-8b8d-4201-bab7-ad96de283afa,11.4,2026-08-29T15:00:00+00:00,11.4,83272
2026-08-29,da_nang,accepted,00f430da-8b8d-4201-bab7-ad96de283afa,10.4,2026-08-29T16:00:00+00:00,10.4,83273
2026-08-30,da_nang,accepted,00f430da-8b8d-4201-bab7-ad96de283afa,9.4,2026-08-29T17:00:00+00:00,9.4,83274
2026-08-30,da_nang,accepted,00f430da-8b8d-4201-bab7-ad96de283afa,8.3,2026-08-29T18:00:00+00:00,8.3,83275
2026-08-30,da_nang,accepted,00f430da-8b8d-4201-bab7-ad96de283afa,7.3,2026-08-29T19:00:00+00:00,7.3,83276
2026-08-30,da_nang,accepted,00f430da-8b8d-4201-bab7-ad96de283afa,6.0,2026-08-29T20:00:00+00:00,6.0,83277
2026-08-30,da_nang,accepted,00f430da-8b8d-4201-bab7-ad96de283afa,5.0,2026-08-29T21:00:00+00:00,5.0,83278
2026-08-30,da_nang,accepted,00f430da-8b8d-4201-bab7-ad96de283afa,4.0,2026-08-29T22:00:00+00:00,4.0,83279
2026-08-30,da_nang,accepted,00f430da-8b8d-4201-bab7-ad96de283afa,3.6,2026-08-29T23:00:00+00:00,3.6,83280
2026-08-30,da_nang,accepted,00f430da-8b8d-4201-bab7-ad96de283afa,5.9,2026-08-30T00:00:00+00:00,5.9,83281
2026-08-30,da_nang,accepted,00f430da-8b8d-4201-bab7-ad96de283afa,6.0,2026-08-30T01:00:00+00:00,6.0,83282
2026-08-30,da_nang,accepted,00f430da-8b8d-4201-bab7-ad96de283afa,6.4,2026-08-30T02:00:00+00:00,6.4,83283
2026-08-30,da_nang,accepted,00f430da-8b8d-4201-bab7-ad96de283afa,7.6,2026-08-30T03:00:00+00:00,7.6,83284
2026-08-30,da_nang,accepted,00f430da-8b8d-4201-bab7-ad96de283afa,7.5,2026-08-30T04:00:00+00:00,7.5,83285
2026-08-30,da_nang,accepted,00f430da-8b8d-4201-bab7-ad96de283afa,7.5,2026-08-30T05:00:00+00:00,7.5,83286
2026-08-30,da_nang,accepted,00f430da-8b8d-4201-bab7-ad96de283afa,7.9,2026-08-30T06:00:00+00:00,7.9,83287
2026-08-30,da_nang,accepted,00f430da-8b8d-4201-bab7-ad96de283afa,8.4,2026-08-30T07:00:00+00:00,8.4,83288
2026-08-30,da_nang,accepted,00f430da-8b8d-4201-bab7-ad96de283afa,8.8,2026-08-30T08:00:00+00:00,8.8,83289
2026-08-30,da_nang,accepted,00f430da-8b8d-4201-bab7-ad96de283afa,9.0,2026-08-30T09:00:00+00:00,9.0,83290
2026-08-30,da_nang,accepted,00f430da-8b8d-4201-bab7-ad96de283afa,9.2,2026-08-30T10:00:00+00:00,9.2,83291
2026-08-30,da_nang,accepted,00f430da-8b8d-4201-bab7-ad96de283afa,9.3,2026-08-30T11:00:00+00:00,9.3,83292
2026-08-30,da_nang,accepted,00f430da-8b8d-4201-bab7-ad96de283afa,12.0,2026-08-30T12:00:00+00:00,12.0,83293
2026-08-30,da_nang,accepted,00f430da-8b8d-4201-bab7-ad96de283afa,10.7,2026-08-30T13:00:00+00:00,10.7,83294
2026-08-30,da_nang,accepted,00f430da-8b8d-4201-bab7-ad96de283afa,10.0,2026-08-30T14:00:00+00:00,10.0,83295
2026-08-30,da_nang,accepted,00f430da-8b8d-4201-bab7-ad96de283afa,9.9,2026-08-30T15:00:00+00:00,9.9,83296
2026-08-30,da_nang,accepted,00f430da-8b8d-4201-bab7-ad96de283afa,10.1,2026-08-30T16:00:00+00:00,10.1,83297
2026-08-31,da_nang,accepted,00f430da-8b8d-4201-bab7-ad96de283afa,9.7,2026-08-30T17:00:00+00:00,9.7,83298
2026-08-31,da_nang,accepted,00f430da-8b8d-4201-bab7-ad96de283afa,10.2,2026-08-30T18:00:00+00:00,10.2,83299
2026-08-31,da_nang,accepted,00f430da-8b8d-4201-bab7-ad96de283afa,8.0,2026-08-30T19:00:00+00:00,8.0,83300
2026-08-31,da_nang,accepted,00f430da-8b8d-4201-bab7-ad96de283afa,6.2,2026-08-30T20:00:00+00:00,6.2,83301
2026-08-31,da_nang,accepted,00f430da-8b8d-4201-bab7-ad96de283afa,4.0,2026-08-30T21:00:00+00:00,4.0,83302
2026-08-31,da_nang,accepted,00f430da-8b8d-4201-bab7-ad96de283afa,2.9,2026-08-30T22:00:00+00:00,2.9,83303
2026-08-31,da_nang,accepted,00f430da-8b8d-4201-bab7-ad96de283afa,2.6,2026-08-30T23:00:00+00:00,2.6,83304
2026-08-31,da_nang,accepted,d455a987-2cdc-4386-bf01-b933ee808b13,3.3,2026-08-31T00:00:00+00:00,3.3,84313
2026-08-31,da_nang,accepted,d455a987-2cdc-4386-bf01-b933ee808b13,3.8,2026-08-31T01:00:00+00:00,3.8,84314
2026-08-31,da_nang,accepted,d455a987-2cdc-4386-bf01-b933ee808b13,3.7,2026-08-31T02:00:00+00:00,3.7,84315
2026-08-31,da_nang,accepted,d455a987-2cdc-4386-bf01-b933ee808b13,5.0,2026-08-31T03:00:00+00:00,5.0,84316
2026-08-31,da_nang,accepted,d455a987-2cdc-4386-bf01-b933ee808b13,6.5,2026-08-31T04:00:00+00:00,6.5,84317
2026-08-31,da_nang,accepted,d455a987-2cdc-4386-bf01-b933ee808b13,6.4,2026-08-31T05:00:00+00:00,6.4,84318
2026-08-31,da_nang,accepted,d455a987-2cdc-4386-bf01-b933ee808b13,5.2,2026-08-31T06:00:00+00:00,5.2,84319
2026-08-31,da_nang,accepted,d455a987-2cdc-4386-bf01-b933ee808b13,4.0,2026-08-31T07:00:00+00:00,4.0,84320
2026-08-31,da_nang,accepted,d455a987-2cdc-4386-bf01-b933ee808b13,3.7,2026-08-31T08:00:00+00:00,3.7,84321
2026-08-31,da_nang,accepted,d455a987-2cdc-4386-bf01-b933ee808b13,4.0,2026-08-31T09:00:00+00:00,4.0,84322
2026-08-31,da_nang,accepted,d455a987-2cdc-4386-bf01-b933ee808b13,4.5,2026-08-31T10:00:00+00:00,4.5,84323
2026-08-31,da_nang,accepted,d455a987-2cdc-4386-bf01-b933ee808b13,5.0,2026-08-31T11:00:00+00:00,5.0,84324
2026-08-31,da_nang,accepted,d455a987-2cdc-4386-bf01-b933ee808b13,7.1,2026-08-31T12:00:00+00:00,7.1,84325
2026-08-31,da_nang,accepted,d455a987-2cdc-4386-bf01-b933ee808b13,7.8,2026-08-31T13:00:00+00:00,7.8,84326
2026-08-31,da_nang,accepted,d455a987-2cdc-4386-bf01-b933ee808b13,8.1,2026-08-31T14:00:00+00:00,8.1,84327
2026-08-31,da_nang,accepted,d455a987-2cdc-4386-bf01-b933ee808b13,8.6,2026-08-31T15:00:00+00:00,8.6,84328
2026-08-31,da_nang,accepted,d455a987-2cdc-4386-bf01-b933ee808b13,9.4,2026-08-31T16:00:00+00:00,9.4,84329
2026-09-01,da_nang,accepted,d455a987-2cdc-4386-bf01-b933ee808b13,8.7,2026-08-31T17:00:00+00:00,8.7,84330
2026-09-01,da_nang,accepted,d455a987-2cdc-4386-bf01-b933ee808b13,7.5,2026-08-31T18:00:00+00:00,7.5,84331
2026-09-01,da_nang,accepted,d455a987-2cdc-4386-bf01-b933ee808b13,7.1,2026-08-31T19:00:00+00:00,7.1,84332
2026-09-01,da_nang,accepted,d455a987-2cdc-4386-bf01-b933ee808b13,6.0,2026-08-31T20:00:00+00:00,6.0,84333
2026-09-01,da_nang,accepted,d455a987-2cdc-4386-bf01-b933ee808b13,4.8,2026-08-31T21:00:00+00:00,4.8,84334
2026-09-01,da_nang,accepted,d455a987-2cdc-4386-bf01-b933ee808b13,4.1,2026-08-31T22:00:00+00:00,4.1,84335
2026-09-01,da_nang,accepted,d455a987-2cdc-4386-bf01-b933ee808b13,4.1,2026-08-31T23:00:00+00:00,4.1,84336
2026-09-01,da_nang,accepted,d455a987-2cdc-4386-bf01-b933ee808b13,9.2,2026-09-01T00:00:00+00:00,9.2,84337
2026-09-01,da_nang,accepted,d455a987-2cdc-4386-bf01-b933ee808b13,6.7,2026-09-01T01:00:00+00:00,6.7,84338
2026-09-01,da_nang,accepted,d455a987-2cdc-4386-bf01-b933ee808b13,5.3,2026-09-01T02:00:00+00:00,5.3,84339
2026-09-01,da_nang,accepted,d455a987-2cdc-4386-bf01-b933ee808b13,4.6,2026-09-01T03:00:00+00:00,4.6,84340
2026-09-01,da_nang,accepted,d455a987-2cdc-4386-bf01-b933ee808b13,5.0,2026-09-01T04:00:00+00:00,5.0,84341
2026-09-01,da_nang,accepted,d455a987-2cdc-4386-bf01-b933ee808b13,6.2,2026-09-01T05:00:00+00:00,6.2,84342
2026-09-01,da_nang,accepted,d455a987-2cdc-4386-bf01-b933ee808b13,8.1,2026-09-01T06:00:00+00:00,8.1,84343
2026-09-01,da_nang,accepted,d455a987-2cdc-4386-bf01-b933ee808b13,8.8,2026-09-01T07:00:00+00:00,8.8,84344
2026-09-01,da_nang,accepted,d455a987-2cdc-4386-bf01-b933ee808b13,9.9,2026-09-01T08:00:00+00:00,9.9,84345
2026-09-01,da_nang,accepted,d455a987-2cdc-4386-bf01-b933ee808b13,11.9,2026-09-01T09:00:00+00:00,11.9,84346
2026-09-01,da_nang,accepted,d455a987-2cdc-4386-bf01-b933ee808b13,13.2,2026-09-01T10:00:00+00:00,13.2,84347
2026-09-01,da_nang,accepted,d455a987-2cdc-4386-bf01-b933ee808b13,13.2,2026-09-01T11:00:00+00:00,13.2,84348
2026-09-01,da_nang,accepted,d455a987-2cdc-4386-bf01-b933ee808b13,11.4,2026-09-01T12:00:00+00:00,11.4,84349
2026-09-01,da_nang,accepted,d455a987-2cdc-4386-bf01-b933ee808b13,11.2,2026-09-01T13:00:00+00:00,11.2,84350
2026-09-01,da_nang,accepted,d455a987-2cdc-4386-bf01-b933ee808b13,11.8,2026-09-01T14:00:00+00:00,11.8,84351
2026-09-01,da_nang,accepted,d455a987-2cdc-4386-bf01-b933ee808b13,12.2,2026-09-01T15:00:00+00:00,12.2,84352
2026-09-01,da_nang,accepted,d455a987-2cdc-4386-bf01-b933ee808b13,12.0,2026-09-01T16:00:00+00:00,12.0,84353
2026-09-02,da_nang,accepted,d455a987-2cdc-4386-bf01-b933ee808b13,11.3,2026-09-01T17:00:00+00:00,11.3,84354
2026-09-02,da_nang,accepted,d455a987-2cdc-4386-bf01-b933ee808b13,9.6,2026-09-01T18:00:00+00:00,9.6,84355
2026-09-02,da_nang,accepted,d455a987-2cdc-4386-bf01-b933ee808b13,8.8,2026-09-01T19:00:00+00:00,8.8,84356
2026-09-02,da_nang,accepted,d455a987-2cdc-4386-bf01-b933ee808b13,7.9,2026-09-01T20:00:00+00:00,7.9,84357
2026-09-02,da_nang,accepted,d455a987-2cdc-4386-bf01-b933ee808b13,7.1,2026-09-01T21:00:00+00:00,7.1,84358
2026-09-02,da_nang,accepted,d455a987-2cdc-4386-bf01-b933ee808b13,6.6,2026-09-01T22:00:00+00:00,6.6,84359
2026-09-02,da_nang,accepted,d455a987-2cdc-4386-bf01-b933ee808b13,7.1,2026-09-01T23:00:00+00:00,7.1,84360
2026-09-02,da_nang,accepted,d455a987-2cdc-4386-bf01-b933ee808b13,10.7,2026-09-02T00:00:00+00:00,10.7,84361
2026-09-02,da_nang,accepted,d455a987-2cdc-4386-bf01-b933ee808b13,12.3,2026-09-02T01:00:00+00:00,12.3,84362
2026-09-02,da_nang,accepted,d455a987-2cdc-4386-bf01-b933ee808b13,9.1,2026-09-02T02:00:00+00:00,9.1,84363
2026-09-02,da_nang,accepted,d455a987-2cdc-4386-bf01-b933ee808b13,9.6,2026-09-02T03:00:00+00:00,9.6,84364
2026-09-02,da_nang,accepted,d455a987-2cdc-4386-bf01-b933ee808b13,9.1,2026-09-02T04:00:00+00:00,9.1,84365
2026-09-02,da_nang,accepted,d455a987-2cdc-4386-bf01-b933ee808b13,9.4,2026-09-02T05:00:00+00:00,9.4,84366
2026-09-02,da_nang,accepted,d455a987-2cdc-4386-bf01-b933ee808b13,12.0,2026-09-02T06:00:00+00:00,12.0,84367
2026-09-02,da_nang,accepted,d455a987-2cdc-4386-bf01-b933ee808b13,13.5,2026-09-02T07:00:00+00:00,13.5,84368
2026-09-02,da_nang,accepted,d455a987-2cdc-4386-bf01-b933ee808b13,14.3,2026-09-02T08:00:00+00:00,14.3,84369
2026-09-02,da_nang,accepted,d455a987-2cdc-4386-bf01-b933ee808b13,13.6,2026-09-02T09:00:00+00:00,13.6,84370
2026-09-02,da_nang,accepted,d455a987-2cdc-4386-bf01-b933ee808b13,14.4,2026-09-02T10:00:00+00:00,14.4,84371
2026-09-02,da_nang,accepted,d455a987-2cdc-4386-bf01-b933ee808b13,15.4,2026-09-02T11:00:00+00:00,15.4,84372
2026-09-02,da_nang,accepted,d455a987-2cdc-4386-bf01-b933ee808b13,18.9,2026-09-02T12:00:00+00:00,18.9,84373
2026-09-02,da_nang,accepted,d455a987-2cdc-4386-bf01-b933ee808b13,18.5,2026-09-02T13:00:00+00:00,18.5,84374
2026-09-02,da_nang,accepted,d455a987-2cdc-4386-bf01-b933ee808b13,20.0,2026-09-02T14:00:00+00:00,20.0,84375
2026-09-02,da_nang,accepted,d455a987-2cdc-4386-bf01-b933ee808b13,19.6,2026-09-02T15:00:00+00:00,19.6,84376
2026-09-02,da_nang,accepted,d455a987-2cdc-4386-bf01-b933ee808b13,19.7,2026-09-02T16:00:00+00:00,19.7,84377
2026-09-03,da_nang,accepted,d455a987-2cdc-4386-bf01-b933ee808b13,19.6,2026-09-02T17:00:00+00:00,19.6,84378
2026-09-03,da_nang,accepted,d455a987-2cdc-4386-bf01-b933ee808b13,19.7,2026-09-02T18:00:00+00:00,19.7,84379
2026-09-03,da_nang,accepted,d455a987-2cdc-4386-bf01-b933ee808b13,19.7,2026-09-02T19:00:00+00:00,19.7,84380
2026-09-03,da_nang,accepted,d455a987-2cdc-4386-bf01-b933ee808b13,19.6,2026-09-02T20:00:00+00:00,19.6,84381
2026-09-03,da_nang,accepted,d455a987-2cdc-4386-bf01-b933ee808b13,19.2,2026-09-02T21:00:00+00:00,19.2,84382
2026-09-03,da_nang,accepted,d455a987-2cdc-4386-bf01-b933ee808b13,19.0,2026-09-02T22:00:00+00:00,19.0,84383
2026-09-03,da_nang,accepted,d455a987-2cdc-4386-bf01-b933ee808b13,19.7,2026-09-02T23:00:00+00:00,19.7,84384
2026-09-03,da_nang,accepted,d455a987-2cdc-4386-bf01-b933ee808b13,21.2,2026-09-03T00:00:00+00:00,21.2,84385
2026-09-03,da_nang,accepted,d455a987-2cdc-4386-bf01-b933ee808b13,22.2,2026-09-03T01:00:00+00:00,22.2,84386
2026-09-03,da_nang,accepted,d455a987-2cdc-4386-bf01-b933ee808b13,21.6,2026-09-03T02:00:00+00:00,21.6,84387
2026-09-03,da_nang,accepted,d455a987-2cdc-4386-bf01-b933ee808b13,21.3,2026-09-03T03:00:00+00:00,21.3,84388
2026-09-03,da_nang,accepted,d455a987-2cdc-4386-bf01-b933ee808b13,21.7,2026-09-03T04:00:00+00:00,21.7,84389
2026-09-03,da_nang,accepted,d455a987-2cdc-4386-bf01-b933ee808b13,22.4,2026-09-03T05:00:00+00:00,22.4,84390
2026-09-03,da_nang,accepted,d455a987-2cdc-4386-bf01-b933ee808b13,23.4,2026-09-03T06:00:00+00:00,23.4,84391
2026-09-03,da_nang,accepted,d455a987-2cdc-4386-bf01-b933ee808b13,24.0,2026-09-03T07:00:00+00:00,24.0,84392
2026-09-03,da_nang,accepted,d455a987-2cdc-4386-bf01-b933ee808b13,24.0,2026-09-03T08:00:00+00:00,24.0,84393
2026-09-03,da_nang,accepted,d455a987-2cdc-4386-bf01-b933ee808b13,23.3,2026-09-03T09:00:00+00:00,23.3,84394
2026-09-03,da_nang,accepted,d455a987-2cdc-4386-bf01-b933ee808b13,23.3,2026-09-03T10:00:00+00:00,23.3,84395
2026-09-03,da_nang,accepted,d455a987-2cdc-4386-bf01-b933ee808b13,24.6,2026-09-03T11:00:00+00:00,24.6,84396
2026-09-03,da_nang,accepted,d455a987-2cdc-4386-bf01-b933ee808b13,27.0,2026-09-03T12:00:00+00:00,27.0,84397
2026-09-03,da_nang,accepted,d455a987-2cdc-4386-bf01-b933ee808b13,29.7,2026-09-03T13:00:00+00:00,29.7,84398
2026-09-03,da_nang,accepted,d455a987-2cdc-4386-bf01-b933ee808b13,31.8,2026-09-03T14:00:00+00:00,31.8,84399
2026-09-03,da_nang,accepted,d455a987-2cdc-4386-bf01-b933ee808b13,32.0,2026-09-03T15:00:00+00:00,32.0,84400
2026-09-03,da_nang,accepted,d455a987-2cdc-4386-bf01-b933ee808b13,34.0,2026-09-03T16:00:00+00:00,34.0,84401
2026-09-04,da_nang,accepted,d455a987-2cdc-4386-bf01-b933ee808b13,35.2,2026-09-03T17:00:00+00:00,35.2,84402
2026-09-04,da_nang,accepted,d455a987-2cdc-4386-bf01-b933ee808b13,35.4,2026-09-03T18:00:00+00:00,35.4,84403
2026-09-04,da_nang,accepted,d455a987-2cdc-4386-bf01-b933ee808b13,35.3,2026-09-03T19:00:00+00:00,35.3,84404
2026-09-04,da_nang,accepted,d455a987-2cdc-4386-bf01-b933ee808b13,35.2,2026-09-03T20:00:00+00:00,35.2,84405
2026-09-04,da_nang,accepted,d455a987-2cdc-4386-bf01-b933ee808b13,34.5,2026-09-03T21:00:00+00:00,34.5,84406
2026-09-04,da_nang,accepted,d455a987-2cdc-4386-bf01-b933ee808b13,32.8,2026-09-03T22:00:00+00:00,32.8,84407
2026-09-04,da_nang,accepted,d455a987-2cdc-4386-bf01-b933ee808b13,30.9,2026-09-03T23:00:00+00:00,30.9,84408
2026-09-04,da_nang,accepted,d455a987-2cdc-4386-bf01-b933ee808b13,12.4,2026-09-04T00:00:00+00:00,12.4,84409
2026-09-04,da_nang,accepted,d455a987-2cdc-4386-bf01-b933ee808b13,15.0,2026-09-04T01:00:00+00:00,15.0,84410
2026-09-04,da_nang,accepted,d455a987-2cdc-4386-bf01-b933ee808b13,15.7,2026-09-04T02:00:00+00:00,15.7,84411
2026-09-04,da_nang,accepted,d455a987-2cdc-4386-bf01-b933ee808b13,17.4,2026-09-04T03:00:00+00:00,17.4,84412
2026-09-04,da_nang,accepted,d455a987-2cdc-4386-bf01-b933ee808b13,20.5,2026-09-04T04:00:00+00:00,20.5,84413
2026-09-04,da_nang,accepted,d455a987-2cdc-4386-bf01-b933ee808b13,25.9,2026-09-04T05:00:00+00:00,25.9,84414
2026-09-04,da_nang,accepted,d455a987-2cdc-4386-bf01-b933ee808b13,31.1,2026-09-04T06:00:00+00:00,31.1,84415
2026-09-04,da_nang,accepted,d455a987-2cdc-4386-bf01-b933ee808b13,32.7,2026-09-04T07:00:00+00:00,32.7,84416
2026-09-04,da_nang,accepted,d455a987-2cdc-4386-bf01-b933ee808b13,30.9,2026-09-04T08:00:00+00:00,30.9,84417
2026-09-04,da_nang,accepted,d455a987-2cdc-4386-bf01-b933ee808b13,26.3,2026-09-04T09:00:00+00:00,26.3,84418
2026-09-04,da_nang,accepted,d455a987-2cdc-4386-bf01-b933ee808b13,22.1,2026-09-04T10:00:00+00:00,22.1,84419
2026-09-04,da_nang,accepted,d455a987-2cdc-4386-bf01-b933ee808b13,20.0,2026-09-04T11:00:00+00:00,20.0,84420
2026-09-04,da_nang,accepted,d455a987-2cdc-4386-bf01-b933ee808b13,32.2,2026-09-04T12:00:00+00:00,32.2,84421
2026-09-04,da_nang,accepted,d455a987-2cdc-4386-bf01-b933ee808b13,32.9,2026-09-04T13:00:00+00:00,32.9,84422
2026-09-04,da_nang,accepted,d455a987-2cdc-4386-bf01-b933ee808b13,35.4,2026-09-04T14:00:00+00:00,35.4,84423
2026-09-04,da_nang,accepted,d455a987-2cdc-4386-bf01-b933ee808b13,36.4,2026-09-04T15:00:00+00:00,36.4,84424
2026-09-04,da_nang,accepted,d455a987-2cdc-4386-bf01-b933ee808b13,39.1,2026-09-04T16:00:00+00:00,39.1,84425
2026-09-05,da_nang,accepted,d455a987-2cdc-4386-bf01-b933ee808b13,38.5,2026-09-04T17:00:00+00:00,38.5,84426
2026-09-05,da_nang,accepted,d455a987-2cdc-4386-bf01-b933ee808b13,32.6,2026-09-04T18:00:00+00:00,32.6,84427
2026-09-05,da_nang,accepted,d455a987-2cdc-4386-bf01-b933ee808b13,25.9,2026-09-04T19:00:00+00:00,25.9,84428
2026-09-05,da_nang,accepted,d455a987-2cdc-4386-bf01-b933ee808b13,20.5,2026-09-04T20:00:00+00:00,20.5,84429
2026-09-05,da_nang,accepted,d455a987-2cdc-4386-bf01-b933ee808b13,17.3,2026-09-04T21:00:00+00:00,17.3,84430
2026-09-05,da_nang,accepted,d455a987-2cdc-4386-bf01-b933ee808b13,15.7,2026-09-04T22:00:00+00:00,15.7,84431
2026-09-05,da_nang,accepted,d455a987-2cdc-4386-bf01-b933ee808b13,14.5,2026-09-04T23:00:00+00:00,14.5,84432
2026-09-05,da_nang,accepted,d455a987-2cdc-4386-bf01-b933ee808b13,21.9,2026-09-05T00:00:00+00:00,21.9,84433
2026-09-05,da_nang,accepted,d455a987-2cdc-4386-bf01-b933ee808b13,22.4,2026-09-05T01:00:00+00:00,22.4,84434
2026-09-05,da_nang,accepted,d455a987-2cdc-4386-bf01-b933ee808b13,22.9,2026-09-05T02:00:00+00:00,22.9,84435
2026-09-05,da_nang,accepted,d455a987-2cdc-4386-bf01-b933ee808b13,24.4,2026-09-05T03:00:00+00:00,24.4,84436
2026-09-05,da_nang,accepted,d455a987-2cdc-4386-bf01-b933ee808b13,25.1,2026-09-05T04:00:00+00:00,25.1,84437
2026-09-05,da_nang,accepted,d455a987-2cdc-4386-bf01-b933ee808b13,24.7,2026-09-05T05:00:00+00:00,24.7,84438
2026-09-05,da_nang,accepted,d455a987-2cdc-4386-bf01-b933ee808b13,21.1,2026-09-05T06:00:00+00:00,21.1,84439
2026-09-05,da_nang,accepted,d455a987-2cdc-4386-bf01-b933ee808b13,15.7,2026-09-05T07:00:00+00:00,15.7,84440
2026-09-05,da_nang,accepted,d455a987-2cdc-4386-bf01-b933ee808b13,17.7,2026-09-05T08:00:00+00:00,17.7,84441
2026-09-05,da_nang,accepted,d455a987-2cdc-4386-bf01-b933ee808b13,24.4,2026-09-05T09:00:00+00:00,24.4,84442
2026-09-05,da_nang,accepted,d455a987-2cdc-4386-bf01-b933ee808b13,27.8,2026-09-05T10:00:00+00:00,27.8,84443
2026-09-05,da_nang,accepted,d455a987-2cdc-4386-bf01-b933ee808b13,31.1,2026-09-05T11:00:00+00:00,31.1,84444
2026-09-05,da_nang,accepted,d455a987-2cdc-4386-bf01-b933ee808b13,28.1,2026-09-05T12:00:00+00:00,28.1,84445
2026-09-05,da_nang,accepted,d455a987-2cdc-4386-bf01-b933ee808b13,27.6,2026-09-05T13:00:00+00:00,27.6,84446
2026-09-05,da_nang,accepted,d455a987-2cdc-4386-bf01-b933ee808b13,26.6,2026-09-05T14:00:00+00:00,26.6,84447
2026-09-05,da_nang,accepted,d455a987-2cdc-4386-bf01-b933ee808b13,26.5,2026-09-05T15:00:00+00:00,26.5,84448
2026-09-05,da_nang,accepted,d455a987-2cdc-4386-bf01-b933ee808b13,27.9,2026-09-05T16:00:00+00:00,27.9,84449
2026-09-06,da_nang,accepted,d455a987-2cdc-4386-bf01-b933ee808b13,27.0,2026-09-05T17:00:00+00:00,27.0,84450
2026-09-06,da_nang,accepted,d455a987-2cdc-4386-bf01-b933ee808b13,26.2,2026-09-05T18:00:00+00:00,26.2,84451
2026-09-06,da_nang,accepted,d455a987-2cdc-4386-bf01-b933ee808b13,24.6,2026-09-05T19:00:00+00:00,24.6,84452
2026-09-06,da_nang,accepted,d455a987-2cdc-4386-bf01-b933ee808b13,24.7,2026-09-05T20:00:00+00:00,24.7,84453
2026-09-06,da_nang,accepted,d455a987-2cdc-4386-bf01-b933ee808b13,25.3,2026-09-05T21:00:00+00:00,25.3,84454
2026-09-06,da_nang,accepted,d455a987-2cdc-4386-bf01-b933ee808b13,25.8,2026-09-05T22:00:00+00:00,25.8,84455
2026-09-06,da_nang,accepted,d455a987-2cdc-4386-bf01-b933ee808b13,25.7,2026-09-05T23:00:00+00:00,25.7,84456
